payment_id,invoice_id,payment_date,amount_paid
1,7557,2023-11-04,30.45
2,18297,2024-08-10,9.45
3,8244,2023-12-12,30.45
4,12624,2023-10-03,30.45
5,16757,2024-11-08,9.45
6,4101,2023-08-02,82.95
7,5900,2024-11-11,82.95
8,2504,2024-02-08,9.45
9,19386,2023-03-07,30.45
10,7786,2023-09-06,30.45
11,18477,2024-02-09,9.45
12,18461,2024-10-05,30.45
13,6853,2024-07-09,82.95
14,10726,2024-09-06,9.45
15,14288,2024-05-04,9.45
16,1949,2024-02-08,82.95
17,848,2024-04-06,30.45
18,8285,2024-10-07,82.95
19,2844,2023-08-10,9.45
20,9303,2024-10-01,30.45
21,3537,2024-12-08,9.45
22,13767,2024-09-07,9.45
23,7643,2024-12-05,9.45
24,17964,2024-06-10,30.45
25,17934,2024-12-06,9.45
26,12111,2024-05-01,30.45
27,13136,2024-07-01,30.45
28,13609,2024-02-12,82.95
29,8250,2024-06-04,30.45
30,19802,2024-10-03,30.45
31,6393,2023-11-04,82.95
32,19815,2024-04-03,30.45
33,5903,2023-11-10,30.45
34,18673,2023-09-03,82.95
35,5770,2023-10-04,30.45
36,19221,2024-07-06,82.95
37,14904,2024-08-08,30.45
38,16276,2023-06-11,9.45
39,14607,2024-02-11,208.95
40,13482,2024-03-09,9.45
41,16412,2024-09-11,9.45
42,6935,2024-02-04,9.45
43,8208,2023-05-02,9.45
44,18303,2023-09-05,30.45
45,11557,2024-08-09,9.45
46,6857,2024-11-07,82.95
47,4149,2023-08-04,30.45
48,15398,2024-11-06,9.45
49,14943,2024-08-05,9.45
50,5357,2023-09-08,82.95
51,13219,2024-10-05,30.45
52,18123,2024-04-03,30.45
53,15157,2023-06-08,208.95
54,255,2024-10-07,208.95
55,18332,2023-10-05,9.45
56,18921,2024-11-02,30.45
57,20072,,30.45
58,14707,2024-06-09,9.45
59,13657,2024-09-04,9.45
60,7401,2023-09-04,9.45
61,19706,2024-01-08,9.45
62,1680,2024-08-05,30.45
63,2275,2023-09-09,9.45
64,14125,2024-03-10,30.45
65,3022,2023-08-06,30.45
66,15245,2024-08-03,30.45
67,20254,2023-08-24,82.95
68,10824,2023-07-11,30.45
69,1045,2023-08-10,208.95
70,8667,2024-04-02,9.45
71,5235,2023-08-05,9.45
72,17840,2023-12-02,30.45
73,16261,2024-09-07,208.95
74,1288,2023-11-05,9.45
75,20257,2023-08-02,502.49
76,18723,2024-03-10,82.95
77,12405,2024-12-06,208.95
78,9392,2024-12-09,9.45
79,5026,2024-05-08,9.45
80,11421,2024-11-06,9.45
81,14872,2024-04-10,9.45
82,14655,2023-07-05,9.45
83,19467,2023-11-06,208.95
84,7957,2023-12-02,30.45
85,17867,2024-02-06,30.45
86,14016,2024-01-07,9.45
87,8870,2024-06-03,9.45
88,14171,2023-06-11,82.95
89,16795,2024-10-10,9.45
90,16356,2024-05-05,82.95
91,16824,2024-10-07,82.95
92,16114,2024-10-02,9.45
93,9750,2024-05-02,30.45
94,5638,2023-11-06,30.45
95,17769,2024-11-07,82.95
96,4312,2023-12-01,82.95
97,1274,2024-09-09,9.45
98,2877,2023-09-10,30.45
99,1253,2024-05-10,82.95
100,5483,2024-11-05,9.45
101,11109,2024-05-08,9.45
102,2214,2023-12-03,30.45
103,8248,2024-04-10,30.45
104,15336,2023-04-03,30.45
105,11863,2023-09-09,30.45
106,13664,2024-05-03,9.45
107,4532,2023-12-11,30.45
108,6949,2023-07-07,30.45
109,7952,2023-07-06,30.45
110,14589,2024-05-07,30.45
111,9239,2023-10-05,30.45
112,5278,2024-05-09,9.45
113,609,2024-04-04,30.45
114,7500,2024-10-03,82.95
115,10957,2024-04-06,82.95
116,13492,2023-12-12,82.95
117,1768,2024-11-03,30.45
118,18076,2024-05-04,30.45
119,10180,2024-07-07,9.45
120,517,2024-09-03,82.95
121,8617,2023-01-01,82.95
122,14525,2024-08-06,30.45
123,17153,2024-08-02,208.95
124,6429,2024-04-07,82.95
125,2139,2024-12-04,30.45
126,7846,2024-07-07,82.95
127,7039,2023-07-11,30.45
128,6627,2024-10-08,30.45
129,20290,2024-06-11,9.45
130,9208,2023-11-10,9.45
131,12756,2024-02-01,9.45
132,7485,2024-03-08,30.45
133,8745,2023-12-03,30.45
134,2446,2023-05-11,82.95
135,17873,2024-08-09,30.45
136,17650,2024-09-02,82.95
137,6796,2024-10-07,30.45
138,9891,2023-11-08,9.45
139,1894,2024-04-09,30.45
140,14020,2024-05-01,9.45
141,14964,2024-05-08,82.95
142,12769,2024-08-06,9.45
143,7946,2024-09-10,9.45
144,18773,2024-12-11,9.45
145,16892,2024-08-03,9.45
146,16355,2024-04-01,82.95
147,8096,2024-05-07,208.95
148,1001,2023-12-06,30.45
149,15352,2024-08-07,30.45
150,7011,2024-09-09,82.95
151,19344,2024-11-06,9.45
152,10213,2023-09-11,30.45
153,9412,2024-05-09,30.45
154,5652,2024-03-10,30.45
155,8968,2023-04-09,30.45
156,17180,2024-10-04,9.45
157,5786,2023-11-02,82.95
158,2822,2024-08-08,9.45
159,15473,2024-04-05,9.45
160,15294,2023-04-09,82.95
161,15204,2024-12-11,82.95
162,8989,2024-08-04,82.95
163,18824,2023-10-08,9.45
164,10308,2024-08-06,9.45
165,11980,2024-11-01,9.45
166,16614,2024-10-10,9.45
167,2903,,9.45
168,506,2023-10-02,82.95
169,17748,2023-10-02,9.45
170,17186,2024-08-07,9.45
171,159,2024-02-08,9.45
172,18260,2024-07-12,9.45
173,19053,2024-03-19,82.95
174,18995,2024-12-05,9.45
175,19268,2024-08-03,30.45
176,11720,2024-12-04,9.45
177,16959,2023-08-02,30.45
178,11827,2024-09-07,208.95
179,11860,2024-12-10,9.45
180,5171,2024-07-08,208.95
181,12887,2024-01-06,30.45
182,20111,2024-02-11,208.95
183,913824,2024-07-12,30.45
184,7581,2024-06-04,9.45
185,14436,2024-11-05,30.45
186,11957,2023-07-02,9.45
187,16593,2024-12-03,82.95
188,9007,2024-04-10,9.45
189,2646,2023-06-02,9.45
190,6182,2023-10-10,30.45
191,5668,2023-08-03,208.95
192,13892,2023-05-08,9.45
193,17780,2024-08-04,82.95
194,9441,2024-11-03,9.45
195,17771,2023-11-03,82.95
196,1292,2024-03-06,9.45
197,16648,2024-05-03,208.95
198,8923,2023-10-07,30.45
199,9949,2024-08-09,9.45
200,3393,2024-09-02,30.45
201,8153,2024-10-03,30.45
202,4621,2024-01-03,9.45
203,9887,2024-09-02,9.45
204,12500,2023-06-07,9.45
205,8977,2024-01-06,30.45
206,1306,2023-08-10,9.45
207,13296,2024-07-02,9.45
208,9265,2024-04-08,82.95
209,5706,2023-10-07,82.95
210,11592,2024-08-07,208.95
211,731,2024-07-04,208.95
212,15228,2024-03-10,82.95
213,18225,2024-11-10,30.45
214,5279,2024-06-03,9.45
215,16373,2023-12-06,208.95
216,17498,2024-04-09,30.45
217,15233,2024-08-11,82.95
218,18361,2024-05-09,9.45
219,7720,2024-03-11,9.45
220,7338,2024-01-08,30.45
221,17977,2023-08-08,30.45
222,15660,2023-07-02,30.45
223,15987,,9.45
224,14754,2023-09-03,30.45
225,13048,2023-12-06,9.45
226,11854,2024-06-07,9.45
227,11404,2024-12-11,30.45
228,4582,2023-08-08,9.45
229,894,2024-12-05,208.95
230,12853,2023-09-03,82.95
231,11086,2024-05-07,30.45
232,14851,2024-07-03,208.95
233,1358,2024-06-12,30.45
234,2312,2023-07-04,82.95
235,16299,2024-01-06,9.45
236,15799,2024-02-07,208.95
237,5339,,30.45
238,2742,2024-09-10,30.45
239,3867,2024-03-07,82.95
240,6769,2024-12-07,82.95
241,4961,2024-05-07,30.45
242,14535,2023-10-08,30.45
243,2763,2024-09-10,9.45
244,4612,2023-04-05,9.45
245,3933,2024-11-05,30.45
246,18985,2024-12-05,82.95
247,2723,2024-11-04,30.45
248,15433,2024-10-08,208.95
249,9822,2024-03-04,9.45
250,9286,2024-12-12,9.45
251,4960,2024-04-04,30.45
252,6558,2024-11-10,30.45
253,13719,2024-05-01,30.45
254,18963,2024-11-08,30.45
255,10418,2023-12-05,9.45
256,13648,2023-12-04,9.45
257,11841,2024-12-10,30.45
258,16775,2024-09-10,82.95
259,14312,2024-02-09,9.45
260,10954,2024-01-03,82.95
261,12691,2024-12-08,30.45
262,17637,2024-09-09,82.95
263,16446,2023-07-02,82.95
264,14041,2024-10-11,208.95
265,5109,2024-10-06,9.45
266,4721,2024-06-02,30.45
267,3924,2024-02-04,30.45
268,18534,2024-12-11,208.95
269,13168,2024-11-08,82.95
270,7316,2024-04-09,9.45
271,6685,2023-07-10,9.45
272,1351,2024-07-05,208.95
273,12293,2024-05-04,9.45
274,12001,2024-11-04,9.45
275,12747,2024-10-03,208.95
276,16741,2024-08-05,9.45
277,13041,2024-10-05,30.45
278,1410,2024-03-11,9.45
279,8613,2024-12-08,9.45
280,8608,2024-04-02,9.45
281,13083,2023-07-04,9.45
282,1905,2023-05-09,208.95
283,8315,2024-11-06,9.45
284,13808,2023-12-08,9.45
285,14883,2023-08-06,82.95
286,6299,2023-08-03,30.45
287,6264,2023-12-09,30.45
288,17518,2024-06-06,82.95
289,15382,2024-09-01,9.45
290,15607,2024-04-04,30.45
291,4674,2023-06-03,9.45
292,15365,2024-12-07,9.45
293,19325,2024-09-05,30.45
294,2920,2024-10-10,82.95
295,7788,2023-11-08,30.45
296,8265,2023-11-09,30.45
297,13011,2024-05-03,9.45
298,13661,2024-02-06,9.45
299,18676,2023-12-11,82.95
300,5380,2024-01-06,30.45
301,15860,2024-03-07,9.45
302,8030,2024-10-11,82.95
303,12711,2024-12-01,30.45
304,17016,2024-08-10,82.95
305,7799,2024-10-04,30.45
306,8187,2024-09-07,30.45
307,13066,2023-12-05,30.45
308,7483,2024-01-06,30.45
309,12871,2024-06-11,9.45
310,7725,2024-08-04,9.45
311,17049,2024-01-02,30.45
312,13407,2024-05-01,208.95
313,15417,2024-10-08,30.45
314,10463,2024-06-10,82.95
315,16745,2024-12-05,9.45
316,9325,2024-12-07,82.95
317,5333,2024-11-07,82.95
318,19614,2024-02-05,9.45
319,5818,2024-04-05,82.95
320,4188,2024-12-04,9.45
321,9805,2024-10-08,30.45
322,16494,2024-12-01,30.45
323,20115,2024-06-05,208.95
324,18505,2023-01-10,30.45
325,17031,2023-12-05,9.45
326,10748,2024-01-09,208.95
327,3982,2024-08-12,9.45
328,153,2023-08-04,9.45
329,10029,2024-01-06,9.45
330,8037,2024-08-09,9.45
331,6116,2023-08-07,82.95
332,5660,2024-11-03,30.45
333,5547,2024-08-10,9.45
334,10542,2024-12-08,82.95
335,17569,2024-05-06,30.45
336,8821,2024-07-02,82.95
337,5755,2024-06-11,30.45
338,13417,2024-10-13,82.95
339,3693,2024-08-11,9.45
340,11723,2023-09-07,9.45
341,1187,2024-01-02,9.45
342,9364,2024-09-11,82.95
343,15830,2023-12-02,9.45
344,3024,2023-10-08,30.45
345,20210,2024-08-12,9.45
346,18171,2024-03-06,9.45
347,7862,2024-05-06,9.45
348,17370,2024-04-12,30.45
349,6986,2024-08-04,82.95
350,3807,2023-12-04,82.95
351,10480,2024-08-04,9.45
352,449,2024-12-04,9.45
353,11056,2023-09-09,9.45
354,10573,2024-06-05,9.45
355,18877,2023-12-07,82.95
356,5102,2024-03-12,9.45
357,16979,2023-04-02,9.45
358,15793,2024-10-10,30.45
359,6054,2024-10-09,30.45
360,11351,2024-12-07,30.45
361,14063,2023-08-04,9.45
362,2005,2024-04-06,208.95
363,8662,2023-11-06,9.45
364,15786,2024-03-09,30.45
365,14420,2024-11-11,30.45
366,8386,2024-11-05,30.45
367,7657,2023-08-05,9.45
368,4822,2024-07-06,18.9
369,2793,2024-07-10,208.95
370,2854,2024-09-24,9.45
371,11933,2024-10-09,30.45
372,19353,2024-01-02,30.45
373,10201,2024-12-07,82.95
374,18802,2024-05-08,30.45
375,10051,2024-08-01,30.45
376,18110,2023-03-06,30.45
377,7243,2024-12-07,30.45
378,13213,2024-10-06,9.45
379,19270,2024-10-07,30.45
380,15097,2024-03-08,30.45
381,1822,2024-06-02,30.45
382,16513,2024-07-06,208.95
383,3999,2024-06-09,30.45
384,13144,2024-08-09,30.45
385,3046,2024-10-02,30.45
386,5256,2024-10-07,30.45
387,4905,2023-06-02,30.45
388,12870,2024-05-08,9.45
389,18537,2024-07-03,9.45
390,13696,2024-10-03,9.45
391,16015,2024-07-12,9.45
392,1438,2024-08-10,30.45
393,18223,2024-09-03,30.45
394,4557,2024-10-03,30.45
395,13388,2024-02-09,208.95
396,11068,2024-09-10,9.45
397,13512,2023-12-04,82.95
398,954,2023-11-08,9.45
399,3511,2024-03-07,9.45
400,13505,2023-05-08,82.95
401,919,2024-09-06,30.45
402,2789,2024-03-04,208.95
403,7882,2024-01-06,208.95
404,10137,2024-11-02,82.95
405,4535,2024-03-11,30.45
406,17787,2023-10-09,30.45
407,13251,2024-07-09,208.95
408,20510,2024-02-09,30.45
409,2336,2023-08-09,82.95
410,16579,2024-05-01,9.45
411,11604,2024-05-05,9.45
412,820,2024-01-12,30.45
413,11918,2024-12-09,82.95
414,3215,2024-01-01,9.45
415,10619,2024-05-03,30.45
416,16341,2024-12-09,82.95
417,11218,2023-12-08,30.45
418,3700,2023-04-09,30.45
419,11546,2023-12-04,9.45
420,18161,2024-06-10,30.45
421,10560,2023-11-09,82.95
422,1549,2024-09-06,9.45
423,10655,2024-03-03,30.45
424,17953,2023-07-01,30.45
425,13711,2023-09-05,30.45
426,9973,2024-09-02,9.45
427,4422,2024-12-09,30.45
428,15065,2024-10-01,30.45
429,17351,2023-06-05,30.45
430,14392,2024-05-08,208.95
431,3134,2023-04-08,82.95
432,7852,2023-07-07,9.45
433,14214,2024-11-07,9.45
434,19832,2024-09-02,208.95
435,9968,2024-04-08,9.45
436,17312,2023-09-09,9.45
437,11944,2024-08-06,9.45
438,12826,2024-11-10,82.95
439,18684,2024-08-09,82.95
440,9935,2024-09-01,82.95
441,6013,2024-01-03,9.45
442,4012,2024-03-09,208.95
443,710,2024-11-03,82.95
444,16930,2024-12-06,30.45
445,4246,2024-11-02,9.45
446,6304,2024-01-07,30.45
447,5859,2024-09-03,30.45
448,8325,2024-08-12,9.45
449,15484,2023-09-07,82.95
450,19359,2024-07-10,30.45
451,8591,2024-11-03,9.45
452,12879,2023-05-05,30.45
453,1714,2024-10-08,208.95
454,910498,2024-05-04,82.95
455,5611,2023-08-09,82.95
456,6538,2024-08-05,30.45
457,5884,2023-07-10,82.95
458,5607,2024-12-02,9.45
459,5516,2023-11-09,208.95
460,18268,2023-12-03,9.45
461,14847,2024-03-12,208.95
462,678,2024-02-02,9.45
463,9462,2023-07-05,9.45
464,13745,2024-10-10,30.45
465,1128,2024-02-09,30.45
466,4340,2023-09-05,9.45
467,19220,2024-06-01,82.95
468,13736,2024-01-04,30.45
469,6426,2024-01-09,82.95
470,15733,2024-05-09,82.95
471,4160,2024-07-10,30.45
472,17538,2023-07-07,30.45
473,16257,2024-05-11,208.95
474,18015,2024-10-08,82.95
475,988,2024-11-06,208.95
476,9063,2023-09-07,9.45
477,8474,2024-12-11,30.45
478,20004,2024-08-07,9.45
479,7073,2024-10-06,9.45
480,19096,2023-04-10,30.45
481,16334,2024-05-05,82.95
482,10095,2024-11-08,9.45
483,6027,2024-04-09,30.45
484,19514,2023-07-06,30.45
485,4654,2024-12-05,30.45
486,18201,,30.45
487,7521,2023-09-10,9.45
488,6185,2024-01-08,30.45
489,2459,2024-06-01,82.95
490,19943,2023-12-07,9.45
491,12464,2024-02-10,30.45
492,16474,2023-04-01,30.45
493,13819,2024-11-03,9.45
494,9048,2024-02-10,9.45
495,14400,2023-03-08,30.45
496,10533,2024-03-06,82.95
497,12045,2024-09-10,9.45
498,17609,2024-07-03,208.95
499,5606,2024-11-06,9.45
500,12168,2023-06-06,208.95
501,10508,2023-11-07,30.45
502,16895,2024-11-08,9.45
503,10913,2024-03-05,9.45
504,1183,2024-11-08,9.45
505,5033,2024-12-04,9.45
506,6757,2023-12-08,82.95
507,10348,2023-03-11,30.45
508,2856,2024-08-02,9.45
509,17207,2024-09-01,208.95
510,17288,2024-06-11,30.45
511,1900,2024-10-11,30.45
512,13135,2024-06-04,30.45
513,10925,2023-09-10,82.95
514,5925,2024-04-07,82.95
515,3111,2023-12-04,82.95
516,16184,2023-08-05,82.95
517,15756,2024-03-11,30.45
518,3929,2024-07-02,30.45
519,17906,2024-09-01,30.45
520,11848,2023-12-11,9.45
521,10679,2024-05-03,9.45
522,18704,2023-06-09,30.45
523,20419,2024-11-06,9.45
524,4680,2023-12-07,9.45
525,10361,2024-04-06,30.45
526,6605,2024-05-05,9.45
527,19768,2023-08-09,9.45
528,14574,2024-01-04,30.45
529,16983,2023-08-11,9.45
530,2836,2024-06-06,9.45
531,1760,2024-09-02,30.45
532,1793,2024-05-11,82.95
533,7831,2023-04-09,82.95
534,9123,2023-09-09,9.45
535,3245,2024-11-03,30.45
536,19934,2024-10-05,9.45
537,10236,2023-07-09,30.45
538,10178,2024-05-08,9.45
539,19846,2024-08-06,82.95
540,8023,2024-03-03,82.95
541,1322,2024-12-05,9.45
542,18569,2023-12-08,9.45
543,14410,2024-01-10,30.45
544,17916,2024-04-07,82.95
545,3446,2024-04-04,30.45
546,3,2024-01-01,30.45
547,17202,2024-02-05,30.45
548,18079,2024-08-07,30.45
549,6113,2023-05-11,82.95
550,5621,2024-06-05,82.95
551,19428,2024-06-04,30.45
552,6176,2023-04-08,30.45
553,613,2024-08-06,30.45
554,3743,2024-01-07,9.45
555,8856,2023-04-02,9.45
556,19711,2024-06-05,9.45
557,14447,2023-10-09,30.45
558,11996,2024-06-06,9.45
559,13925,2024-11-07,30.45
560,6714,2024-11-08,208.95
561,4144,2023-03-04,30.45
562,9925,2023-11-04,82.95
563,5061,2024-05-02,82.95
564,7141,2024-07-08,18.9
565,16117,2024-06-06,30.45
566,9249,2024-08-02,30.45
567,3416,2024-10-04,9.45
568,17548,2024-05-08,30.45
569,15121,2024-09-08,82.95
570,8206,2023-03-08,9.45
571,12471,2024-09-03,30.45
572,7899,2023-09-07,82.95
573,15043,2023-11-04,9.45
574,5391,2023-09-05,82.95
575,5268,2024-03-01,9.45
576,4723,2024-08-11,30.45
577,6753,2023-08-02,82.95
578,421,2024-02-09,9.45
579,2638,2024-06-03,9.45
580,1647,2024-08-04,9.45
581,2622,2024-08-05,9.45
582,12961,2024-03-05,30.45
583,6361,2024-09-08,30.45
584,16292,2024-10-09,9.45
585,661,2024-07-03,9.45
586,7055,2024-11-03,30.45
587,3795,2024-07-06,82.95
588,15422,2023-11-11,208.95
589,9577,2023-09-04,82.95
590,14848,2024-04-11,208.95
591,15934,2023-11-07,9.45
592,8212,2023-09-02,9.45
593,9072,2024-06-11,9.45
594,372,2024-06-07,30.45
595,19184,2023-08-07,82.95
596,11825,2024-07-08,208.95
597,1064,2024-04-08,30.45
598,11676,2023-08-03,30.45
599,7078,2024-10-12,30.45
600,11983,2023-05-03,9.45
601,20518,2024-05-02,9.45
602,12161,2024-11-01,30.45
603,5560,2023-12-03,208.95
604,18489,2023-09-07,9.45
605,19814,2024-03-02,30.45
606,10751,2024-04-08,208.95
607,9701,2024-02-06,82.95
608,2324,2024-07-08,82.95
609,9183,2024-06-11,30.45
610,15980,2023-09-05,9.45
611,18181,2024-08-04,30.45
612,15388,2024-01-05,9.45
613,9189,2024-12-06,30.45
614,5909,2024-05-08,30.45
615,14103,2024-12-09,9.45
616,8439,2024-01-04,30.45
617,6044,2023-12-08,30.45
618,19004,2023-12-02,9.45
619,9716,2024-05-08,9.45
620,3571,2023-07-06,9.45
621,11694,2024-08-04,9.45
622,15531,2023-03-12,9.45
623,6564,2023-06-11,30.45
624,391,2024-07-07,30.45
625,15820,2024-09-02,9.45
626,16582,2024-08-04,9.45
627,5457,2024-06-01,82.95
628,14021,2024-06-05,9.45
629,14184,2024-07-09,82.95
630,5445,2023-06-08,82.95
631,12300,2024-12-10,9.45
632,8771,2024-04-05,30.45
633,3748,2024-06-07,9.45
634,12296,2024-08-04,9.45
635,11439,,30.45
636,637,2023-12-10,9.45
637,8770,2024-03-04,30.45
638,20015,2023-08-08,9.45
639,1476,2023-08-03,82.95
640,946,2024-06-12,30.45
641,6461,2024-10-04,30.45
642,7940,2024-03-08,9.45
643,11083,2024-02-07,30.45
644,12676,2024-12-09,208.95
645,8706,2024-11-11,9.45
646,17848,2024-08-03,30.45
647,3123,2024-12-08,82.95
648,18862,2024-09-05,30.45
649,6989,2024-11-07,82.95
650,19564,2024-01-03,9.45
651,17185,2024-07-06,9.45
652,3338,2024-12-05,9.45
653,17751,2024-01-08,9.45
654,845,2024-01-06,30.45
655,11139,2024-12-08,30.45
656,10510,2024-01-11,30.45
657,9608,2024-08-12,82.95
658,410,2024-02-04,9.45
659,1851,2024-05-11,30.45
660,5822,,82.95
661,4066,2024-05-10,9.45
662,6202,2024-12-10,30.45
663,16841,2023-08-06,82.95
664,19029,2024-06-11,9.45
665,16832,2024-08-12,30.45
666,11320,2024-09-08,9.45
667,19778,2024-06-05,9.45
668,18081,2024-10-09,30.45
669,7929,2023-06-03,9.45
670,2786,2023-12-03,208.95
671,17194,2023-06-09,30.45
672,9667,2024-06-04,9.45
673,7126,2024-11-06,30.45
674,917508,2023-08-06,82.95
675,9018,2024-08-09,9.45
676,17623,2024-10-02,30.45
677,8407,2024-12-09,9.45
678,14632,2024-03-09,9.45
679,13861,2023-10-04,30.45
680,19704,2023-11-07,9.45
681,890,2024-08-02,208.95
682,8084,2023-05-05,208.95
683,8854,2023-02-03,9.45
684,9904,2024-12-02,9.45
685,12556,2023-11-09,82.95
686,10541,2024-11-08,82.95
687,8962,2024-09-03,9.45
688,13979,2024-03-11,9.45
689,10337,2024-04-05,9.45
690,10741,2023-06-10,208.95
691,11047,2024-11-04,208.95
692,9090,2023-04-07,9.45
693,6253,2024-07-05,82.95
694,10705,2024-10-08,9.45
695,11725,2023-11-08,9.45
696,10795,2024-11-03,82.95
697,8956,2024-03-06,9.45
698,10153,2023-11-12,82.95
699,11620,2024-07-07,208.95
700,5042,2023-09-03,82.95
701,4645,2024-03-07,30.45
702,10745,2023-10-04,208.95
703,11232,2024-01-10,82.95
704,1495,2024-09-04,9.45
705,887,2024-05-10,208.95
706,10870,2024-06-04,82.95
707,11362,2023-12-02,82.95
708,11193,2024-08-09,82.95
709,17974,2023-05-02,30.45
710,14150,2023-06-06,9.45
711,7260,2024-09-09,208.95
712,20303,2024-04-03,9.45
713,2224,2024-10-08,30.45
714,16917,2024-09-02,30.45
715,16889,2024-05-01,9.45
716,15364,2024-11-07,9.45
717,220,2024-06-02,82.95
718,226,2024-12-03,82.95
719,1312,2024-02-06,9.45
720,3600,2024-07-09,9.45
721,12038,2024-02-02,9.45
722,2059,2024-02-11,9.45
723,16399,2024-10-06,9.45
724,10334,2024-01-07,9.45
725,6141,2023-10-05,9.45
726,15358,2024-05-04,9.45
727,4780,2023-06-11,9.45
728,15602,2023-11-03,30.45
729,14874,2024-06-03,9.45
730,11390,2024-07-08,9.45
731,15691,2024-07-04,208.95
732,8103,2024-12-08,208.95
733,3103,2024-07-04,82.95
734,945,2024-05-05,30.45
735,16141,2024-01-08,208.95
736,18029,2023-08-05,82.95
737,20216,2024-03-07,9.45
738,18970,2023-09-06,82.95
739,7232,2024-03-01,30.45
740,4291,2024-12-02,9.45
741,10205,2024-07-05,9.45
742,2086,2024-04-09,82.95
743,3175,2024-05-01,9.45
744,14047,2024-02-02,9.45
745,962,2024-07-10,9.45
746,4590,2024-04-03,9.45
747,11882,2024-06-03,9.45
748,16350,2023-11-07,82.95
749,7502,2024-12-10,82.95
750,7631,2023-12-11,9.45
751,12538,2023-12-09,30.45
752,17224,2023-05-04,82.95
753,11000,2024-04-02,9.45
754,19085,2024-02-05,82.95
755,18779,2023-08-03,9.45
756,14180,2024-03-12,82.95
757,7915,2024-02-10,30.45
758,9130,2024-04-06,9.45
759,13616,2024-09-10,82.95
760,982,2024-05-11,208.95
761,1477,2023-09-10,82.95
762,18607,2024-12-10,9.45
763,12855,2023-11-07,82.95
764,18139,2024-11-09,30.45
765,1634,2023-07-06,9.45
766,19018,2024-08-09,30.45
767,5845,2024-11-11,9.45
768,11874,2024-08-05,30.45
769,8399,2024-04-02,9.45
770,7301,2024-10-03,9.45
771,17070,2024-01-08,9.45
772,1493,2024-07-04,9.45
773,10513,2024-04-10,30.45
774,5369,2024-09-04,82.95
775,15789,2024-06-06,30.45
776,15224,2024-10-09,9.45
777,5452,2024-01-02,82.95
778,2216,2024-02-06,30.45
779,8292,2024-04-10,82.95
780,3238,2024-04-10,30.45
781,9148,2024-12-04,82.95
782,17892,2024-09-08,82.95
783,1208,2023-09-10,30.45
784,13951,2023-11-07,9.45
785,8758,2024-11-03,9.45
786,10735,2023-06-09,9.45
787,18054,2023-09-06,9.45
788,11703,2023-07-04,9.45
789,20377,2024-06-12,9.45
790,14098,2024-07-07,9.45
791,5181,2024-06-02,9.45
792,15173,2024-10-03,208.95
793,14221,2024-01-11,30.45
794,5375,2023-08-10,30.45
795,16196,2024-08-11,82.95
796,6551,2024-04-10,30.45
797,4566,2023-12-01,82.95
798,4550,2024-03-10,30.45
799,19993,2024-02-08,30.45
800,11549,2024-03-04,9.45
801,18380,2024-01-09,30.45
802,13299,2024-10-07,9.45
803,18211,2024-09-08,30.45
804,9903,2024-11-02,9.45
805,13988,2024-12-01,9.45
806,5598,2024-03-07,9.45
807,10448,2023-03-03,82.95
808,944,2024-04-09,30.45
809,18480,2024-05-04,9.45
810,18404,2024-04-09,9.45
811,19232,2023-06-12,9.45
812,13782,2024-11-04,30.45
813,19552,2024-12-01,82.95
814,19610,2023-07-11,9.45
815,16703,2023-10-12,208.95
816,6612,2024-12-09,9.45
817,6082,2024-07-04,9.45
818,11930,2024-07-10,30.45
819,215,2024-12-03,208.95
820,5418,2023-12-10,9.45
821,3112,2024-01-04,82.95
822,10874,2024-10-12,82.95
823,16933,2024-04-02,82.95
824,11262,,9.45
825,19363,2024-11-02,30.45
826,19620,2024-05-07,9.45
827,17000,2023-04-02,82.95
828,11562,2023-09-09,9.45
829,115,2023-10-10,82.95
830,20367,2024-09-05,9.45
831,4589,2024-03-07,9.45
832,15077,2024-01-08,9.45
833,223,2024-09-09,82.95
834,1177,2024-05-02,9.45
835,6354,2024-11-09,9.45
836,19703,2023-10-02,9.45
837,8223,2024-08-06,9.45
838,3785,2023-10-05,82.95
839,6492,2023-11-03,82.95
840,7920,2024-07-03,60.9
841,10425,2024-07-11,9.45
842,4803,2024-09-04,9.45
843,17779,2024-07-03,82.95
844,6397,2024-03-05,82.95
845,18959,2024-07-10,30.45
846,11242,2024-11-05,82.95
847,13193,2023-08-02,82.95
848,15006,2024-02-02,9.45
849,18748,2024-01-08,30.45
850,17427,2023-07-11,9.45
851,13156,2023-11-11,82.95
852,8045,2024-01-05,9.45
853,16821,2024-07-12,165.9
854,19676,2024-10-04,9.45
855,18431,2024-02-03,9.45
856,10346,2023-01-08,30.45
857,8538,2024-09-05,30.45
858,3062,2024-09-08,9.45
859,922,2024-09-09,9.45
860,16092,2024-07-06,82.95
861,8586,2024-06-11,9.45
862,9087,2024-04-03,9.45
863,9220,2024-11-09,9.45
864,11994,2024-04-04,9.45
865,10788,2024-04-08,82.95
866,11158,2024-09-04,30.45
867,14888,2024-01-01,82.95
868,12365,2024-10-03,30.45
869,17023,2023-04-05,9.45
870,18212,2024-10-11,30.45
871,18599,2024-10-07,30.45
872,9343,2024-08-03,30.45
873,11663,2024-07-06,30.45
874,12562,,82.95
875,13426,2024-01-12,82.95
876,5520,2024-03-07,208.95
877,2184,2024-10-09,9.45
878,15351,2024-07-12,30.45
879,13563,2024-09-11,30.45
880,19356,2024-04-02,30.45
881,15721,2024-09-05,30.45
882,20201,2023-11-06,9.45
883,16318,2024-10-01,30.45
884,18629,2023-07-10,82.95
885,6658,,9.45
886,11770,2023-10-10,9.45
887,6833,2024-03-07,9.45
888,11530,2023-07-05,208.95
889,13390,2024-04-08,208.95
890,9494,2024-06-11,30.45
891,3490,2024-03-05,30.45
892,240,2023-07-04,208.95
893,1976,2023-12-08,30.45
894,3128,2024-07-03,18.9
895,9492,2024-04-05,30.45
896,20237,2024-08-03,208.95
897,9129,2024-03-04,9.45
898,20087,2024-07-03,30.45
899,20414,2024-03-09,30.45
900,20407,2024-05-11,30.45
901,9482,2024-03-04,9.45
902,18470,2023-07-04,9.45
903,6950,2023-08-09,30.45
904,11209,2024-07-01,30.45
905,2054,2023-09-09,9.45
906,15854,2023-09-05,9.45
907,1578,2024-07-02,82.95
908,5704,2023-08-07,82.95
909,1743,2024-07-05,208.95
910,16283,2024-01-11,9.45
911,20355,2023-09-07,9.45
912,1562,2023-03-11,82.95
913,3786,2023-11-10,82.95
914,17205,2024-07-04,208.95
915,11007,2025-01-17,9.45
916,5819,2024-05-07,82.95
917,422,2024-03-08,9.45
918,12272,2024-06-07,9.45
919,5731,2023-12-04,9.45
920,13234,2023-07-10,30.45
921,6930,2023-09-07,9.45
922,3284,2023-10-08,30.45
923,9702,2024-03-10,82.95
924,8110,2024-12-09,30.45
925,16174,2024-07-02,30.45
926,8735,2024-03-11,82.95
927,1668,2024-03-03,208.95
928,15701,2024-10-07,9.45
929,18741,2024-06-02,82.95
930,14789,2024-08-06,208.95
931,6140,2023-09-03,9.45
932,13012,2024-06-11,9.45
933,6890,2024-03-04,82.95
934,6905,2024-12-08,30.45
935,6542,2024-12-07,30.45
936,16994,,9.45
937,14071,2024-04-10,9.45
938,15985,2024-02-07,9.45
939,1272,2024-07-11,9.45
940,10839,2024-01-07,30.45
941,7157,2024-05-05,30.45
942,11538,2023-04-03,9.45
943,16250,2024-10-12,30.45
944,14452,2024-03-05,30.45
945,4592,2024-06-02,9.45
946,7813,2024-04-18,30.45
947,20276,2024-05-07,30.45
948,10015,2024-11-05,9.45
949,7040,2023-08-10,30.45
950,19786,2024-08-05,9.45
951,5972,2023-11-07,30.45
952,15730,2024-02-11,82.95
953,16811,2023-09-05,82.95
954,19010,2024-06-05,9.45
955,9931,2024-05-04,82.95
956,9050,2024-04-04,9.45
957,16243,2024-11-07,9.45
958,16213,2024-01-06,9.45
959,18856,2024-09-03,30.45
960,19942,2023-11-01,9.45
961,5968,2024-10-03,30.45
962,19380,2024-09-11,30.45
963,5325,2024-03-07,82.95
964,12146,2024-11-09,9.45
965,7610,2024-03-04,9.45
966,16296,2023-10-08,9.45
967,1008,2024-07-07,30.45
968,1974,2023-10-09,30.45
969,310,2024-09-04,9.45
970,7937,2023-12-07,9.45
971,466,2024-10-04,9.45
972,12457,2024-07-11,18.9
973,20086,2024-06-10,30.45
974,12411,2024-08-02,9.45
975,13161,2024-04-01,82.95
976,6139,2023-08-10,9.45
977,11658,2024-10-03,30.45
978,5794,,82.95
979,6204,2023-06-07,82.95
980,202,2023-11-01,208.95
981,14644,2024-10-09,1255.48
982,3652,2024-07-10,82.95
983,2185,2024-11-09,9.45
984,2749,2023-07-06,9.45
985,2134,2024-07-06,30.45
986,19488,2024-11-09,9.45
987,2886,2024-06-11,30.45
988,17418,2023-10-04,9.45
989,17724,2023-10-06,9.45
990,13226,2024-06-04,9.45
991,8019,2023-11-04,82.95
992,6960,2024-06-10,30.45
993,13873,2024-11-10,9.45
994,6594,2024-05-08,9.45
995,6811,2024-08-12,82.95
996,940,2023-12-02,30.45
997,8866,2024-02-09,9.45
998,19399,2024-04-10,30.45
999,2056,2023-11-06,9.45
1000,2605,2024-08-03,30.45
1001,19590,2024-03-07,30.45
1002,14940,2024-05-03,9.45
1003,18917,2024-07-06,30.45
1004,7853,2023-08-02,9.45
1005,859,2023-12-08,9.45
1006,16604,2023-12-07,9.45
1007,15149,2024-10-11,30.45
1008,433,2024-03-11,30.45
1009,5635,2023-08-03,30.45
1010,5344,2024-08-11,30.45
1011,3959,2023-08-07,9.45
1012,19955,2024-12-02,9.45
1013,8441,2024-03-03,30.45
1014,1828,2024-12-07,30.45
1015,16081,2024-05-07,30.45
1016,12945,,208.95
1017,15611,2024-04-11,9.45
1018,11268,2024-04-04,9.45
1019,4121,2024-06-04,82.95
1020,102,2024-03-03,82.95
1021,9104,2024-06-02,9.45
1022,10006,2024-12-08,208.95
1023,18004,2023-11-10,82.95
1024,9333,2024-12-10,82.95
1025,17995,2024-09-07,208.95
1026,5334,2024-12-01,82.95
1027,7234,2024-03-08,30.45
1028,11199,2023-09-03,30.45
1029,18111,2023-04-10,30.45
1030,8064,2024-05-11,9.45
1031,4381,2023-09-02,208.95
1032,13045,2023-09-09,9.45
1033,6040,2023-08-05,30.45
1034,19304,2024-12-05,9.45
1035,13825,2024-08-02,30.45
1036,5316,2023-06-05,82.95
1037,7508,2024-12-04,82.95
1038,7823,2024-12-07,30.45
1039,4529,2023-09-08,30.45
1040,4441,2023-10-06,208.95
1041,17161,2024-07-02,82.95
1042,3491,2024-04-11,30.45
1043,6923,2024-10-04,9.45
1044,199,2023-08-06,208.95
1045,12499,2023-05-06,9.45
1046,2343,2024-03-07,82.95
1047,12137,2024-02-03,9.45
1048,6703,2024-07-06,30.45
1049,4659,2023-10-04,9.45
1050,12787,2024-12-03,30.45
1051,4420,2024-10-11,30.45
1052,6668,2023-09-10,30.45
1053,3589,2023-08-11,9.45
1054,18828,2024-02-05,9.45
1055,16343,2023-04-07,82.95
1056,18127,2024-08-11,30.45
1057,8650,2024-05-10,30.45
1058,8596,2024-07-05,30.45
1059,2832,2024-04-04,9.45
1060,14160,2024-04-08,9.45
1061,19523,2024-04-11,30.45
1062,13346,2023-12-05,30.45
1063,1130,2024-04-04,30.45
1064,15766,2023-05-03,82.95
1065,3599,2024-06-06,9.45
1066,17159,2024-05-02,82.95
1067,19109,2024-05-11,30.45
1068,15724,2023-08-08,82.95
1069,9865,2024-02-02,208.95
1070,12416,2023-11-09,82.95
1071,3642,2024-06-01,9.45
1072,5008,2024-09-04,30.45
1073,13887,2024-12-06,82.95
1074,15027,2024-05-03,30.45
1075,19008,2024-04-12,9.45
1076,4608,2024-12-02,82.95
1077,2371,2023-08-11,9.45
1078,11265,2024-01-10,9.45
1079,11168,2024-04-03,9.45
1080,19013,2024-09-02,9.45
1081,3990,2024-11-08,82.95
1082,4562,2023-08-01,82.95
1083,4456,2024-04-10,9.45
1084,3448,2024-06-10,30.45
1085,110,2024-11-10,82.95
1086,6852,2024-06-03,82.95
1087,3912,2024-04-07,9.45
1088,14635,2024-06-04,9.45
1089,14023,2024-08-09,9.45
1090,11165,2024-01-02,9.45
1091,17037,2024-06-05,9.45
1092,1467,2024-07-03,82.95
1093,17004,2023-08-10,82.95
1094,9723,2024-12-06,9.45
1095,19065,2024-12-06,82.95
1096,9203,2023-06-09,9.45
1097,4156,2024-03-04,30.45
1098,12127,2024-08-06,9.45
1099,18940,2024-07-02,9.45
1100,11017,2024-03-07,30.45
1101,17803,2023-12-01,9.45
1102,20134,2024-09-01,82.95
1103,3697,2024-12-03,9.45
1104,8607,2024-03-05,9.45
1105,788,2023-11-08,30.45
1106,15920,2024-11-05,9.45
1107,4829,2023-05-05,9.45
1108,13962,2024-10-06,9.45
1109,19375,2024-10-08,82.95
1110,2427,2024-08-08,82.95
1111,10557,2023-08-03,82.95
1112,11665,2024-09-02,30.45
1113,1819,2024-03-02,30.45
1114,1032,2024-08-08,9.45
1115,5392,2023-10-09,82.95
1116,6427,2024-02-04,82.95
1117,9613,2024-04-10,30.45
1118,4258,2024-06-10,30.45
1119,19387,2023-07-07,30.45
1120,20533,2024-02-11,30.45
1121,17731,2024-05-09,9.45
1122,8306,2024-02-08,9.45
1123,20077,2023-09-04,30.45
1124,18315,2024-09-04,30.45
1125,13561,2024-07-04,30.45
1126,5847,2024-04-01,208.95
1127,6467,2024-05-12,9.45
1128,11813,2024-02-10,9.45
1129,5358,2023-10-06,82.95
1130,20048,2024-05-09,82.95
1131,18601,2024-12-11,30.45
1132,15423,2023-12-04,208.95
1133,14939,2024-04-03,9.45
1134,7043,2023-11-10,30.45
1135,7020,2023-11-03,82.95
1136,2884,2024-04-11,30.45
1137,645,2024-08-07,9.45
1138,4670,2024-09-04,9.45
1139,15902,2023-09-05,30.45
1140,17758,2024-08-06,9.45
1141,19885,2023-08-03,9.45
1142,9502,2023-06-09,208.95
1143,8224,2024-09-07,9.45
1144,8454,2024-11-07,82.95
1145,14690,2024-05-05,30.45
1146,7044,2023-12-01,30.45
1147,6118,2023-10-05,82.95
1148,13604,2024-10-10,9.45
1149,17066,2023-09-01,9.45
1150,13879,2024-04-04,82.95
1151,15570,2024-12-08,9.45
1152,19335,2024-02-01,9.45
1153,20032,2023-01-02,82.95
1154,7245,2024-11-22,9.45
1155,20159,2024-04-04,30.45
1156,12185,2024-11-05,208.95
1157,13924,2024-10-06,30.45
1158,7674,2023-10-03,9.45
1159,7618,2024-11-08,9.45
1160,10120,2024-09-08,9.45
1161,16315,2024-07-04,30.45
1162,13,2024-11-11,30.45
1163,3232,2023-10-09,30.45
1164,9875,2024-09-10,9.45
1165,11403,2024-11-09,30.45
1166,19012,2024-08-05,9.45
1167,18893,2024-03-02,9.45
1168,9278,2024-04-05,9.45
1169,14591,2024-07-04,30.45
1170,8118,2024-01-06,30.45
1171,10492,2024-11-10,30.45
1172,16544,2024-07-04,82.95
1173,1672,2024-07-09,417.9
1174,6850,2024-11-10,30.45
1175,6649,2023-09-05,9.45
1176,16306,2024-08-07,9.45
1177,7061,2023-10-02,9.45
1178,15965,2024-04-02,9.45
1179,16657,2023-12-11,30.45
1180,7289,2023-10-09,9.45
1181,4232,2023-09-07,9.45
1182,1169,2023-09-06,9.45
1183,7759,2024-04-03,9.45
1184,11344,2024-12-08,9.45
1185,16558,2023-10-11,9.45
1186,12896,2024-10-11,30.45
1187,17822,2024-06-07,9.45
1188,18512,2023-08-04,30.45
1189,11669,2023-01-03,30.45
1190,3454,2024-12-07,30.45
1191,9793,2024-03-06,30.45
1192,13127,2023-10-07,30.45
1193,8493,2023-05-04,82.95
1194,14584,2024-11-06,30.45
1195,1399,2024-08-08,82.95
1196,15805,2024-08-04,208.95
1197,8414,2023-08-05,82.95
1198,12070,2024-08-10,9.45
1199,18810,2024-07-04,208.95
1200,13800,2024-09-05,9.45
1201,5809,2024-10-08,9.45
1202,11742,2024-05-06,9.45
1203,19653,2024-04-02,9.45
1204,2477,2023-07-03,9.45
1205,19722,2024-11-06,208.95
1206,981,2024-04-04,208.95
1207,19854,2024-10-04,9.45
1208,7261,2024-10-08,208.95
1209,5555,2023-07-05,208.95
1210,5719,2024-11-08,82.95
1211,19185,2023-09-01,82.95
1212,683,2024-07-04,9.45
1213,16270,2024-12-11,9.45
1214,5725,2023-06-10,9.45
1215,12058,2024-01-04,9.45
1216,3200,2024-01-10,30.45
1217,9649,2023-12-10,30.45
1218,19751,2024-09-02,9.45
1219,281,2023-08-03,9.45
1220,18780,2023-09-07,9.45
1221,915096,2024-02-10,30.45
1222,5610,2023-07-08,82.95
1223,11802,2024-09-09,9.45
1224,15514,2024-12-09,30.45
1225,2785,2023-11-05,208.95
1226,11707,2023-11-03,9.45
1227,13999,2023-09-07,9.45
1228,7209,2024-02-06,30.45
1229,1488,2024-08-10,82.95
1230,4847,2024-11-06,9.45
1231,11389,2024-06-09,9.45
1232,6136,2023-05-11,9.45
1233,13511,2023-11-10,82.95
1234,9403,2024-01-10,82.95
1235,20339,2024-07-03,30.45
1236,10744,2023-09-08,208.95
1237,5923,2024-02-11,82.95
1238,11796,2024-10-07,9.45
1239,1079,2023-11-15,9.45
1240,18013,2024-08-03,82.95
1241,346,2023-12-11,30.45
1242,15005,2024-01-04,9.45
1243,18906,2024-05-03,30.45
1244,2651,2023-11-08,9.45
1245,5966,2024-08-11,30.45
1246,15464,2024-07-05,9.45
1247,14531,2023-06-03,30.45
1248,10196,2024-07-06,82.95
1249,716,2024-06-08,9.45
1250,11949,2024-04-09,9.45
1251,19078,2023-07-03,82.95
1252,19312,2023-08-11,30.45
1253,4453,2024-10-09,208.95
1254,20047,2024-04-04,82.95
1255,4118,2024-03-12,82.95
1256,18627,2023-05-03,82.95
1257,17282,2023-12-09,30.45
1258,17804,2024-01-02,9.45
1259,11650,2024-08-05,9.45
1260,14280,2023-09-07,9.45
1261,19829,2024-06-03,208.95
1262,19566,2024-03-02,9.45
1263,20493,2024-07-11,18.9
1264,6126,2024-06-01,82.95
1265,10817,2024-11-04,9.45
1266,15441,2024-08-11,9.45
1267,9416,2024-09-07,30.45
1268,7630,2024-02-20,9.45
1269,4022,2024-04-09,208.95
1270,1535,2023-07-02,9.45
1271,333,2024-10-04,9.45
1272,16997,2024-10-03,9.45
1273,16037,2024-07-11,60.9
1274,1442,2024-12-08,30.45
1275,16858,2023-01-07,9.45
1276,5722,2023-03-07,9.45
1277,12735,,208.95
1278,817,2023-10-03,30.45
1279,17824,2024-08-07,9.45
1280,11764,,9.45
1281,3502,2023-06-06,9.45
1282,17454,2023-07-04,9.45
1283,13613,2024-06-04,82.95
1284,4208,2024-01-12,82.95
1285,2369,2024-12-01,82.95
1286,16074,2023-10-03,30.45
1287,7297,2024-06-10,9.45
1288,2685,2024-11-04,208.95
1289,889,2024-07-06,208.95
1290,13833,2024-01-08,82.95
1291,3429,2024-06-04,9.45
1292,1959,2024-12-05,82.95
1293,9163,2023-07-07,9.45
1294,10222,2024-06-08,30.45
1295,7318,2024-06-05,9.45
1296,11484,2024-06-02,30.45
1297,19929,2024-05-09,9.45
1298,10121,2024-10-05,9.45
1299,11162,2023-05-06,9.45
1300,12149,2023-11-09,30.45
1301,4295,2024-02-11,82.95
1302,18724,2024-04-11,82.95
1303,2150,2023-09-04,30.45
1304,13331,2024-05-06,9.45
1305,6395,2024-01-04,82.95
1306,7670,2023-06-09,9.45
1307,7010,2024-08-06,82.95
1308,12456,2024-06-02,9.45
1309,10902,2024-12-05,208.95
1310,19357,2024-05-09,30.45
1311,16460,2023-12-02,9.45
1312,16106,2024-09-08,82.95
1313,1631,2024-04-10,9.45
1314,14689,2024-04-12,30.45
1315,528,2023-08-06,30.45
1316,3628,2024-09-04,82.95
1317,9003,2023-12-11,9.45
1318,96,2023-09-03,82.95
1319,19036,2024-02-03,82.95
1320,17060,2024-12-05,30.45
1321,18294,2024-05-02,9.45
1322,15687,2024-03-03,208.95
1323,2889,2024-09-06,30.45
1324,3860,2023-08-09,82.95
1325,14564,2024-07-05,9.45
1326,20119,2024-10-02,208.95
1327,132,2024-03-06,30.45
1328,19693,2024-05-06,208.95
1329,7838,2023-11-07,82.95
1330,8916,2023-03-09,30.45
1331,18330,2023-08-08,9.45
1332,12212,2023-06-06,30.45
1333,16816,2024-02-05,82.95
1334,6245,2024-09-09,30.45
1335,20093,2024-06-11,30.45
1336,1637,2023-10-02,9.45
1337,729,2024-05-05,208.95
1338,4107,2024-02-02,82.95
1339,9788,2023-10-04,30.45
1340,5648,2024-09-06,30.45
1341,13572,2024-04-11,9.45
1342,14373,2024-10-05,82.95
1343,19433,2024-11-09,30.45
1344,9158,2024-12-05,208.95
1345,10920,2024-10-07,9.45
1346,3363,2024-07-08,9.45
1347,14272,2024-11-08,82.95
1348,14176,2023-11-10,82.95
1349,5029,2024-08-03,9.45
1350,20358,2023-12-07,9.45
1351,513,2024-05-02,82.95
1352,11013,2023-11-03,30.45
1353,13170,2023-04-03,9.45
1354,5695,2023-11-04,30.45
1355,12734,2024-02-08,208.95
1356,19355,2024-03-12,30.45
1357,2488,2024-06-04,9.45
1358,1984,2024-08-07,30.45
1359,3283,2023-09-01,30.45
1360,9844,2024-01-06,82.95
1361,17112,2024-01-01,30.45
1362,10423,2024-05-05,9.45
1363,1704,2024-09-06,9.45
1364,18022,2024-09-02,9.45
1365,15402,2024-06-01,30.45
1366,11237,2024-06-04,82.95
1367,1334,2024-02-07,9.45
1368,3041,2024-05-09,30.45
1369,12155,,30.45
1370,13262,2023-11-09,9.45
1371,6196,2024-06-02,30.45
1372,20174,2023-05-04,9.45
1373,14928,2024-06-08,82.95
1374,19977,2024-05-10,30.45
1375,2169,2023-07-09,9.45
1376,12881,2023-07-07,30.45
1377,19981,2024-09-03,30.45
1378,17204,2024-04-08,30.45
1379,574,2024-08-08,30.45
1380,15324,2024-01-09,9.45
1381,11408,2023-10-04,9.45
1382,1021,2023-09-09,9.45
1383,9345,2024-10-04,30.45
1384,15564,2024-06-04,9.45
1385,5440,2024-10-08,9.45
1386,9527,2024-04-06,30.45
1387,1636,2023-09-09,9.45
1388,4943,2023-08-09,9.45
1389,14430,2024-05-06,30.45
1390,14660,2023-12-04,9.45
1391,17641,2024-06-07,30.45
1392,9748,2024-11-12,82.95
1393,1618,2024-07-03,30.45
1394,8336,2023-11-07,9.45
1395,3016,2024-08-04,30.45
1396,9466,2023-11-06,9.45
1397,3033,2024-07-08,30.45
1398,3691,2024-06-05,9.45
1399,13368,2024-05-09,9.45
1400,10369,2024-12-07,30.45
1401,14475,2023-10-11,30.45
1402,14774,2023-05-10,208.95
1403,10441,2024-06-10,9.45
1404,6933,2023-12-04,9.45
1405,19431,2024-09-10,30.45
1406,16287,2024-05-10,9.45
1407,11622,2024-09-03,208.95
1408,15400,2024-04-06,30.45
1409,4729,2023-10-04,9.45
1410,13387,2024-01-11,208.95
1411,6365,2024-02-07,82.95
1412,7551,2023-05-07,30.45
1413,3782,2023-07-05,82.95
1414,13101,2024-05-09,9.45
1415,12663,2024-08-11,9.45
1416,20153,2024-11-17,9.45
1417,7088,2023-09-02,9.45
1418,1876,2024-05-07,30.45
1419,13957,2024-05-07,9.45
1420,2888,2024-08-02,30.45
1421,17991,2024-10-05,30.45
1422,19947,2024-04-03,9.45
1423,19419,2024-04-07,9.45
1424,18347,2023-03-06,9.45
1425,19589,2024-02-03,30.45
1426,19132,2024-05-01,9.45
1427,2016,2024-02-05,9.45
1428,5685,2024-08-01,30.45
1429,6595,2024-06-02,9.45
1430,18033,2023-10-08,82.95
1431,20286,2024-02-09,9.45
1432,19520,2024-01-03,30.45
1433,14495,2024-01-07,30.45
1434,9982,2024-02-07,30.45
1435,12816,2024-08-10,30.45
1436,7668,2024-07-07,9.45
1437,5918,2023-09-03,82.95
1438,17582,2024-09-10,208.95
1439,14143,2024-10-03,9.45
1440,8127,2024-10-09,30.45
1441,16128,2024-10-10,30.45
1442,9497,2024-09-07,30.45
1443,19076,2023-05-09,82.95
1444,11273,2023-11-03,9.45
1445,11412,2024-02-08,9.45
1446,16328,2024-10-09,9.45
1447,8848,2024-07-06,165.9
1448,7655,2023-06-07,9.45
1449,6556,2024-09-03,30.45
1450,2904,2023-11-10,9.45
1451,19728,2024-09-06,30.45
1452,15345,2024-01-04,30.45
1453,1533,2024-04-10,82.95
1454,5023,2024-02-05,9.45
1455,12524,2024-01-03,30.45
1456,12136,2024-01-07,9.45
1457,14114,2024-11-10,30.45
1458,18215,2024-01-03,30.45
1459,2360,2024-03-12,82.95
1460,6593,2024-04-02,9.45
1461,11226,2024-08-07,30.45
1462,2899,2024-10-06,82.95
1463,9038,2023-04-05,9.45
1464,18439,2024-10-02,9.45
1465,15561,2024-03-08,9.45
1466,3688,2024-03-11,9.45
1467,12360,2024-05-11,30.45
1468,149,2024-11-08,9.45
1469,17847,2024-07-09,30.45
1470,3849,2024-05-04,9.45
1471,18509,2023-05-08,30.45
1472,4633,2024-08-07,82.95
1473,14018,2024-03-09,9.45
1474,18427,2023-10-11,9.45
1475,7170,2023-09-04,9.45
1476,916,2024-06-08,30.45
1477,4988,2024-07-08,30.45
1478,7151,2023-11-08,30.45
1479,1663,2024-10-08,9.45
1480,14617,2024-12-02,208.95
1481,16507,2024-11-06,82.95
1482,9330,2024-09-09,82.95
1483,14353,2024-12-07,82.95
1484,8438,2023-12-07,30.45
1485,16530,2023-11-08,82.95
1486,2407,2024-01-08,82.95
1487,17983,2024-02-12,30.45
1488,4117,2024-12-05,82.95
1489,1384,2024-08-08,30.45
1490,5350,2023-02-11,82.95
1491,6886,2023-11-06,82.95
1492,3021,2023-07-10,30.45
1493,2880,2023-12-04,30.45
1494,72,2024-01-03,82.95
1495,18812,2024-09-04,208.95
1496,9681,2024-06-05,30.45
1497,17044,2023-08-02,30.45
1498,15116,2024-11-07,82.95
1499,13142,2024-06-02,30.45
1500,15277,2023-08-07,82.95
1501,9781,2024-10-04,30.45
1502,10166,2024-12-03,82.95
1503,17511,2023-11-10,82.95
1504,5377,2023-10-11,30.45
1505,16123,2024-12-07,30.45
1506,37,2024-05-11,82.95
1507,2872,2023-04-11,30.45
1508,11965,2024-03-04,9.45
1509,6917,2024-09-03,30.45
1510,11717,2024-09-02,9.45
1511,12114,2024-08-10,30.45
1512,14543,2023-08-06,9.45
1513,6206,2023-08-04,82.95
1514,4104,2023-11-08,82.95
1515,18883,2023-05-08,9.45
1516,10986,2024-02-11,208.95
1517,16465,2024-05-11,9.45
1518,12889,2024-03-05,30.45
1519,18390,2024-11-09,30.45
1520,14347,2024-06-12,82.95
1521,8578,,208.95
1522,15169,2024-06-07,208.95
1523,19346,2023-06-02,30.45
1524,10677,2024-12-03,30.45
1525,18118,2023-11-03,30.45
1526,13732,2023-09-06,30.45
1527,18333,2023-11-11,9.45
1528,19571,2024-08-08,9.45
1529,14428,2024-03-11,30.45
1530,5161,2023-09-02,208.95
1531,607,2024-02-01,30.45
1532,453,2023-09-10,9.45
1533,19360,2024-08-06,30.45
1534,4631,2024-11-02,9.45
1535,6549,2024-02-08,30.45
1536,11729,2024-03-05,9.45
1537,19167,2024-01-10,82.95
1538,13792,2024-01-03,9.45
1539,9779,2024-08-08,30.45
1540,1197,2024-11-10,9.45
1541,11921,2024-01-04,30.45
1542,11020,2024-06-03,30.45
1543,6213,2024-03-05,82.95
1544,2665,2023-03-08,208.95
1545,3493,2024-06-03,30.45
1546,1168,2024-07-08,30.45
1547,2585,2023-12-06,9.45
1548,13004,2024-12-05,9.45
1549,2476,2023-06-05,9.45
1550,8786,2023-12-10,82.95
1551,17939,2024-03-04,9.45
1552,9531,2024-08-04,30.45
1553,4700,2024-02-11,30.45
1554,16076,2023-12-08,30.45
1555,4044,2024-06-04,82.95
1556,19039,2024-05-04,82.95
1557,19568,2024-05-02,9.45
1558,8880,2024-06-09,82.95
1559,15802,2024-05-08,208.95
1560,16550,2023-02-10,9.45
1561,10587,2024-03-09,9.45
1562,11565,2023-12-03,9.45
1563,14108,2024-05-10,30.45
1564,19412,2024-12-07,208.95
1565,14568,2024-11-06,9.45
1566,8453,2024-10-08,82.95
1567,19069,2024-06-10,208.95
1568,15232,2024-07-06,82.95
1569,16185,2023-09-10,82.95
1570,18339,2024-05-05,9.45
1571,9517,2024-09-10,208.95
1572,2771,2024-05-05,82.95
1573,2922,2024-12-05,82.95
1574,12180,2024-06-10,208.95
1575,14025,2024-10-11,9.45
1576,5934,2023-10-06,9.45
1577,19263,2024-03-10,30.45
1578,15257,2023-11-03,82.95
1579,4452,2024-09-09,208.95
1580,6055,2024-11-02,30.45
1581,13772,2024-01-03,30.45
1582,13581,2024-03-02,9.45
1583,12724,2023-04-06,208.95
1584,12284,2023-08-06,9.45
1585,13799,2024-08-06,9.45
1586,7756,2024-12-03,9.45
1587,13258,2023-07-11,9.45
1588,12138,2024-03-08,9.45
1589,18619,2024-06-02,82.95
1590,8485,2024-06-08,9.45
1591,15968,2024-07-09,18.9
1592,17952,2023-06-03,30.45
1593,3377,2023-05-05,30.45
1594,7323,2024-11-04,9.45
1595,11200,2023-10-11,30.45
1596,6178,2023-06-04,30.45
1597,14585,2024-01-09,30.45
1598,16274,2023-04-10,9.45
1599,19158,2024-10-01,82.95
1600,16825,2024-11-08,82.95
1601,18453,2024-02-01,30.45
1602,4795,2024-09-04,9.45
1603,14327,2024-05-02,30.45
1604,15046,2024-02-09,9.45
1605,9346,2024-11-08,30.45
1606,9584,2023-06-05,30.45
1607,7979,2024-04-05,30.45
1608,2861,2024-04-09,9.45
1609,7849,2024-10-11,82.95
1610,14977,2023-08-10,9.45
1611,1313,2024-03-08,9.45
1612,15551,2024-11-04,9.45
1613,680,2024-04-06,9.45
1614,18122,2024-03-10,30.45
1615,673,2023-09-11,63.01
1616,5751,2024-02-02,30.45
1617,16057,2023-12-09,30.45
1618,16759,2023-08-06,9.45
1619,6351,2024-08-09,9.45
1620,3366,2024-10-05,9.45
1621,20333,2024-01-03,30.45
1622,11555,2024-06-08,9.45
1623,2270,2024-08-09,9.45
1624,15822,2024-11-04,9.45
1625,10931,2024-03-09,82.95
1626,19277,2024-06-04,9.45
1627,461,2024-05-07,9.45
1628,12339,2023-04-12,82.95
1629,7159,2024-07-05,30.45
1630,4138,2024-08-07,82.95
1631,17671,2024-04-11,30.45
1632,13042,2024-11-03,30.45
1633,14131,2024-09-08,30.45
1634,604,2024-11-11,30.45
1635,14460,2024-11-04,30.45
1636,8218,2024-03-06,9.45
1637,8298,2024-10-10,82.95
1638,8790,2024-07-14,82.95
1639,19597,2024-10-02,30.45
1640,19150,2024-02-12,82.95
1641,13733,2023-10-06,30.45
1642,15521,2024-08-04,82.95
1643,20511,2024-04-05,9.45
1644,7569,2024-11-02,30.45
1645,4303,2024-10-07,82.95
1646,15997,2024-04-06,82.95
1647,5094,2023-07-10,9.45
1648,17035,2024-04-05,9.45
1649,15736,2024-08-04,82.95
1650,4371,2024-08-06,82.95
1651,9526,2024-03-12,30.45
1652,2510,2024-08-04,9.45
1653,3380,2023-08-10,30.45
1654,10674,2024-09-02,30.45
1655,7149,2023-09-02,30.45
1656,15427,2024-04-03,208.95
1657,1335,2024-03-03,9.45
1658,13896,2023-09-02,9.45
1659,5674,2024-08-03,30.45
1660,8000,2023-04-11,208.95
1661,1446,2024-04-10,9.45
1662,14642,2024-08-10,208.95
1663,16000,2024-07-09,82.95
1664,16977,2023-02-10,9.45
1665,8038,2024-09-11,9.45
1666,6370,2024-07-09,82.95
1667,15771,2023-10-08,82.95
1668,19146,2023-10-02,82.95
1669,9261,2023-12-10,82.95
1670,12797,2024-10-11,82.95
1671,20222,2024-09-07,9.45
1672,10708,2023-10-10,82.95
1673,6604,2024-04-05,9.45
1674,12341,2023-06-04,82.95
1675,15372,2023-11-06,9.45
1676,2656,2024-04-09,9.45
1677,6511,2023-10-04,30.45
1678,3714,2024-06-06,30.45
1679,11233,2024-02-03,82.95
1680,7942,2024-05-04,9.45
1681,19869,2024-08-06,30.45
1682,2182,2024-08-06,9.45
1683,11936,2023-12-11,9.45
1684,14790,2024-09-01,208.95
1685,12677,2023-10-05,30.45
1686,3558,2024-06-07,9.45
1687,3054,2024-01-09,9.45
1688,16034,2024-04-04,30.45
1689,8804,2023-10-06,9.45
1690,19498,2024-05-07,82.95
1691,11579,2023-07-12,208.95
1692,9658,2023-09-06,9.45
1693,20441,2024-09-07,30.45
1694,8450,2024-12-06,30.45
1695,18886,2023-08-02,9.45
1696,9292,2023-11-03,30.45
1697,6777,2023-09-11,30.45
1698,5973,2023-12-05,30.45
1699,2795,2024-09-03,208.95
1700,20404,2024-11-11,30.45
1701,2329,2024-12-07,82.95
1702,2228,2023-05-04,30.45
1703,6655,2024-03-02,9.45
1704,12804,2023-08-04,30.45
1705,1361,2024-09-05,30.45
1706,10867,2024-03-05,82.95
1707,3106,2024-10-09,82.95
1708,901,2023-10-07,9.45
1709,11880,2024-04-07,9.45
1710,12106,2024-10-07,30.45
1711,11413,2024-03-06,9.45
1712,7146,2024-12-11,9.45
1713,10319,2024-01-06,9.45
1714,7334,2023-09-11,30.45
1715,8286,2024-11-06,82.95
1716,1366,2023-06-03,30.45
1717,2511,2024-09-12,9.45
1718,10970,2024-09-10,82.95
1719,4519,2024-03-10,9.45
1720,12295,2024-07-03,18.9
1721,12794,2024-07-11,82.95
1722,236,2023-03-07,208.95
1723,1455,2024-02-11,30.45
1724,1204,2023-12-07,82.95
1725,2781,2023-07-11,208.95
1726,6679,2024-08-03,30.45
1727,9699,2023-12-10,82.95
1728,7855,2023-10-08,9.45
1729,19758,2024-06-09,9.45
1730,256,2024-11-08,208.95
1731,17172,2024-02-04,9.45
1732,19051,2023-10-11,82.95
1733,7671,2023-07-09,9.45
1734,13198,2024-01-06,82.95
1735,7238,2024-07-08,30.45
1736,13273,2024-04-09,82.95
1737,9348,2024-03-09,9.45
1738,726,2024-02-11,208.95
1739,1594,2024-11-12,30.45
1740,14945,2024-10-10,9.45
1741,17134,2023-11-02,30.45
1742,10390,2023-12-09,30.45
1743,7423,2024-11-09,9.45
1744,13169,2024-12-02,82.95
1745,5083,2024-07-02,9.45
1746,14845,2024-01-04,208.95
1747,9485,2024-06-02,9.45
1748,165,2024-08-10,9.45
1749,16456,2023-08-07,9.45
1750,119,2024-02-06,82.95
1751,8189,2024-11-03,30.45
1752,1754,2024-03-08,30.45
1753,1769,2025-03-23,30.45
1754,9661,2023-12-08,9.45
1755,11809,2023-10-06,9.45
1756,16063,2024-06-10,30.45
1757,11641,2023-11-08,9.45
1758,10026,2023-10-02,9.45
1759,3519,2024-11-03,9.45
1760,6412,2024-11-07,9.45
1761,7550,2023-04-09,30.45
1762,19803,2024-11-03,30.45
1763,16666,2024-09-07,30.45
1764,16320,2024-12-06,30.45
1765,12802,2023-06-03,30.45
1766,4451,2024-08-04,208.95
1767,11791,2024-05-06,9.45
1768,15373,2023-12-05,9.45
1769,20347,2024-08-01,82.95
1770,7329,2024-10-11,9.45
1771,13681,2024-07-03,9.45
1772,2190,2023-11-04,208.95
1773,4662,2024-01-03,9.45
1774,11574,2024-09-03,9.45
1775,4250,2023-10-02,30.45
1776,17235,2024-04-11,82.95
1777,2683,2024-09-04,208.95
1778,8155,2024-12-02,30.45
1779,10664,2024-12-04,30.45
1780,8326,2024-09-10,9.45
1781,14356,2023-05-09,82.95
1782,8340,2024-03-04,9.45
1783,4607,2024-11-05,82.95
1784,11154,2024-05-03,30.45
1785,16345,2023-06-08,82.95
1786,2450,2023-09-04,82.95
1787,12696,2024-10-08,9.45
1788,14613,2024-08-04,208.95
1789,17727,2024-01-03,9.45
1790,7390,2024-04-08,9.45
1791,2271,2024-09-03,9.45
1792,14305,2024-10-08,30.45
1793,12305,2023-11-02,30.45
1794,13835,2024-03-04,82.95
1795,2197,2024-06-01,208.95
1796,19917,2024-12-05,208.95
1797,3578,2024-02-07,9.45
1798,12782,2024-07-11,30.45
1799,11598,2023-11-11,9.45
1800,1681,,30.45
1801,18358,2024-02-05,9.45
1802,3307,2024-05-09,9.45
1803,6430,2024-05-10,82.95
1804,8159,2024-04-12,208.95
1805,20155,2023-12-05,30.45
1806,11055,2023-08-01,9.45
1807,15201,2024-09-06,82.95
1808,20089,2024-10-25,30.45
1809,3553,2024-11-04,82.95
1810,11338,2024-12-03,9.45
1811,10119,2024-08-04,9.45
1812,17517,2024-05-10,82.95
1813,17198,2023-10-03,30.45
1814,14311,2024-01-03,9.45
1815,20191,2024-10-04,9.45
1816,14437,2024-12-04,30.45
1817,9529,2024-06-05,30.45
1818,9338,2024-05-08,9.45
1819,11377,2023-06-06,9.45
1820,4810,2023-07-03,9.45
1821,6301,2023-10-05,30.45
1822,16409,2024-06-04,9.45
1823,10042,2023-11-03,30.45
1824,8207,2023-04-03,9.45
1825,14680,2024-08-06,9.45
1826,4666,2024-05-11,9.45
1827,14059,2023-04-09,9.45
1828,14712,2024-11-02,9.45
1829,8480,2024-01-04,9.45
1830,8885,2024-11-09,82.95
1831,20075,2024-12-09,30.45
1832,4989,2024-08-09,30.45
1833,5072,2023-08-05,9.45
1834,15883,2023-08-07,30.45
1835,12690,2024-11-10,30.45
1836,1556,2024-09-03,30.45
1837,2524,2023-11-03,9.45
1838,6672,2024-01-08,30.45
1839,2108,2023-04-09,30.45
1840,19494,2024-01-08,82.95
1841,3781,2023-06-08,82.95
1842,10563,2024-02-05,82.95
1843,18588,2023-11-09,30.45
1844,3791,2024-04-05,82.95
1845,18651,2024-04-05,9.45
1846,16453,2024-02-10,82.95
1847,20398,2024-05-07,30.45
1848,3070,2023-08-05,30.45
1849,8238,2023-06-09,30.45
1850,5912,2024-08-04,30.45
1851,13080,2023-04-04,9.45
1852,915443,2024-10-03,9.45
1853,16190,2024-02-10,82.95
1854,1280,2023-03-04,9.45
1855,13908,2024-09-05,9.45
1856,17572,2024-08-05,30.45
1857,12989,2024-06-10,30.45
1858,10375,2024-05-03,9.45
1859,20382,2024-11-04,9.45
1860,13329,2024-12-06,9.45
1861,12623,2023-09-08,30.45
1862,15346,2024-02-02,30.45
1863,3854,2024-10-10,9.45
1864,7288,2023-09-07,9.45
1865,10484,2024-12-08,9.45
1866,8857,2023-05-09,9.45
1867,3724,2024-04-11,82.95
1868,10596,2024-12-01,9.45
1869,9911,2023-09-02,82.95
1870,12679,2023-12-07,30.45
1871,6155,2025-03-30,9.45
1872,11619,2024-06-09,208.95
1873,2500,2023-10-04,9.45
1874,924,2024-11-01,9.45
1875,18735,2024-08-09,208.95
1876,8168,2023-02-05,208.86
1877,4298,2024-05-05,82.95
1878,18535,2024-05-07,9.45
1879,2710,2024-10-05,30.45
1880,8886,2024-12-02,82.95
1881,8769,2024-02-09,30.45
1882,19164,2023-10-03,82.95
1883,20096,2024-09-02,30.45
1884,2569,2024-07-04,30.45
1885,1216,2024-05-03,30.45
1886,10125,2023-11-09,82.95
1887,3332,2024-06-10,9.45
1888,20412,2024-10-08,9.45
1889,6188,2024-04-12,30.45
1890,10136,2024-10-03,82.95
1891,10991,2024-07-04,208.95
1892,4653,2024-11-09,30.45
1893,2849,2024-01-08,9.45
1894,12410,2024-07-08,9.45
1895,675,2023-11-10,9.45
1896,9830,2024-11-04,9.45
1897,10684,2024-10-04,9.45
1898,14637,2024-08-09,9.45
1899,9437,2024-07-03,9.45
1900,3763,2023-12-02,9.45
1901,14405,2023-08-04,30.45
1902,16779,2023-06-04,9.45
1903,1716,2024-12-08,208.95
1904,9861,2023-10-08,208.95
1905,8552,2023-10-10,9.45
1906,10500,2024-07-03,82.95
1907,5864,2024-11-08,30.45
1908,19507,2023-11-04,82.95
1909,11878,2024-12-02,30.45
1910,4937,2024-09-06,30.45
1911,2686,2024-12-03,208.95
1912,6552,2024-05-03,30.45
1913,19608,2023-05-09,9.45
1914,15672,2024-07-09,30.45
1915,10905,2023-07-06,9.45
1916,8190,2024-12-09,30.45
1917,13230,2023-03-04,30.45
1918,8865,2024-01-03,9.45
1919,18726,2024-06-04,82.95
1920,9921,2023-07-03,82.95
1921,14947,2025-02-19,9.45
1922,10126,2023-12-03,82.95
1923,14630,2024-01-02,9.45
1924,6221,2024-11-01,82.95
1925,6228,2024-06-04,30.45
1926,13790,2023-11-10,9.45
1927,14520,2024-12-07,82.95
1928,15640,2024-11-07,30.45
1929,5130,2024-11-06,208.95
1930,3562,2024-10-09,9.45
1931,1444,2024-02-10,9.45
1932,2804,2024-07-11,82.95
1933,2758,2024-04-11,9.45
1934,7281,2023-05-28,9.45
1935,10298,2024-06-05,9.45
1936,12200,2024-04-09,82.95
1937,5867,2023-11-04,30.45
1938,2907,2024-02-02,9.45
1939,18454,2024-03-04,30.45
1940,3708,2023-12-07,30.45
1941,10998,2024-02-03,9.45
1942,3463,2024-08-09,9.45
1943,12628,2024-02-04,30.45
1944,7633,2024-02-02,9.45
1945,9223,2024-05-06,9.45
1946,12076,2024-05-02,82.95
1947,12539,2024-01-06,30.45
1948,19537,2023-09-04,82.95
1949,1619,2024-08-10,30.45
1950,19454,2024-06-07,9.45
1951,1862,2024-07-10,208.95
1952,1416,2024-09-07,9.45
1953,16568,2024-08-06,9.45
1954,3812,2024-05-08,82.95
1955,232,2024-11-03,30.45
1956,8835,2023-06-08,82.95
1957,2124,2024-08-03,30.45
1958,10011,2024-07-10,9.45
1959,11373,2024-11-09,82.95
1960,11282,2024-08-08,9.45
1961,11972,2024-10-06,9.45
1962,17384,2024-06-05,9.45
1963,11116,2024-12-02,9.45
1964,16845,2023-12-08,82.95
1965,2677,2024-03-10,208.95
1966,7314,2024-02-05,9.45
1967,1881,2024-10-08,30.45
1968,12716,2024-06-08,30.45
1969,12998,2024-06-01,9.45
1970,11516,2024-08-08,30.45
1971,6840,2024-10-05,9.45
1972,9873,2024-07-10,9.45
1973,3246,2025-02-05,30.45
1974,11205,2024-03-09,30.45
1975,15858,2024-01-03,9.45
1976,5544,2024-05-11,9.45
1977,7767,2024-06-10,82.95
1978,12851,2024-11-06,9.45
1979,17229,2023-10-08,82.95
1980,4313,2024-01-09,82.95
1981,19345,2024-12-05,9.45
1982,7730,2024-06-03,30.45
1983,17583,2024-10-06,208.95
1984,3987,2024-08-08,82.95
1985,17475,2024-02-07,82.95
1986,2951,2024-09-06,9.45
1987,5459,2024-08-02,82.95
1988,2057,2023-12-04,9.45
1989,20348,2024-09-09,82.95
1990,2933,2023-03-03,9.45
1991,2455,2024-02-10,82.95
1992,11539,2023-05-08,9.45
1993,7375,2024-06-04,30.45
1994,9605,2024-05-05,82.95
1995,18295,2024-06-07,9.45
1996,11444,2024-04-03,30.45
1997,15444,2024-11-10,9.45
1998,1162,2024-03-21,30.45
1999,1181,2024-09-03,9.45
2000,8554,2023-12-05,9.45
2001,13870,2024-08-07,9.45
2002,10955,2024-02-06,82.95
2003,5297,,82.95
2004,13483,2024-04-02,9.45
2005,11716,,9.45
2006,17612,2024-10-04,208.95
2007,13061,2023-07-11,30.45
2008,13809,2024-01-07,9.45
2009,1891,2024-01-05,30.45
2010,13458,2024-11-05,9.45
2011,2203,2024-12-03,208.95
2012,2394,2024-03-12,82.95
2013,7797,2024-08-06,30.45
2014,17231,2023-12-10,82.95
2015,11661,2024-05-08,30.45
2016,3906,2023-12-07,9.45
2017,8864,2023-12-04,9.45
2018,5166,2024-02-06,208.95
2019,6832,2024-02-10,9.45
2020,13109,2023-01-07,82.95
2021,19864,2024-03-08,30.45
2022,6416,2024-07-07,82.95
2023,3594,2024-01-10,9.45
2024,5963,,30.45
2025,19218,2024-04-09,82.95
2026,14100,2024-09-03,9.45
2027,11709,2024-01-06,9.45
2028,10300,2024-08-01,9.45
2029,19190,2024-02-07,82.95
2030,4893,2024-03-05,82.95
2031,4404,2024-08-06,9.45
2032,12581,2024-02-02,9.45
2033,12793,2024-06-09,82.95
2034,10481,2024-09-03,9.45
2035,11263,2024-12-03,9.45
2036,20195,2023-05-07,9.45
2037,14045,2023-12-09,9.45
2038,3573,2023-09-08,9.45
2039,1508,2023-11-05,9.45
2040,901126,2024-11-04,30.45
2041,9381,2024-01-07,9.45
2042,8527,2024-05-08,82.95
2043,14003,2024-01-10,9.45
2044,19238,2023-12-05,9.45
2045,8657,2024-12-07,30.45
2046,12139,2024-04-10,9.45
2047,18478,2024-03-04,9.45
2048,3835,2024-04-04,9.45
2049,9777,2024-11-06,9.45
2050,4722,2024-07-02,30.45
2051,8058,2023-11-03,9.45
2052,7466,2024-04-06,30.45
2053,745,2023-11-06,30.45
2054,6254,2024-08-02,82.95
2055,18965,2023-04-07,82.95
2056,5007,2024-08-01,30.45
2057,6962,2024-08-10,30.45
2058,12063,2024-06-07,9.45
2059,19830,2024-07-07,208.95
2060,19987,2023-08-06,30.45
2061,13717,2024-03-09,30.45
2062,8888,2024-07-05,60.9
2063,14489,2024-12-06,30.45
2064,1311,2024-01-09,9.45
2065,686,2024-10-07,9.45
2066,10074,2023-12-04,30.45
2067,2218,2024-04-09,30.45
2068,6939,2024-06-07,9.45
2069,11832,2024-03-09,30.45
2070,13166,2024-09-10,82.95
2071,915907,2023-10-10,9.45
2072,13265,2024-02-09,9.45
2073,15777,2023-06-09,30.45
2074,7805,2023-06-09,30.45
2075,4378,2023-06-04,208.95
2076,6744,2024-05-04,9.45
2077,18925,2024-11-07,30.45
2078,15074,2023-10-05,9.45
2079,12652,2023-09-02,9.45
2080,213,2024-10-04,208.95
2081,1243,2024-03-11,9.45
2082,17679,2024-12-07,30.45
2083,10358,2024-01-07,30.45
2084,9452,2024-05-03,9.45
2085,11008,2024-12-04,9.45
2086,16111,2024-07-01,9.45
2087,17893,2024-10-10,82.95
2088,12762,2024-08-10,9.45
2089,6734,2024-08-06,9.45
2090,20306,2024-07-12,9.45
2091,12820,2024-12-08,30.45
2092,19727,2024-08-04,30.45
2093,10663,2024-11-03,30.45
2094,2596,2024-11-06,9.45
2095,15440,2024-07-09,9.45
2096,566,2024-12-09,82.95
2097,14693,2024-08-07,30.45
2098,14029,2023-10-08,208.95
2099,10877,2023-10-08,30.45
2100,1401,2024-10-08,82.95
2101,12078,2024-07-06,82.95
2102,11409,2023-11-04,9.45
2103,19311,2023-07-05,30.45
2104,2757,2024-03-09,9.45
2105,19772,2023-12-03,9.45
2106,15144,2024-05-06,30.45
2107,9026,2024-02-05,9.45
2108,5499,2024-08-12,30.45
2109,18499,2024-07-11,9.45
2110,4062,2024-11-06,82.95
2111,15498,2023-08-08,30.45
2112,11750,2023-12-10,30.45
2113,14746,2024-09-05,9.45
2114,12447,2023-09-11,9.45
2115,6021,2024-09-05,9.45
2116,6803,2024-10-06,9.45
2117,16272,2023-02-08,9.45
2118,162,2024-05-04,9.45
2119,15543,2024-03-05,9.45
2120,4333,2024-07-08,9.45
2121,16103,2024-06-07,82.95
2122,18987,2024-04-10,9.45
2123,12553,2023-08-09,82.95
2124,7769,2024-08-03,82.95
2125,4787,2024-01-09,9.45
2126,13524,2024-12-03,82.95
2127,1132,2024-06-05,30.45
2128,14004,2024-02-05,9.45
2129,3315,2024-05-07,9.45
2130,5458,2024-07-02,82.95
2131,1812,2024-09-02,30.45
2132,12534,2024-11-05,30.45
2133,17737,2024-11-04,9.45
2134,4444,2024-01-03,208.95
2135,8257,2023-03-07,30.45
2136,10899,2024-09-08,208.95
2137,2991,2023-10-04,9.45
2138,10280,2024-04-08,9.45
2139,8877,2024-03-04,82.95
2140,9551,2024-12-04,9.45
2141,155,2023-10-03,9.45
2142,6152,2024-09-10,9.45
2143,15366,2023-05-04,9.45
2144,18858,2024-11-04,30.45
2145,12796,2024-09-09,82.95
2146,17999,2023-06-02,82.95
2147,10,2024-08-08,30.45
2148,12371,2023-11-03,9.45
2149,11689,2024-03-12,9.45
2150,11032,2024-12-04,208.95
2151,8807,2024-01-05,9.45
2152,10611,2024-06-06,30.45
2153,87,2023-06-11,9.45
2154,11138,2024-11-03,30.45
2155,4776,2024-09-04,82.95
2156,17412,2023-04-11,9.45
2157,9785,2023-07-04,356.27
2158,6199,2024-09-09,30.45
2159,9997,2024-03-02,208.95
2160,13602,2024-08-06,9.45
2161,16204,2023-04-05,9.45
2162,10641,2023-11-11,9.45
2163,14586,2024-02-07,30.45
2164,13900,2024-01-04,9.45
2165,17537,2023-06-02,30.45
2166,7279,2024-11-07,9.45
2167,10345,2024-12-02,9.45
2168,13801,2024-10-10,9.45
2169,6767,2024-10-02,82.95
2170,14352,2024-11-10,82.95
2171,7484,2024-02-10,30.45
2172,7866,2024-09-08,9.45
2173,20322,2024-06-10,30.45
2174,17372,2024-06-10,30.45
2175,1160,2023-11-07,30.45
2176,17203,2024-03-05,30.45
2177,5942,2024-06-03,9.45
2178,6036,2023-04-11,30.45
2179,8788,2024-02-02,82.95
2180,904223,2024-07-11,30.45
2181,12733,2024-01-07,208.95
2182,15621,2023-04-02,30.45
2183,6700,2024-10-07,9.45
2184,5467,2023-07-03,9.45
2185,8801,2023-07-09,9.45
2186,2280,2024-02-11,9.45
2187,871,2024-12-05,9.45
2188,9942,2024-09-05,9.45
2189,3767,2024-04-07,9.45
2190,17102,2024-12-07,208.95
2191,11556,2024-07-09,9.45
2192,12790,2024-03-09,82.95
2193,12798,2024-11-09,82.95
2194,5815,2024-01-01,82.95
2195,36,2024-04-06,82.95
2196,15534,2023-06-05,9.45
2197,13845,2024-01-10,9.45
2198,15117,2024-12-10,82.95
2199,13986,2024-10-02,9.45
2200,14011,2024-09-04,9.45
2201,2246,2024-08-08,30.45
2202,9522,2023-11-10,30.45
2203,11937,2024-01-03,9.45
2204,12552,2023-07-05,82.95
2205,842,2024-12-04,9.45
2206,9998,2024-04-06,208.95
2207,11045,2024-09-06,208.95
2208,11254,2024-03-05,9.45
2209,12089,2024-11-03,30.45
2210,9533,2024-10-11,30.45
2211,8342,2024-05-11,9.45
2212,8528,2024-06-04,82.95
2213,20360,2024-02-10,9.45
2214,16706,2024-01-07,208.95
2215,11081,2023-12-12,30.45
2216,19600,2024-07-06,9.45
2217,3114,2024-03-04,82.95
2218,306,2024-05-09,9.45
2219,18310,2024-04-07,30.45
2220,11073,2024-06-03,208.95
2221,20523,2024-05-12,30.45
2222,868,2024-09-05,9.45
2223,16712,2024-07-11,208.95
2224,11143,2024-06-09,9.45
2225,9145,2024-09-03,82.95
2226,17706,2023-10-02,30.45
2227,312,2024-11-01,9.45
2228,625,2024-09-04,9.45
2229,14465,2024-09-10,82.95
2230,17931,2024-09-10,9.45
2231,1669,2024-04-06,208.95
2232,10116,2024-05-09,9.45
2233,11048,2024-12-10,208.95
2234,8675,2024-12-11,9.45
2235,9027,2024-03-06,9.45
2236,19134,,9.45
2237,13408,2024-06-03,208.95
2238,14281,2023-10-06,9.45
2239,15841,2024-11-01,9.45
2240,6688,2023-10-04,9.45
2241,7129,2023-07-02,9.45
2242,14612,2024-07-11,417.9
2243,2925,2023-11-07,82.95
2244,16017,2024-09-09,9.45
2245,15851,2023-06-06,9.45
2246,14271,2024-10-10,82.95
2247,7943,2024-06-03,9.45
2248,7737,2023-05-09,9.45
2249,13744,2024-09-05,30.45
2250,8219,2024-04-07,9.45
2251,8585,2024-05-10,9.45
2252,7659,2023-10-12,9.45
2253,11018,2024-04-10,30.45
2254,18914,2024-04-03,30.45
2255,17683,2024-02-12,9.45
2256,16004,2024-11-12,82.95
2257,5237,2023-10-04,9.45
2258,18277,2024-09-02,9.45
2259,493,2024-09-07,9.45
2260,2535,2024-10-04,9.45
2261,10658,2024-06-04,30.45
2262,16984,2023-09-08,9.45
2263,7740,2023-08-09,9.45
2264,16164,2024-12-04,9.45
2265,2682,2024-08-02,208.95
2266,18433,2024-04-06,9.45
2267,7595,2024-04-07,30.45
2268,12459,2024-09-11,9.45
2269,1800,2024-12-03,82.95
2270,6469,2024-07-04,18.9
2271,20102,2023-05-08,208.95
2272,5897,2024-08-03,82.95
2273,19033,2024-10-07,9.45
2274,11144,,9.45
2275,13723,2024-09-10,30.45
2276,9546,2024-07-05,9.45
2277,4580,2023-06-08,9.45
2278,4442,2023-11-08,208.95
2279,3457,2024-02-04,9.45
2280,14866,2023-10-03,9.45
2281,12825,2024-10-04,82.95
2282,6648,2023-08-04,9.45
2283,10317,2023-11-04,9.45
2284,10331,2023-10-09,9.45
2285,15300,2023-10-09,82.95
2286,11733,2024-07-08,9.45
2287,13813,2024-05-08,9.45
2288,20110,2024-01-12,208.95
2289,723,2023-11-01,208.95
2290,11348,2024-09-02,30.45
2291,5148,2024-01-05,9.45
2292,7108,2023-05-01,30.45
2293,8683,2024-10-10,82.95
2294,8221,2024-06-07,9.45
2295,15916,2024-07-05,9.45
2296,938,2023-10-01,30.45
2297,9045,2023-11-10,9.45
2298,16867,2023-10-10,9.45
2299,7244,2024-08-05,9.45
2300,18100,2024-05-02,30.45
2301,5877,2024-09-05,30.45
2302,14770,2023-03-09,82.95
2303,595,2024-02-10,30.45
2304,1230,2024-02-09,30.45
2305,9042,2023-08-02,9.45
2306,17363,2024-06-08,30.45
2307,11361,2024-01-26,82.95
2308,14884,2023-09-08,82.95
2309,6001,2024-05-06,208.95
2310,1337,2024-05-08,9.45
2311,1591,2024-08-07,30.45
2312,18605,2024-10-03,9.45
2313,19679,2023-03-02,208.95
2314,18957,2024-05-03,30.45
2315,7479,2023-09-04,30.45
2316,11662,2024-06-10,30.45
2317,11606,2024-07-04,9.45
2318,11114,2024-10-10,9.45
2319,2234,2023-08-06,30.45
2320,17485,2024-12-07,82.95
2321,12390,2024-12-09,9.45
2322,4643,2024-01-06,30.45
2323,17237,2024-06-07,82.95
2324,14464,2024-08-04,82.95
2325,15632,,30.45
2326,10846,2024-08-10,30.45
2327,17309,2024-11-10,30.45
2328,524,2023-04-05,30.45
2329,9500,2024-12-11,30.45
2330,13612,2024-05-11,82.95
2331,17894,2024-11-05,82.95
2332,19697,2024-09-03,208.95
2333,2520,2023-07-06,9.45
2334,2287,2024-09-03,9.45
2335,11396,2024-04-03,30.45
2336,14364,2024-01-10,82.95
2337,11893,2024-06-08,9.45
2338,11374,2024-12-07,82.95
2339,16873,2024-04-12,9.45
2340,3425,2024-02-05,9.45
2341,14542,2024-05-06,30.45
2342,11064,2024-05-03,9.45
2343,4868,2024-05-02,9.45
2344,2431,2024-12-11,82.95
2345,6463,2024-12-08,30.45
2346,5070,2023-06-10,9.45
2347,14662,2024-02-04,9.45
2348,10469,2024-12-10,82.95
2349,15582,2024-05-06,30.45
2350,17969,2024-11-08,30.45
2351,20433,2024-05-07,9.45
2352,9168,2023-12-11,9.45
2353,5985,2024-12-05,30.45
2354,16888,2024-04-10,9.45
2355,3489,,30.45
2356,18660,,9.45
2357,9169,2024-01-08,9.45
2358,19870,2024-09-11,30.45
2359,7486,2024-04-08,30.45
2360,12375,2024-03-06,9.45
2361,638,2024-01-03,9.45
2362,2720,2024-08-05,30.45
2363,18536,2024-06-07,9.45
2364,10232,2024-09-09,30.45
2365,19180,2023-04-05,82.95
2366,5570,2024-10-12,208.95
2367,8509,2024-09-08,82.95
2368,7427,2023-10-03,82.95
2369,18521,2024-05-04,30.45
2370,7565,2024-07-03,30.45
2371,14777,2023-08-08,208.95
2372,1487,2024-07-12,82.95
2373,16346,2023-07-04,82.95
2374,12956,2023-10-07,30.45
2375,3632,2024-03-06,9.45
2376,9688,2023-01-12,82.95
2377,12014,2023-08-12,30.45
2378,16693,2024-04-10,9.45
2379,6869,2024-09-03,82.95
2380,8214,2023-11-10,9.45
2381,12213,2023-07-06,30.45
2382,6490,2024-12-04,9.45
2383,15712,2024-11-04,30.45
2384,2062,2024-05-08,9.45
2385,2252,2023-10-07,30.45
2386,19017,2024-07-03,30.45
2387,1357,2024-05-05,30.45
2388,16583,2024-09-10,9.45
2389,4031,2023-05-12,82.95
2390,19188,2023-12-05,82.95
2391,2962,2024-01-10,82.95
2392,6449,2023-10-02,30.45
2393,11899,2024-12-06,9.45
2394,15392,2024-05-10,9.45
2395,8421,,82.95
2396,12507,2024-01-05,9.45
2397,8510,2024-10-08,82.95
2398,12875,2024-10-01,9.45
2399,16928,2024-10-09,30.45
2400,9540,2024-08-11,30.45
2401,11426,2024-01-05,30.45
2402,5531,2024-05-03,9.45
2403,6275,2024-11-07,30.45
2404,8121,2024-04-11,30.45
2405,12068,2024-11-04,9.45
2406,5740,2024-09-08,9.45
2407,2818,2024-04-05,9.45
2408,10477,2024-05-04,9.45
2409,10665,2023-12-07,30.45
2410,15558,2023-12-05,9.45
2411,14120,2023-10-06,30.45
2412,3384,2023-12-02,30.45
2413,13401,2023-11-06,208.95
2414,11849,2024-01-07,9.45
2415,20182,2024-01-04,9.45
2416,9233,2024-09-04,82.95
2417,7240,2024-09-12,30.45
2418,9552,2023-01-09,30.45
2419,12031,2023-05-03,82.95
2420,13803,2024-12-06,9.45
2421,18729,2024-09-09,82.95
2422,15530,2024-12-03,30.45
2423,1456,2024-03-12,30.45
2424,3044,2024-08-09,30.45
2425,4609,2023-01-06,9.45
2426,6024,2024-12-07,9.45
2427,18597,2024-08-02,30.45
2428,484,2023-09-06,9.45
2429,18880,2024-03-05,82.95
2430,10431,2023-08-09,9.45
2431,7327,2024-08-04,9.45
2432,17208,2024-10-09,208.95
2433,7498,2024-08-05,82.95
2434,18765,2024-04-12,9.45
2435,17610,2024-08-07,208.95
2436,16059,2024-02-09,30.45
2437,16271,2023-01-09,9.45
2438,13506,2023-06-12,82.95
2439,13291,2024-09-03,30.45
2440,7332,2023-07-08,30.45
2441,5093,2023-06-08,9.45
2442,4390,2023-06-09,9.45
2443,8374,2023-11-03,30.45
2444,910927,2023-11-08,82.95
2445,15999,2024-06-11,82.95
2446,9583,2024-03-10,82.95
2447,4183,2024-07-05,18.9
2448,7028,2024-07-05,82.95
2449,6338,2024-09-08,82.95
2450,1774,2023-10-09,82.95
2451,3255,2024-11-05,208.95
2452,16711,2024-06-09,208.95
2453,3459,2024-04-11,9.45
2454,11295,2024-12-08,82.95
2455,12791,2024-04-09,82.95
2456,4135,2024-05-06,82.95
2457,6070,2023-07-06,9.45
2458,17933,2024-11-06,9.45
2459,6499,2024-06-04,82.95
2460,20326,2024-10-02,30.45
2461,19686,2023-10-03,208.95
2462,12035,2023-09-10,82.95
2463,18622,2024-09-06,82.95
2464,18207,,30.45
2465,1539,2023-11-02,9.45
2466,14426,2024-01-09,30.45
2467,19538,2023-10-09,82.95
2468,19534,2023-06-02,82.95
2469,10915,2024-05-06,9.45
2470,19212,2023-10-04,82.95
2471,14042,2024-11-08,208.95
2472,19689,2024-01-10,208.95
2473,7198,2024-05-05,30.45
2474,17834,2024-11-04,30.45
2475,15177,2023-10-06,30.45
2476,15981,2023-10-09,9.45
2477,20076,2023-08-07,30.45
2478,9127,2024-01-08,9.45
2479,9171,2024-03-08,9.45
2480,11105,2024-01-05,9.45
2481,13241,2024-02-07,30.45
2482,14292,2024-09-07,9.45
2483,6444,2024-08-04,30.45
2484,1526,2024-09-02,82.95
2485,19817,2024-06-03,30.45
2486,917,2024-07-03,30.45
2487,9885,2024-07-03,9.45
2488,15451,2023-06-02,9.45
2489,9195,2024-10-06,30.45
2490,7716,2024-10-03,30.45
2491,6207,2023-09-04,82.95
2492,16645,2024-02-11,208.95
2493,16168,2024-01-05,30.45
2494,8500,2023-12-06,82.95
2495,14766,2024-09-03,30.45
2496,1093,2024-10-08,9.45
2497,18428,2023-11-10,9.45
2498,13906,2024-07-07,9.45
2499,266,2023-12-06,9.45
2500,7360,2024-12-11,82.95
2501,13599,2024-05-07,9.45
2502,3820,2024-08-12,30.45
2503,17420,2023-12-04,9.45
2504,17190,2024-12-07,9.45
2505,436,2024-06-02,30.45
2506,7324,2024-12-02,9.45
2507,2303,2024-06-08,30.45
2508,8825,2024-11-06,82.95
2509,12302,2023-08-07,30.45
2510,10304,2024-12-08,9.45
2511,3527,2024-02-03,9.45
2512,6262,2023-10-11,30.45
2513,2691,2024-10-08,30.45
2514,19179,2023-03-02,82.95
2515,14830,2024-06-02,9.45
2516,13569,2024-01-05,9.45
2517,11128,2024-01-01,30.45
2518,9324,2024-11-09,82.95
2519,67,2023-08-08,82.95
2520,471,2023-09-04,9.45
2521,15279,2023-10-05,82.95
2522,20413,2024-08-09,9.45
2523,9919,2023-05-03,82.95
2524,10453,2023-08-10,82.95
2525,13261,2023-10-05,9.45
2526,3203,2024-04-08,30.45
2527,9077,2024-11-12,9.45
2528,9058,2024-12-05,9.45
2529,309,2024-08-07,9.45
2530,109,2024-10-08,82.95
2531,495,2024-11-08,9.45
2532,4518,2024-02-01,9.45
2533,6315,2024-10-10,30.45
2534,9011,2024-08-07,9.45
2535,19740,2024-10-03,30.45
2536,15403,2024-07-03,30.45
2537,11711,2024-03-05,9.45
2538,7459,2023-09-08,30.45
2539,12860,2024-04-08,82.95
2540,1866,2024-11-02,208.95
2541,14106,2024-03-05,30.45
2542,2964,2024-03-08,82.95
2543,16890,2024-06-02,9.45
2544,2737,2024-11-10,9.45
2545,10603,2023-10-04,30.45
2546,10023,2023-07-02,9.45
2547,11744,2024-07-07,9.45
2548,16268,2024-10-08,9.45
2549,15123,,82.95
2550,14982,2024-01-09,9.45
2551,14159,2024-03-04,9.45
2552,931,2024-05-08,82.95
2553,7066,2024-03-09,9.45
2554,3487,2023-12-09,30.45
2555,18715,2024-05-09,30.45
2556,5646,2024-07-03,30.45
2557,12337,2024-12-04,82.95
2558,4314,2024-02-11,82.95
2559,2074,2024-12-05,82.95
2560,5797,2024-10-03,82.95
2561,15317,2023-06-11,9.45
2562,15522,2024-09-08,82.95
2563,4499,2024-07-06,9.45
2564,644,2024-10-28,9.45
2565,14350,2024-09-06,82.95
2566,7059,2023-08-11,9.45
2567,8913,2024-12-07,208.95
2568,4861,2024-09-10,30.45
2569,5835,2024-01-05,9.45
2570,11317,2024-06-04,9.45
2571,20421,2024-03-07,30.45
2572,12522,2023-11-05,30.45
2573,3002,2023-06-06,30.45
2574,18406,2024-06-08,9.45
2575,2976,2023-12-12,82.95
2576,19725,2024-07-06,82.95
2577,7264,2023-08-03,9.45
2578,20008,2024-12-12,9.45
2579,18808,2024-11-03,30.45
2580,11140,2024-03-04,9.45
2581,11586,2024-02-04,208.95
2582,3540,2023-10-05,82.95
2583,18578,2024-09-08,9.45
2584,2892,2024-12-02,30.45
2585,17879,2024-06-04,9.45
2586,481,2023-06-03,9.45
2587,17857,2024-06-06,30.45
2588,13975,2023-11-07,9.45
2589,9593,2024-03-09,30.45
2590,918918,2024-08-06,30.45
2591,2601,2024-07-11,30.45
2592,3210,2024-11-06,30.45
2593,8380,2024-05-06,30.45
2594,9920,2023-06-01,82.95
2595,13177,2023-11-01,9.45
2596,11518,2024-10-04,30.45
2597,1282,2023-05-09,9.45
2598,18220,2024-06-10,30.45
2599,12005,2023-12-12,9.45
2600,6956,2024-02-03,30.45
2601,19887,2023-10-06,9.45
2602,2802,2024-05-03,82.95
2603,19443,2023-07-10,9.45
2604,18821,2023-07-09,9.45
2605,7687,2024-11-09,9.45
2606,9079,2023-08-09,9.45
2607,20406,2024-10-10,30.45
2608,13250,2024-06-04,208.95
2609,9246,2024-05-03,30.45
2610,20055,2024-12-08,82.95
2611,5732,2024-01-05,9.45
2612,5409,2023-03-03,9.45
2613,530,2023-10-10,30.45
2614,1014,2023-02-04,9.45
2615,10435,2023-12-07,9.45
2616,19509,2024-01-09,82.95
2617,14091,2023-12-03,9.45
2618,19972,2023-12-07,30.45
2619,1029,2024-05-06,9.45
2620,6646,2023-06-04,9.45
2621,17864,2023-11-05,30.45
2622,17489,2023-07-02,30.45
2623,7024,2024-03-02,82.95
2624,16509,2024-03-09,208.95
2625,19501,2024-08-05,82.95
2626,16133,2023-05-07,208.95
2627,3467,2024-12-03,9.45
2628,9212,2024-03-04,9.45
2629,12248,2024-02-09,9.45
2630,12831,2024-07-09,30.45
2631,4897,2024-07-03,82.95
2632,767,2023-10-09,30.45
2633,7692,2024-09-10,9.45
2634,9135,2024-09-10,9.45
2635,19332,2023-11-05,9.45
2636,4547,2023-12-10,30.45
2637,2906,2024-01-11,9.45
2638,10378,2024-08-10,9.45
2639,1007,2024-06-05,30.45
2640,2952,2024-10-09,9.45
2641,13959,2024-07-05,9.45
2642,3330,2024-04-11,9.45
2643,12175,2024-01-01,208.95
2644,17055,2024-07-11,30.45
2645,6434,2024-09-08,82.95
2646,9469,2024-06-09,9.45
2647,16158,2024-06-02,9.45
2648,4539,2024-07-05,30.45
2649,11292,2024-09-10,82.95
2650,13923,2024-09-10,30.45
2651,10653,2024-11-04,9.45
2652,5288,2023-08-03,30.45
2653,2060,2024-03-07,9.45
2654,13070,2024-04-06,30.45
2655,8475,2023-08-09,9.45
2656,549,2023-07-12,82.95
2657,17423,2024-03-06,9.45
2658,2261,2024-07-03,30.45
2659,16621,2023-12-09,9.45
2660,8425,2024-07-05,82.95
2661,44,2024-12-10,82.95
2662,16920,2024-12-04,30.45
2663,2943,2024-01-02,9.45
2664,12030,2023-04-07,82.95
2665,16747,2024-01-06,9.45
2666,10581,2023-09-08,9.45
2667,18515,2023-11-06,30.45
2668,16402,2023-11-12,9.45
2669,19899,2024-10-04,9.45
2670,2557,2024-02-03,9.45
2671,7867,2024-10-09,9.45
2672,6225,2024-03-04,30.45
2673,1036,2024-12-08,9.45
2674,14061,2023-06-11,9.45
2675,19617,2024-02-08,9.45
2676,14674,2024-09-11,30.45
2677,13936,2024-01-05,30.45
2678,7292,2024-01-09,9.45
2679,908783,2023-09-08,82.95
2680,19898,2024-09-08,9.45
2681,13918,2024-04-06,30.45
2682,11335,2024-09-06,9.45
2683,10363,2024-06-03,30.45
2684,11495,2024-08-06,30.45
2685,8651,2024-06-06,30.45
2686,17827,2024-11-06,9.45
2687,1565,2023-06-06,82.95
2688,8253,2024-09-02,30.45
2689,5141,2024-12-08,208.95
2690,4080,2024-02-06,30.45
2691,14478,2024-01-11,30.45
2692,225,2024-11-07,82.95
2693,16134,2023-06-06,208.95
2694,13439,2023-04-04,9.45
2695,9974,2024-10-05,9.45
2696,11743,2024-06-08,9.45
2697,19546,2024-06-12,82.95
2698,13750,2023-07-08,9.45
2699,10553,2024-11-08,9.45
2700,8969,2023-05-10,30.45
2701,6756,2023-11-09,82.95
2702,11702,2023-06-09,87.73
2703,9347,2024-12-09,30.45
2704,19644,2024-12-07,208.95
2705,17973,2023-04-04,30.45
2706,9563,2023-12-06,30.45
2707,6720,2024-01-04,82.95
2708,9648,2023-11-10,30.45
2709,6781,2024-01-06,30.45
2710,12043,2024-07-07,9.45
2711,7804,2023-05-02,30.45
2712,8075,2024-11-03,82.95
2713,7708,2024-02-12,30.45
2714,19444,2023-08-08,9.45
2715,19594,2024-07-06,30.45
2716,8014,2023-06-08,82.95
2717,17732,2024-06-03,9.45
2718,8919,2023-06-11,30.45
2719,15471,2024-02-06,9.45
2720,12699,2024-02-04,30.45
2721,6497,2024-04-04,82.95
2722,19339,2024-06-03,9.45
2723,18612,2023-11-05,82.95
2724,10888,2024-09-07,30.45
2725,12617,2024-08-07,208.95
2726,6298,2023-07-08,30.45
2727,18643,2024-09-09,82.95
2728,3486,2024-12-04,82.95
2729,16220,2024-08-11,9.45
2730,18248,2023-07-06,9.45
2731,15134,2023-07-03,30.45
2732,12370,2023-10-09,9.45
2733,18637,2024-03-06,82.95
2734,10564,2024-03-08,82.95
2735,19599,2024-12-01,30.45
2736,14570,2023-09-06,30.45
2737,16812,2023-10-07,82.95
2738,11838,2024-09-07,30.45
2739,17740,2023-02-02,9.45
2740,14960,2024-01-08,82.95
2741,18658,2024-11-03,9.45
2742,20542,2024-08-04,30.45
2743,20180,2023-11-09,9.45
2744,16228,2023-08-10,9.45
2745,14900,2024-04-08,30.45
2746,13796,2024-05-06,9.45
2747,18714,2024-04-07,30.45
2748,15585,2024-08-07,30.45
2749,7322,2024-10-02,9.45
2750,17146,2024-11-09,30.45
2751,17193,2023-05-04,30.45
2752,5283,2024-10-05,9.45
2753,10713,2024-03-10,82.95
2754,496,2024-12-09,9.45
2755,6496,2024-03-06,865.39
2756,6955,2024-01-06,30.45
2757,11985,2023-07-07,9.45
2758,16880,2024-11-04,9.45
2759,12385,2024-07-10,9.45
2760,15741,2024-05-01,30.45
2761,4120,2024-05-06,82.95
2762,7213,2024-06-08,30.45
2763,13909,2024-10-11,9.45
2764,20310,2024-11-03,9.45
2765,14209,2024-06-03,9.45
2766,17886,2024-03-04,82.95
2767,3275,2024-05-10,9.45
2768,14588,2024-04-05,30.45
2769,16219,2024-07-08,9.45
2770,10130,2024-04-06,82.95
2771,10996,2025-02-04,208.95
2772,6732,2024-06-04,9.45
2773,18095,2023-12-01,30.45
2774,18911,2024-10-02,30.45
2775,386,2024-02-01,30.45
2776,18424,2024-12-10,82.95
2777,5666,2023-06-06,208.95
2778,12572,2024-06-08,82.95
2779,6107,2024-07-09,9.45
2780,10572,2024-05-04,9.45
2781,12599,2023-11-03,9.45
2782,2154,2024-01-06,30.45
2783,2378,2024-03-05,9.45
2784,1285,2023-08-11,9.45
2785,20217,2024-04-12,9.45
2786,13119,2024-10-07,208.95
2787,20146,2024-01-01,9.45
2788,251,2024-06-06,208.95
2789,3345,2024-08-11,30.45
2790,13598,2024-04-09,9.45
2791,5634,2023-07-06,30.45
2792,14282,2023-11-09,9.45
2793,6664,2024-12-10,9.45
2794,10856,2023-04-05,82.95
2795,8832,2023-03-03,82.95
2796,16859,2023-02-12,9.45
2797,14484,2024-07-06,30.45
2798,10195,2024-06-12,82.95
2799,5956,2023-10-04,30.45
2800,14139,2024-06-06,9.45
2801,9979,2023-11-10,30.45
2802,20492,2023-10-04,9.45
2803,8647,2024-02-06,30.45
2804,16667,2024-10-04,30.45
2805,13441,2023-06-04,9.45
2806,117,2023-12-04,82.95
2807,11666,2024-10-04,30.45
2808,18103,2024-08-07,30.45
2809,18346,2024-12-11,9.45
2810,7456,2024-12-08,208.95
2811,9198,2023-01-07,9.45
2812,3174,2024-04-07,9.45
2813,1354,2024-10-03,208.95
2814,12080,2024-09-02,82.95
2815,10992,2024-08-08,208.95
2816,17682,2024-01-03,9.45
2817,7166,2023-05-09,9.45
2818,12391,2024-05-05,82.95
2819,16400,2024-11-09,9.45
2820,4691,2024-11-05,9.45
2821,2775,2024-09-05,82.95
2822,20475,2024-12-05,9.45
2823,13068,2024-02-12,30.45
2824,10084,2024-10-07,30.45
2825,17529,2024-10-03,9.45
2826,3145,2024-03-11,82.95
2827,9,2024-10-13,30.45
2828,9879,2024-01-09,9.45
2829,8093,2024-02-09,208.95
2830,16564,2024-04-03,9.45
2831,11465,2024-06-04,9.45
2832,12900,2023-07-10,9.45
2833,4328,2024-02-09,9.45
2834,7715,2024-09-08,30.45
2835,6088,2024-07-03,30.45
2836,17448,2024-08-04,30.45
2837,18192,2024-01-03,9.45
2838,4503,2024-11-10,9.45
2839,12173,2023-11-07,208.95
2840,2870,2023-02-03,30.45
2841,11375,2023-04-02,9.45
2842,18831,2024-05-05,9.45
2843,13000,2024-08-05,9.45
2844,3081,,30.45
2845,7642,2024-11-04,9.45
2846,18226,2024-12-10,30.45
2847,3676,2023-03-09,9.45
2848,18891,2024-01-09,9.45
2849,19056,2024-03-05,82.95
2850,7679,2024-03-08,9.45
2851,7697,2023-03-03,30.45
2852,6931,2023-10-08,9.45
2853,14593,2024-09-03,30.45
2854,14384,2024-12-06,9.45
2855,9790,2023-12-05,30.45
2856,5709,2024-01-09,82.95
2857,5009,2024-10-03,30.45
2858,6844,2024-05-06,30.45
2859,1015,2023-03-04,9.45
2860,14676,2024-11-11,30.45
2861,3226,2024-12-06,9.45
2862,6515,2024-02-04,30.45
2863,14385,2023-10-09,208.95
2864,7776,2024-05-08,9.45
2865,20031,2024-12-04,9.45
2866,5355,2023-07-02,82.95
2867,12446,2023-08-10,9.45
2868,3857,2023-10-06,30.45
2869,3274,2024-04-08,9.45
2870,11339,2024-07-01,9.45
2871,14256,2024-05-06,30.45
2872,9752,2024-07-05,30.45
2873,8511,2024-11-04,82.95
2874,17228,2023-09-05,82.95
2875,16102,2024-05-07,82.95
2876,16146,2024-06-03,208.95
2877,396,2024-12-09,30.45
2878,17499,2024-05-10,30.45
2879,18425,2023-08-01,9.45
2880,8561,2024-07-09,9.45
2881,14640,2024-11-11,9.45
2882,14129,2024-07-08,30.45
2883,7839,2023-12-06,82.95
2884,1930,2024-04-02,9.45
2885,790,2024-01-10,311.84
2886,6171,2023-09-02,82.95
2887,5015,2023-06-03,9.45
2888,5066,2024-10-04,82.95
2889,11903,2023-09-09,82.95
2890,2227,2023-01-04,30.45
2891,11889,2024-02-06,9.45
2892,20025,2024-06-09,9.45
2893,18198,2023-08-04,30.45
2894,13810,2024-02-03,9.45
2895,3660,2023-09-09,30.45
2896,9737,2023-12-07,82.95
2897,2990,2023-09-11,9.45
2898,18887,2023-09-04,9.45
2899,8066,2024-07-03,9.45
2900,3271,2024-10-07,9.45
2901,538,2024-06-06,30.45
2902,10115,2024-04-11,9.45
2903,7008,2024-06-02,82.95
2904,3350,2024-04-05,82.95
2905,13783,2024-12-09,30.45
2906,17655,2023-08-05,9.45
2907,18451,2023-12-05,30.45
2908,6762,2024-05-07,82.95
2909,10387,2023-09-02,30.45
2910,16515,2024-09-06,208.95
2911,883,2024-01-03,208.95
2912,17559,,30.45
2913,912585,2024-06-09,9.45
2914,5169,2024-05-03,208.95
2915,943,2024-03-02,30.45
2916,12612,2024-12-03,9.45
2917,10989,2024-05-05,208.95
2918,4096,2024-08-03,9.45
2919,3503,2023-07-04,9.45
2920,11507,2024-05-03,9.45
2921,6472,2024-10-10,9.45
2922,2812,2023-10-04,9.45
2923,10789,2024-05-04,82.95
2924,8465,2024-03-06,30.45
2925,2494,2024-12-08,9.45
2926,8776,2024-09-02,30.45
2927,10546,2024-04-11,9.45
2928,801,2024-12-10,30.45
2929,7429,2023-12-05,82.95
2930,15190,2024-11-08,30.45
2931,15210,2023-08-12,9.45
2932,10060,2024-03-09,82.95
2933,3615,,9.45
2934,16519,2024-08-04,30.45
2935,6779,2023-11-04,30.45
2936,19187,2023-11-07,82.95
2937,16149,2024-09-03,208.95
2938,17386,2024-08-05,9.45
2939,11797,2024-11-02,9.45
2940,4933,2024-05-04,30.45
2941,15064,2024-09-04,30.45
2942,1660,2024-07-08,18.9
2943,13759,2024-01-08,9.45
2944,10590,2024-06-09,9.45
2945,6730,2024-11-08,82.95
2946,8254,2024-10-10,30.45
2947,4625,2024-05-01,9.45
2948,5323,2024-01-11,82.95
2949,17422,2024-02-03,9.45
2950,403,2024-12-02,30.45
2951,19228,2023-02-03,9.45
2952,7884,2024-03-03,208.95
2953,3423,2023-12-08,9.45
2954,5645,2024-06-01,30.45
2955,10202,2024-04-08,9.45
2956,9539,2024-07-05,30.45
2957,3844,2023-12-09,9.45
2958,3191,2024-07-03,9.45
2959,10904,2023-08-20,9.45
2960,14809,2024-05-08,30.45
2961,7830,2023-03-07,82.95
2962,13907,2024-08-03,9.45
2963,10318,2023-12-08,9.45
2964,20393,2024-11-08,30.45
2965,18557,2024-08-01,82.95
2966,9995,2024-01-07,208.95
2967,10731,2024-09-07,9.45
2968,14274,2023-03-02,9.45
2969,3023,2023-09-03,30.45
2970,6272,2024-08-06,30.45
2971,18182,2024-09-02,30.45
2972,13086,2023-10-07,9.45
2973,10534,2024-04-06,82.95
2974,17128,2024-07-10,30.45
2975,7320,2024-08-04,9.45
2976,772,2024-03-02,30.45
2977,9013,2024-10-05,9.45
2978,5170,2024-06-05,208.95
2979,13402,2023-12-03,208.95
2980,14363,2023-12-09,82.95
2981,8366,2024-09-10,9.45
2982,522,2023-02-02,30.45
2983,1474,2023-06-06,82.95
2984,20297,2023-10-03,9.45
2985,15792,2024-09-11,30.45
2986,14720,2024-02-08,9.45
2987,1305,2023-07-04,9.45
2988,9269,2024-08-02,82.95
2989,9523,2023-12-02,30.45
2990,11684,2023-10-01,9.45
2991,928,2024-02-01,82.95
2992,17659,2023-12-05,9.45
2993,4075,2023-11-07,30.45
2994,13776,2024-05-10,30.45
2995,5062,2024-06-02,82.95
2996,14043,2024-12-09,208.95
2997,9404,2024-02-09,82.95
2998,15906,2023-09-09,9.45
2999,5928,2024-07-05,82.95
3000,10933,2024-05-05,82.95
3001,9025,2024-01-03,9.45
3002,4741,2024-10-09,9.45
3003,626,2024-10-05,9.45
3004,5456,2024-05-01,82.95
3005,12613,2024-04-07,208.95
3006,6824,2024-01-02,30.45
3007,8459,2023-09-03,30.45
3008,12012,2024-07-01,9.45
3009,8553,2023-11-08,9.45
3010,8237,2023-05-04,30.45
3011,11866,2023-12-07,30.45
3012,7124,2024-09-10,30.45
3013,2353,2023-08-09,82.95
3014,20532,2023-07-04,9.45
3015,12656,2024-01-06,9.45
3016,10835,2023-09-04,30.45
3017,20498,2024-07-03,165.9
3018,16215,2024-03-03,9.45
3019,16038,,30.45
3020,7251,2023-12-02,208.95
3021,5723,2023-04-01,9.45
3022,3403,2024-08-02,9.45
3023,12259,2024-03-11,82.95
3024,7021,2023-12-03,82.95
3025,8072,2024-08-04,82.95
3026,14040,2024-09-10,208.95
3027,8827,2023-01-04,30.45
3028,7583,2024-08-04,9.45
3029,11696,2024-10-08,9.45
3030,19883,2023-06-09,9.45
3031,18441,2024-12-06,9.45
3032,7634,2024-03-04,9.45
3033,8015,2023-07-09,82.95
3034,14908,2024-12-08,30.45
3035,10411,2024-06-07,9.45
3036,8699,2024-04-10,9.45
3037,17296,2024-02-02,208.95
3038,17292,2024-10-02,30.45
3039,12202,2024-06-07,82.95
3040,15729,2024-01-09,82.95
3041,10315,2023-09-01,9.45
3042,12330,2024-05-01,82.95
3043,6623,2024-12-05,9.45
3044,16665,2024-08-09,30.45
3045,8144,2024-09-06,30.45
3046,12985,2024-02-08,30.45
3047,12143,2024-08-10,9.45
3048,521,2023-01-11,30.45
3049,2712,2024-12-09,30.45
3050,18954,2024-02-11,30.45
3051,7274,2024-06-07,9.45
3052,821,2024-03-31,30.45
3053,14142,,9.45
3054,2437,2024-08-12,30.45
3055,1327,2023-07-02,9.45
3056,2217,2024-03-10,30.45
3057,886,2024-04-04,208.95
3058,20478,2024-12-08,9.45
3059,10171,2023-10-04,9.45
3060,9653,2023-04-11,9.45
3061,5812,2023-10-11,82.95
3062,10349,2023-04-11,30.45
3063,4163,2024-10-05,30.45
3064,13256,2024-12-06,208.95
3065,17718,2024-10-03,30.45
3066,757,2024-11-05,30.45
3067,11597,2023-10-03,9.45
3068,5628,2023-01-02,30.45
3069,6418,2024-09-06,82.95
3070,15387,2023-12-10,9.45
3071,8860,2023-08-01,9.45
3072,392,2024-08-09,30.45
3073,3842,2024-11-10,9.45
3074,19083,2023-12-09,82.95
3075,14406,2023-09-01,30.45
3076,2393,2024-02-11,82.95
3077,15949,2024-09-11,208.95
3078,13211,2024-08-06,9.45
3079,16499,2024-03-09,82.95
3080,4684,2024-04-10,9.45
3081,1756,2024-05-04,30.45
3082,4330,2024-04-09,9.45
3083,1127,2024-12-09,30.45
3084,11956,,9.45
3085,832,2024-02-08,9.45
3086,4834,2023-10-08,9.45
3087,18586,2024-11-09,30.45
3088,14230,2024-10-08,30.45
3089,6868,2024-08-02,82.95
3090,9804,2024-09-06,30.45
3091,12932,2024-05-11,30.45
3092,16307,2024-09-10,9.45
3093,19816,2024-05-10,30.45
3094,10092,2024-08-04,9.45
3095,2891,2024-11-03,30.45
3096,3908,2023-12-04,9.45
3097,15031,2024-09-08,30.45
3098,7278,2024-10-07,9.45
3099,17652,2024-11-04,82.95
3100,18758,2024-11-11,30.45
3101,13064,2023-10-08,30.45
3102,2709,2024-09-08,30.45
3103,1118,2024-03-02,30.45
3104,8318,2024-01-07,9.45
3105,6527,2024-02-08,30.45
3106,5710,2024-02-04,82.95
3107,10379,2024-09-03,9.45
3108,313,2024-12-02,9.45
3109,15350,2024-06-10,30.45
3110,5095,2023-08-08,9.45
3111,447,2024-10-03,9.45
3112,18709,2023-11-01,30.45
3113,17257,2024-08-12,30.45
3114,9061,2023-07-07,9.45
3115,6101,2024-02-09,9.45
3116,5708,2023-12-09,82.95
3117,15414,2024-07-06,30.45
3118,19223,2024-09-07,82.95
3119,3399,2024-04-08,9.45
3120,13171,2023-05-03,9.45
3121,7522,2023-10-04,9.45
3122,8787,2024-01-07,82.95
3123,300,2024-07-06,30.45
3124,20000,2024-09-02,30.45
3125,14396,2024-09-05,208.95
3126,2936,2023-06-11,9.45
3127,7541,2024-05-05,30.45
3128,3696,2024-11-07,9.45
3129,13075,2024-09-08,30.45
3130,586,2024-05-10,9.45
3131,1371,2023-11-07,30.45
3132,7580,2024-05-10,9.45
3133,12234,2024-07-06,60.9
3134,17148,2024-03-08,208.95
3135,13215,2024-12-10,9.45
3136,18170,2024-02-10,9.45
3137,1273,2024-08-12,9.45
3138,20327,2024-11-02,30.45
3139,6320,2023-10-02,9.45
3140,16348,2023-09-07,82.95
3141,12386,2024-08-11,9.45
3142,7898,2023-08-05,82.95
3143,1575,2024-04-06,82.95
3144,16575,2024-01-04,9.45
3145,17826,2024-10-04,9.45
3146,18793,2024-10-07,9.45
3147,2523,2023-10-11,9.45
3148,13130,2024-01-12,30.45
3149,1448,2024-06-11,9.45
3150,7306,2023-06-11,9.45
3151,5643,2024-04-09,30.45
3152,2430,2024-11-06,82.95
3153,14539,2024-02-04,30.45
3154,10367,2024-10-02,30.45
3155,14760,2024-03-02,30.45
3156,6201,2024-11-06,30.45
3157,3055,2024-02-06,9.45
3158,7743,2023-11-07,9.45
3159,17408,2024-09-10,9.45
3160,16009,2024-09-07,30.45
3161,15747,2024-11-05,30.45
3162,18638,2024-04-12,82.95
3163,15658,2023-05-04,30.45
3164,14187,2024-10-01,82.95
3165,20444,2024-11-04,9.45
3166,18273,2024-05-06,9.45
3167,16024,2023-06-11,30.45
3168,7497,2024-07-07,82.95
3169,17290,2024-08-06,30.45
3170,8411,2023-05-05,82.95
3171,2784,2023-10-03,208.95
3172,1346,2024-02-07,208.95
3173,10282,2024-06-08,9.45
3174,17293,2024-11-09,30.45
3175,9021,2024-11-06,9.45
3176,16016,2024-08-06,9.45
3177,5310,2024-08-06,82.95
3178,17884,2024-11-05,9.45
3179,6559,2024-12-01,30.45
3180,11131,2024-04-02,30.45
3181,6741,2024-02-05,9.45
3182,5944,2024-08-04,9.45
3183,8261,2023-07-07,30.45
3184,2304,2024-07-07,30.45
3185,19928,2024-04-09,9.45
3186,19035,2024-12-05,9.45
3187,2377,2024-02-09,9.45
3188,1878,2024-07-10,60.9
3189,15811,2023-12-03,9.45
3190,13357,2024-11-05,30.45
3191,1060,2024-11-04,208.95
3192,2310,2023-05-03,82.95
3193,10223,2024-07-03,60.9
3194,17556,2023-04-05,30.45
3195,5929,2024-08-06,82.95
3196,16230,2023-10-11,9.45
3197,19248,2024-10-09,9.45
3198,14155,2023-11-04,9.45
3199,6548,2024-01-10,30.45
3200,19091,2024-08-05,82.95
3201,8078,2023-06-08,82.95
3202,5238,2023-11-06,9.45
3203,20465,2024-05-06,82.95
3204,19809,2024-01-09,208.95
3205,5817,2024-03-02,82.95
3206,18142,2024-08-03,30.45
3207,3774,2024-11-04,9.45
3208,13973,2023-09-06,9.45
3209,9897,2024-05-06,9.45
3210,4141,2024-11-05,82.95
3211,7419,2024-07-03,9.45
3212,10017,2023-01-06,9.45
3213,6316,2024-11-09,30.45
3214,19171,2024-05-03,82.95
3215,12913,2024-08-08,9.45
3216,9361,2024-06-08,82.95
3217,5366,2024-06-08,82.95
3218,17106,2024-09-06,9.45
3219,3965,2024-02-03,9.45
3220,16432,2024-12-05,9.45
3221,2762,2024-08-11,9.45
3222,11817,2024-06-08,9.45
3223,3289,2024-03-02,30.45
3224,2842,2024-12-04,9.45
3225,13009,2024-03-09,9.45
3226,15356,2024-12-04,30.45
3227,7764,2024-03-11,82.95
3228,18989,2024-06-08,9.45
3229,20479,2024-03-05,9.45
3230,6519,2024-06-09,30.45
3231,5993,2023-09-04,208.95
3232,11774,2024-02-05,9.45
3233,14959,2023-12-05,82.95
3234,6394,2023-12-08,82.95
3235,5715,2024-07-11,82.95
3236,10494,2024-01-09,82.95
3237,8494,2023-06-07,82.95
3238,17085,2023-07-03,208.95
3239,8868,2024-04-10,9.45
3240,5534,2024-03-05,30.45
3241,1395,2024-04-03,82.95
3242,4344,2024-01-09,9.45
3243,9012,2024-09-09,9.45
3244,5932,2024-11-09,82.95
3245,2620,2024-06-08,9.45
3246,13065,2023-11-02,30.45
3247,17439,2024-07-11,18.9
3248,11907,2024-01-11,82.95
3249,3306,2024-12-09,30.45
3250,6660,2024-08-09,9.45
3251,7854,2023-09-10,9.45
3252,9634,2024-03-09,30.45
3253,15278,2023-09-05,82.95
3254,9483,2024-04-05,9.45
3255,16311,2024-03-08,30.45
3256,9803,2024-08-08,30.45
3257,20101,2023-04-02,208.95
3258,11596,2024-12-02,208.95
3259,11253,2024-02-07,9.45
3260,6413,2024-12-02,9.45
3261,19468,2023-12-03,208.95
3262,16622,2024-01-05,101.27
3263,9134,2024-08-09,9.45
3264,5059,2024-03-06,82.95
3265,4072,2024-11-02,9.45
3266,14537,2023-12-03,30.45
3267,4497,2024-05-11,9.45
3268,15009,2024-05-04,9.45
3269,7923,2024-10-05,30.45
3270,16011,2024-11-09,30.45
3271,12654,2023-11-08,9.45
3272,8695,2023-12-03,9.45
3273,6964,2024-10-04,30.45
3274,1542,2024-02-04,9.45
3275,7845,2024-06-06,82.95
3276,16139,2023-11-01,208.95
3277,4748,2023-06-10,208.95
3278,12514,2024-08-05,9.45
3279,19698,2024-10-06,208.95
3280,7547,2024-11-11,30.45
3281,2030,2024-11-11,9.45
3282,14157,2024-01-08,9.45
3283,3260,2023-11-10,9.45
3284,15007,2024-03-07,9.45
3285,5855,2024-12-02,208.95
3286,10197,2024-08-09,82.95
3287,19302,2024-10-06,9.45
3288,10245,2024-04-05,30.45
3289,10081,2024-07-07,30.45
3290,18036,2024-01-08,82.95
3291,20253,2023-04-02,82.95
3292,12165,2023-03-11,208.95
3293,19049,2023-08-07,82.95
3294,7641,2024-10-05,9.45
3295,14664,2024-04-09,9.45
3296,15184,2024-05-06,30.45
3297,1569,2023-10-08,82.95
3298,19785,2024-07-06,9.45
3299,7577,2024-02-07,9.45
3300,4763,2024-09-08,208.95
3301,18841,2024-08-07,9.45
3302,1815,2024-12-09,30.45
3303,252,2024-07-10,208.95
3304,17850,2024-10-07,30.45
3305,19455,2024-07-07,9.45
3306,16157,2024-05-03,9.45
3307,14196,2024-01-09,30.45
3308,1892,2024-02-02,30.45
3309,9010,2024-07-08,18.9
3310,4041,2024-03-04,82.95
3311,11455,2024-06-04,9.45
3312,8781,2023-07-02,82.95
3313,5315,2023-05-04,82.95
3314,8588,2024-08-07,9.45
3315,5320,2023-10-09,82.95
3316,819,2023-12-11,30.45
3317,65,2023-06-05,82.95
3318,4573,2024-07-08,82.95
3319,3464,2024-09-03,9.45
3320,16359,2024-08-03,82.95
3321,9199,2023-02-03,9.45
3322,16999,2024-12-10,9.45
3323,8659,2023-08-07,9.45
3324,11133,2024-06-09,30.45
3325,3253,2024-09-08,208.95
3326,19043,2024-09-07,82.95
3327,13610,2024-03-06,82.95
3328,1457,2024-04-04,30.45
3329,14858,2023-02-04,9.45
3330,9840,2023-09-09,82.95
3331,14039,2024-08-09,208.95
3332,854,2024-10-11,30.45
3333,14416,2024-07-10,30.45
3334,13200,2024-03-07,82.95
3335,16950,2024-07-03,30.45
3336,17197,2023-09-04,30.45
3337,3080,2024-06-05,30.45
3338,12588,2024-09-07,9.45
3339,6505,2024-12-02,82.95
3340,5796,2024-09-07,82.95
3341,12577,2024-11-09,82.95
3342,11062,2024-03-10,9.45
3343,606,2024-01-11,30.45
3344,2961,2023-12-05,82.95
3345,10009,2024-05-05,9.45
3346,15563,,9.45
3347,4379,2023-07-11,208.95
3348,2372,2023-09-02,9.45
3349,10670,2024-05-03,30.45
3350,13829,2025-02-02,30.45
3351,10759,2024-12-10,208.95
3352,7380,2024-11-03,30.45
3353,14540,2024-03-07,30.45
3354,15053,2024-09-10,9.45
3355,20298,2023-11-01,9.45
3356,8845,2024-04-07,82.95
3357,16663,2024-06-12,30.45
3358,1046,2023-09-06,208.95
3359,9693,2023-06-10,82.95
3360,2648,2023-08-12,9.45
3361,18646,2024-12-10,82.95
3362,1408,2024-01-06,9.45
3363,14069,2024-02-09,9.45
3364,19116,2024-12-10,30.45
3365,15609,2024-02-06,9.45
3366,19783,2024-11-08,9.45
3367,3019,2024-11-02,30.45
3368,10780,2023-08-10,82.95
3369,17483,2024-10-03,82.95
3370,2347,2024-07-10,82.95
3371,16596,2023-04-09,9.45
3372,5276,2024-11-07,9.45
3373,9493,2024-05-04,30.45
3374,14355,2023-04-03,82.95
3375,5264,2023-11-02,9.45
3376,9096,2023-10-04,9.45
3377,4194,2024-12-07,30.45
3378,3909,2024-01-11,9.45
3379,8200,2024-09-06,30.45
3380,8984,2024-08-09,30.45
3381,20426,2024-06-03,9.45
3382,14233,2024-04-11,30.45
3383,10622,2024-08-08,30.45
3384,12455,2024-05-11,9.45
3385,15713,2024-12-10,30.45
3386,8427,2024-09-09,82.95
3387,15176,2023-09-07,30.45
3388,9299,2024-06-09,30.45
3389,12054,2023-09-10,9.45
3390,10021,2023-05-08,9.45
3391,16638,2023-07-07,208.95
3392,15306,2024-04-04,82.95
3393,11545,2023-11-02,9.45
3394,13557,,9.45
3395,10263,2024-05-09,9.45
3396,20357,2023-11-04,9.45
3397,16521,2024-10-04,30.45
3398,3710,2024-02-06,30.45
3399,19016,2024-12-12,9.45
3400,11615,2024-09-07,30.45
3401,3051,2023-10-01,9.45
3402,15329,2024-06-05,9.45
3403,2223,2024-09-03,30.45
3404,7983,2024-08-10,30.45
3405,18028,2023-05-05,82.95
3406,6974,,82.95
3407,19692,2024-04-08,208.95
3408,19682,2023-06-05,208.95
3409,19239,2024-01-08,9.45
3410,38,2024-06-03,82.95
3411,8920,2023-07-11,30.45
3412,13562,2024-08-04,30.45
3413,7563,2024-05-03,30.45
3414,12255,2024-09-11,9.45
3415,4980,2024-08-09,9.45
3416,7352,2024-04-05,82.95
3417,19231,2023-05-07,9.45
3418,20002,2024-11-08,30.45
3419,7342,2024-05-06,30.45
3420,8104,2024-06-03,30.45
3421,1719,2024-07-05,30.45
3422,14096,2024-05-10,9.45
3423,17075,2024-06-09,9.45
3424,19836,2023-10-05,82.95
3425,20508,2024-07-04,82.95
3426,2283,2024-05-11,9.45
3427,19415,2023-12-06,9.45
3428,11145,2024-08-03,9.45
3429,17721,2023-07-05,9.45
3430,6000,2024-04-10,208.95
3431,8288,2023-12-07,82.95
3432,2454,2024-01-02,82.95
3433,5771,2023-11-05,30.45
3434,3949,2024-04-08,82.95
3435,10876,2024-12-06,82.95
3436,17507,2023-07-07,82.95
3437,11708,2023-12-02,9.45
3438,1720,2024-08-07,30.45
3439,18269,2024-01-06,9.45
3440,3000,2024-07-11,9.45
3441,12986,2024-03-09,30.45
3442,15707,2024-06-07,30.45
3443,14152,2023-08-06,9.45
3444,1437,2024-07-09,30.45
3445,8563,2024-09-03,9.45
3446,6808,2024-05-04,82.95
3447,12547,2024-09-03,30.45
3448,12948,2024-07-11,208.95
3449,16417,2023-09-03,9.45
3450,2726,2023-12-08,9.45
3451,8134,2023-11-01,30.45
3452,11616,2024-10-08,30.45
3453,2636,2024-04-02,9.45
3454,15488,2023-06-11,30.45
3455,3957,2024-12-10,82.95
3456,12439,2024-06-08,30.45
3457,15971,2024-10-07,9.45
3458,3873,2024-09-03,82.95
3459,11010,2023-08-06,30.45
3460,3431,2024-08-02,9.45
3461,1179,2024-07-08,18.9
3462,14099,2024-08-04,9.45
3463,4798,2024-12-04,9.45
3464,1952,2024-05-06,82.95
3465,9202,2023-05-02,9.45
3466,4273,2024-05-12,82.95
3467,16805,2024-06-06,9.45
3468,1164,2024-05-14,30.45
3469,11789,2024-03-04,9.45
3470,397,2024-06-04,30.45
3471,10945,2024-08-02,30.45
3472,14219,2023-11-04,30.45
3473,15726,2023-10-08,82.95
3474,1558,2024-11-10,30.45
3475,6456,2024-05-04,30.45
3476,9964,2023-12-03,9.45
3477,13182,2024-04-09,9.45
3478,17766,2024-08-02,82.95
3479,17165,2024-11-11,82.95
3480,3824,2024-12-09,30.45
3481,9172,2024-04-11,9.45
3482,9237,2023-08-05,30.45
3483,8756,2024-09-09,9.45
3484,624,2024-08-12,9.45
3485,3715,2024-07-03,30.45
3486,19545,2024-05-10,82.95
3487,7470,2024-08-10,30.45
3488,1210,2023-11-11,30.45
3489,19766,2023-06-12,9.45
3490,16484,2024-02-05,30.45
3491,19458,2024-10-03,9.45
3492,13766,2024-08-05,9.45
3493,14911,2023-08-10,9.45
3494,8362,2024-05-06,9.45
3495,18216,2024-02-05,252.19
3496,18641,2024-07-09,82.95
3497,3030,2024-04-08,30.45
3498,3692,2024-07-03,9.45
3499,7707,2024-01-07,30.45
3500,14151,2023-07-03,9.45
3501,17496,2024-02-01,30.45
3502,18222,2024-08-04,30.45
3503,3650,2024-05-10,82.95
3504,875,2023-05-03,208.95
3505,382,2023-10-10,30.45
3506,4858,2024-06-08,30.45
3507,17639,2024-11-05,82.95
3508,9623,2024-02-04,9.45
3509,11600,2024-01-06,9.45
3510,18855,2024-08-03,30.45
3511,14483,2024-06-10,30.45
3512,16413,2024-10-03,9.45
3513,7152,2023-12-02,30.45
3514,12224,2024-06-10,30.45
3515,13674,2023-12-10,9.45
3516,9193,2024-08-05,30.45
3517,3468,2023-06-06,82.95
3518,6019,2024-07-09,9.45
3519,18894,2024-04-09,9.45
3520,12645,2023-02-04,9.45
3521,939,2023-11-08,30.45
3522,8069,2024-10-05,9.45
3523,13367,2024-04-04,9.45
3524,5305,2024-09-04,82.95
3525,20469,2023-12-10,9.45
3526,14938,2024-03-10,9.45
3527,10043,2023-12-04,30.45
3528,12687,2024-08-03,30.45
3529,15370,2023-09-05,9.45
3530,10382,2024-12-12,9.45
3531,4353,2024-10-10,9.45
3532,16956,2023-05-07,30.45
3533,5157,2024-10-07,9.45
3534,15308,2024-06-04,82.95
3535,9812,2023-05-12,9.45
3536,20374,2024-03-08,9.45
3537,11578,2023-06-08,208.95
3538,4217,2024-10-02,82.95
3539,14298,2024-03-04,30.45
3540,11411,2024-01-03,9.45
3541,17118,2024-07-05,30.45
3542,11573,2024-08-04,9.45
3543,15881,2023-06-06,30.45
3544,5902,2023-10-06,30.45
3545,7373,2024-04-04,30.45
3546,9928,2024-02-07,82.95
3547,12319,2023-06-11,82.95
3548,4510,2023-06-03,9.45
3549,15459,2024-02-04,9.45
3550,15768,2023-07-02,82.95
3551,17144,2024-09-11,30.45
3552,13369,2024-06-02,9.45
3553,4159,2024-06-10,30.45
3554,10065,2024-08-05,82.95
3555,10296,2024-04-09,9.45
3556,13113,2023-05-06,82.95
3557,14372,2024-09-05,82.95
3558,13255,2024-11-07,208.95
3559,2456,2024-03-01,82.95
3560,9177,2024-09-06,9.45
3561,19935,2023-04-04,9.45
3562,1321,2024-11-02,9.45
3563,8180,2024-02-09,30.45
3564,19959,2023-04-05,9.45
3565,1653,2024-09-03,9.45
3566,2643,2024-11-03,9.45
3567,10486,2024-05-10,30.45
3568,10415,2023-09-03,9.45
3569,15239,2024-02-10,30.45
3570,19957,2023-02-02,9.45
3571,630,2023-03-12,30.45
3572,13981,2024-05-10,9.45
3573,7460,2023-10-07,30.45
3574,3001,2024-08-03,9.45
3575,14156,2023-12-07,9.45
3576,19063,2024-10-09,82.95
3577,14601,2024-08-12,208.95
3578,1030,2024-06-11,9.45
3579,120,2024-03-04,82.95
3580,1673,2024-08-04,208.95
3581,15619,2024-12-09,9.45
3582,19913,2024-08-04,208.95
3583,15890,2024-03-07,30.45
3584,8558,2024-04-11,9.45
3585,9101,2024-03-09,9.45
3586,4800,2024-06-06,9.45
3587,12348,2024-01-07,82.95
3588,19303,2024-11-11,9.45
3589,12646,2023-03-07,9.45
3590,18691,2024-05-03,208.95
3591,6269,2024-05-05,30.45
3592,1859,2024-04-02,208.95
3593,6693,2024-03-07,9.45
3594,3970,2024-07-02,9.45
3595,19219,2024-05-05,82.95
3596,14333,2024-11-10,30.45
3597,750,2024-04-03,30.45
3598,1006,2024-05-08,30.45
3599,10515,2024-06-02,30.45
3600,3378,2023-06-05,30.45
3601,15617,2024-10-09,9.45
3602,19015,2024-11-09,9.45
3603,1588,2023-07-10,9.45
3604,4575,,82.95
3605,13047,2023-11-08,9.45
3606,12883,2023-09-01,30.45
3607,12966,2024-08-11,30.45
3608,133,2024-04-11,30.45
3609,550,2023-08-05,82.95
3610,19518,2023-11-06,30.45
3611,15891,2024-04-10,30.45
3612,18458,2024-07-10,30.45
3613,10863,2023-11-04,82.95
3614,16448,2023-09-09,82.95
3615,10141,2024-09-06,9.45
3616,17753,2024-03-08,9.45
3617,10338,,9.45
3618,14715,2023-09-11,9.45
3619,8215,2023-12-05,9.45
3620,15407,2024-11-03,30.45
3621,6784,2024-04-11,30.45
3622,13567,2023-11-04,9.45
3623,17449,2024-09-06,30.45
3624,10104,2024-12-03,208.95
3625,7168,2023-07-05,9.45
3626,15899,2023-06-06,30.45
3627,13614,2024-07-03,82.95
3628,14443,2023-06-12,30.45
3629,15908,2023-11-02,9.45
3630,2031,2025-02-28,9.45
3631,2855,2024-07-07,9.45
3632,3250,2024-06-10,208.95
3633,2995,2024-02-10,9.45
3634,13683,2024-09-10,9.45
3635,6006,2024-10-05,208.95
3636,16477,2023-07-05,30.45
3637,20256,2023-07-09,82.95
3638,14727,2024-09-03,9.45
3639,20068,2024-05-10,30.45
3640,16440,2024-09-03,208.95
3641,1318,2024-08-10,9.45
3642,16522,2024-11-09,30.45
3643,17615,2024-02-05,30.45
3644,1307,2023-09-10,9.45
3645,12398,2024-12-10,82.95
3646,9321,2024-08-08,82.95
3647,16001,2024-08-04,82.95
3648,8849,2024-08-09,82.95
3649,1402,2024-11-09,82.95
3650,7526,2024-02-03,9.45
3651,10520,2024-11-06,30.45
3652,18474,2023-11-10,9.45
3653,4290,2024-11-05,9.45
3654,17368,2024-11-05,30.45
3655,9946,2024-05-04,9.45
3656,3997,2024-04-07,30.45
3657,8789,2024-03-02,82.95
3658,5776,2024-04-08,30.45
3659,20106,2023-09-12,208.95
3660,5746,2023-09-02,30.45
3661,15024,2024-12-05,82.95
3662,18286,2023-09-07,9.45
3663,8157,2024-02-03,208.95
3664,15599,2024-07-03,82.95
3665,9394,2023-04-10,82.95
3666,9544,2024-12-11,30.45
3667,17620,2024-07-04,60.9
3668,14369,2024-06-09,82.95
3669,16392,2024-03-11,9.45
3670,11249,2023-10-09,9.45
3671,17984,2024-03-07,30.45
3672,10921,2024-11-04,9.45
3673,8965,2024-12-03,9.45
3674,20141,2023-08-09,9.45
3675,19612,2023-09-08,9.45
3676,9933,2024-07-11,165.9
3677,5938,2024-02-02,9.45
3678,4517,2024-01-06,9.45
3679,18447,2024-09-11,9.45
3680,13228,2023-01-02,30.45
3681,11580,2023-08-08,208.95
3682,11108,2024-04-08,9.45
3683,9083,2023-12-11,9.45
3684,15203,2024-11-06,82.95
3685,8181,2024-03-05,30.45
3686,8666,2024-03-01,9.45
3687,3927,2024-05-10,30.45
3688,7515,2023-03-05,9.45
3689,9580,2023-12-05,82.95
3690,13855,2023-04-09,30.45
3691,17755,2024-05-05,9.45
3692,19269,2024-09-06,30.45
3693,17162,2024-08-10,82.95
3694,4288,2024-09-11,9.45
3695,3736,2023-06-08,9.45
3696,8988,2024-12-09,30.45
3697,16602,2023-10-05,9.45
3698,13192,2023-07-09,82.95
3699,425,2024-06-08,9.45
3700,2014,2023-12-10,9.45
3701,18206,2024-04-05,30.45
3702,14739,2024-02-09,9.45
3703,16804,2024-05-04,9.45
3704,97,2023-10-07,82.95
3705,11771,2023-11-10,9.45
3706,16385,2024-12-07,208.95
3707,19831,2024-08-11,208.95
3708,12186,2024-12-05,208.95
3709,677,2024-01-10,9.45
3710,9541,2024-09-07,30.45
3711,10765,2024-04-02,9.45
3712,19194,2024-06-10,82.95
3713,9093,2023-07-12,9.45
3714,14994,2023-02-03,9.45
3715,292,2023-11-04,30.45
3716,5425,2024-07-09,18.9
3717,19079,2023-08-10,82.95
3718,9353,2024-08-04,9.45
3719,12560,2023-06-07,82.95
3720,8547,2024-10-05,9.45
3721,536,2024-04-05,30.45
3722,5296,2024-05-12,82.95
3723,16901,2023-05-10,30.45
3724,6736,2024-10-07,9.45
3725,13294,2024-12-10,30.45
3726,14161,2024-05-01,9.45
3727,5914,2024-10-10,30.45
3728,12020,2024-07-05,9.45
3729,8646,2024-03-11,30.45
3730,3680,2023-07-07,9.45
3731,9432,2024-12-09,208.95
3732,10890,2024-11-04,30.45
3733,10003,2024-09-09,208.95
3734,4065,2024-04-06,9.45
3735,18492,,9.45
3736,1341,2024-09-06,9.45
3737,10951,2023-10-07,82.95
3738,8982,2024-06-09,30.45
3739,17319,2024-04-05,9.45
3740,15924,2024-09-03,82.95
3741,4170,2023-06-03,9.45
3742,12542,2024-04-09,30.45
3743,2213,2023-11-08,30.45
3744,2972,2024-11-05,82.95
3745,3985,2024-11-08,9.45
3746,10981,2023-09-10,208.95
3747,1820,2024-04-07,30.45
3748,2073,2024-11-03,82.95
3749,6629,2024-12-09,30.45
3750,9029,2024-05-07,9.45
3751,13341,2023-07-02,30.45
3752,18125,2024-06-08,30.45
3753,6987,2024-09-02,82.95
3754,20294,2024-10-06,9.45
3755,7916,2024-03-05,30.45
3756,4242,2024-07-10,9.45
3757,10069,2024-12-05,82.95
3758,13666,2024-07-02,9.45
3759,5739,2024-08-03,9.45
3760,7598,2024-07-09,30.45
3761,6446,2024-10-04,30.45
3762,19121,2023-06-04,9.45
3763,2516,2023-03-05,9.45
3764,4481,2024-02-10,208.95
3765,14154,2023-10-10,9.45
3766,7553,2023-07-09,30.45
3767,11699,2023-03-08,9.45
3768,8954,2024-11-07,82.95
3769,3169,2024-08-05,82.95
3770,9715,2024-04-03,9.45
3771,10212,2023-08-02,30.45
3772,8368,2024-11-05,9.45
3773,8752,2024-05-05,9.45
3774,3666,2024-03-03,30.45
3775,19702,2023-09-03,9.45
3776,8640,2023-07-07,30.45
3777,2064,2024-07-08,9.45
3778,3967,2024-04-11,9.45
3779,1581,2024-10-06,82.95
3780,5301,2024-10-03,82.95
3781,5494,2024-11-04,82.95
3782,4162,2024-09-03,30.45
3783,771,2024-02-09,30.45
3784,1967,2024-08-11,30.45
3785,7753,2024-09-09,9.45
3786,2072,2024-10-11,82.95
3787,15868,2024-11-12,9.45
3788,19843,2024-05-03,82.95
3789,407,2023-11-04,9.45
3790,13510,2023-10-11,82.95
3791,2136,2024-09-07,30.45
3792,19820,2024-09-04,30.45
3793,15819,2024-08-12,9.45
3794,11230,2025-02-23,30.45
3795,17638,2024-10-04,82.95
3796,19465,2023-09-02,208.95
3797,11364,2024-02-05,82.95
3798,2561,2024-06-02,9.45
3799,14414,2024-05-10,30.45
3800,8403,2024-08-08,9.45
3801,14516,2024-08-10,82.95
3802,2957,2023-08-05,82.95
3803,10666,2024-01-07,30.45
3804,3166,2024-05-02,82.95
3805,7068,2024-05-10,9.45
3806,5526,2024-09-04,208.95
3807,11353,2023-03-10,82.95
3808,3930,2024-08-08,30.45
3809,7621,2024-08-03,9.45
3810,13312,2023-07-08,9.45
3811,17479,2024-06-11,82.95
3812,14544,2023-09-03,9.45
3813,12026,2023-04-11,9.45
3814,170,2024-10-06,9.45
3815,19530,2024-11-06,30.45
3816,17589,2024-04-10,9.45
3817,12596,2023-08-07,9.45
3818,14578,2024-05-10,30.45
3819,12413,2024-10-09,9.45
3820,20349,2024-10-08,82.95
3821,8673,2024-10-10,9.45
3822,1372,2023-12-04,30.45
3823,19379,2024-08-09,30.45
3824,14697,2024-12-09,30.45
3825,16065,2024-08-07,30.45
3826,8228,2024-05-01,82.95
3827,1832,2023-10-10,82.95
3828,15502,2023-12-05,30.45
3829,15553,2023-09-11,9.45
3830,732,2024-08-03,208.95
3831,11865,2023-11-12,30.45
3832,7729,2024-12-09,9.45
3833,11808,2023-09-04,9.45
3834,2724,2024-12-05,30.45
3835,20390,2024-08-05,30.45
3836,280,2023-07-10,9.45
3837,2851,2024-03-05,9.45
3838,7895,2023-05-06,82.95
3839,5979,2024-06-06,30.45
3840,14882,2023-07-09,82.95
3841,15227,2024-02-03,82.95
3842,11845,2023-09-10,9.45
3843,6289,2024-06-07,30.45
3844,3386,2024-02-08,30.45
3845,2141,2024-07-06,30.45
3846,14711,2024-10-05,9.45
3847,8397,2024-02-04,9.45
3848,15976,2023-05-11,9.45
3849,12039,2024-03-02,9.45
3850,12268,2024-12-05,82.95
3851,12995,2024-12-11,30.45
3852,690,2024-05-05,9.45
3853,17576,2024-12-11,30.45
3854,10238,2023-09-08,30.45
3855,11843,2023-07-03,9.45
3856,13672,2023-10-10,9.45
3857,13088,2023-12-10,9.45
3858,3313,2024-11-07,9.45
3859,6109,2024-09-08,9.45
3860,4793,2024-07-02,9.45
3861,3171,2024-10-06,82.95
3862,10170,2023-09-11,9.45
3863,11368,2024-06-02,694.44
3864,2640,2024-08-10,9.45
3865,1956,2024-09-02,82.95
3866,11584,2023-12-04,208.95
3867,16264,2024-12-05,208.95
3868,8095,2024-04-01,208.95
3869,5510,2023-05-10,208.95
3870,1935,2024-09-05,9.45
3871,4832,2023-08-06,9.45
3872,12543,2024-05-01,30.45
3873,19650,2024-01-05,9.45
3874,3267,2024-06-03,9.45
3875,979,2024-02-06,208.95
3876,8716,2024-03-07,9.45
3877,14912,2023-09-04,9.45
3878,4067,2024-06-01,9.45
3879,6368,2024-05-11,82.95
3880,12965,2024-07-05,30.45
3881,643,2024-06-09,9.45
3882,3178,2024-08-02,9.45
3883,5916,2024-12-07,30.45
3884,19709,2024-04-12,9.45
3885,15975,2023-04-03,9.45
3886,18471,2023-08-08,9.45
3887,14195,2024-12-04,82.95
3888,15579,2024-02-07,30.45
3889,14656,2023-08-06,9.45
3890,7136,2024-02-11,9.45
3891,13326,2024-09-08,9.45
3892,18356,2023-12-07,9.45
3893,13830,2023-10-06,82.95
3894,2388,2023-09-06,82.95
3895,9074,2024-08-06,9.45
3896,61,2024-12-02,9.45
3897,12333,2024-08-10,82.95
3898,2237,2023-11-07,30.45
3899,3733,2023-03-09,9.45
3900,8589,2024-09-11,9.45
3901,2048,2024-11-08,9.45
3902,10556,2023-07-05,82.95
3903,2008,2024-07-01,417.9
3904,567,2024-01-06,30.45
3905,8435,2023-09-03,30.45
3906,18,2024-04-10,82.95
3907,5924,2024-03-08,82.95
3908,8950,2024-07-10,82.95
3909,2598,2024-01-08,30.45
3910,10673,2024-08-07,30.45
3911,8137,2024-02-06,30.45
3912,7231,2023-12-05,30.45
3913,2356,2023-11-04,82.95
3914,20081,2024-01-02,30.45
3915,13180,2024-02-01,9.45
3916,16632,2024-11-10,9.45
3917,11474,2023-08-09,30.45
3918,18093,2024-11-07,9.45
3919,17317,2024-02-03,9.45
3920,18448,2024-10-02,9.45
3921,18069,2023-10-04,30.45
3922,20371,2023-12-02,9.45
3923,9739,2024-02-04,82.95
3924,13568,2023-12-09,9.45
3925,10336,2024-03-04,9.45
3926,5165,2024-01-08,208.95
3927,8496,2023-08-12,82.95
3928,10414,2023-08-06,9.45
3929,7095,2024-04-10,9.45
3930,2121,2024-05-09,30.45
3931,15740,2024-12-07,82.95
3932,1091,2024-08-05,9.45
3933,19969,2024-02-11,9.45
3934,1734,2023-10-06,208.95
3935,4857,2024-05-06,30.45
3936,15068,2023-04-05,9.45
3937,14893,2024-06-03,82.95
3938,4292,2023-11-06,82.95
3939,15790,2024-07-11,30.45
3940,8114,2023-09-06,30.45
3941,7956,2023-11-05,30.45
3942,13150,2023-05-11,82.95
3943,12426,2024-09-03,82.95
3944,5299,2024-08-09,82.95
3945,6585,2023-08-04,9.45
3946,4425,2023-10-09,82.95
3947,18164,2024-09-03,30.45
3948,18661,2024-07-12,9.45
3949,6600,2024-11-03,9.45
3950,4726,2024-11-05,30.45
3951,303,2024-10-06,30.45
3952,6745,2024-06-09,9.45
3953,13076,2024-10-04,30.45
3954,10932,2024-04-04,82.95
3955,17793,2024-04-08,30.45
3956,520,2024-12-02,82.95
3957,9371,2024-07-06,9.45
3958,15982,2023-11-10,9.45
3959,5153,2024-06-08,9.45
3960,4677,2023-09-12,9.45
3961,18598,2024-09-04,30.45
3962,16322,2024-04-03,9.45
3963,9930,2024-04-09,82.95
3964,12970,2024-12-12,30.45
3965,98,2023-11-04,82.95
3966,17295,2024-01-06,208.95
3967,9843,2023-12-10,82.95
3968,9637,2024-06-04,30.45
3969,15258,2023-12-04,82.95
3970,16906,2023-10-08,30.45
3971,13382,2023-08-04,208.95
3972,7254,2024-03-02,208.95
3973,9473,2024-10-10,9.45
3974,18919,2024-09-03,30.45
3975,2671,2023-09-08,208.95
3976,13757,2023-11-12,9.45
3977,19434,2024-12-08,30.45
3978,17265,2024-02-06,30.45
3979,20212,2024-10-12,9.45
3980,14206,2024-11-08,30.45
3981,17990,2024-09-11,30.45
3982,10163,2024-09-07,82.95
3983,13860,2023-09-02,30.45
3984,5927,2024-06-03,82.95
3985,19920,2023-08-06,9.45
3986,14650,2024-08-07,30.45
3987,16226,2023-09-10,9.45
3988,18596,2024-07-06,30.45
3989,634,2023-07-11,30.45
3990,7890,2024-09-04,208.95
3991,4368,2024-05-06,82.95
3992,10155,2024-01-04,82.95
3993,10794,2024-10-02,82.95
3994,14062,2023-07-11,9.45
3995,166,2024-06-11,9.45
3996,18101,2024-06-03,30.45
3997,20120,2024-11-01,208.95
3998,15490,2023-08-10,30.45
3999,12785,2024-10-05,30.45
4000,15465,2024-08-11,9.45
4001,16610,2024-06-02,9.45
4002,11196,2024-11-02,82.95
4003,20504,2024-07-06,9.45
4004,6083,2024-08-04,9.45
4005,11500,2023-10-12,9.45
4006,7960,2024-03-02,30.45
4007,4779,2024-12-07,82.95
4008,3485,2024-11-10,82.95
4009,8410,2023-04-09,82.95
4010,17304,2024-06-04,30.45
4011,12006,2024-01-06,9.45
4012,17668,2024-09-08,9.45
4013,8697,2024-02-10,9.45
4014,16256,2024-04-09,208.95
4015,18349,2023-05-12,9.45
4016,8533,2024-11-07,82.95
4017,13955,2024-03-08,9.45
4018,18890,2023-12-11,9.45
4019,846,2024-02-09,30.45
4020,10959,2024-06-11,82.95
4021,17394,2023-09-05,30.45
4022,10018,2023-02-08,9.45
4023,2080,2023-10-06,82.95
4024,15439,2024-06-02,9.45
4025,4638,2024-08-09,9.45
4026,20354,2023-08-08,9.45
4027,18525,2024-09-03,30.45
4028,793,2024-04-09,30.45
4029,13902,2024-03-08,9.45
4030,11910,2024-04-11,82.95
4031,13553,2024-04-10,9.45
4032,20151,2024-06-08,9.45
4033,17773,2024-01-08,82.95
4034,13552,2024-03-06,9.45
4035,13720,2024-06-09,30.45
4036,18319,2024-08-07,82.95
4037,6999,2024-12-03,9.45
4038,7284,2023-05-07,9.45
4039,14855,2024-11-03,208.95
4040,12882,2023-10-11,30.45
4041,14439,2023-02-03,30.45
4042,13566,2023-10-10,9.45
4043,2157,2024-04-10,30.45
4044,11751,2024-01-10,30.45
4045,5718,2024-10-10,82.95
4046,14179,2024-02-04,82.95
4047,5280,2024-07-08,9.45
4048,3354,2024-08-10,82.95
4049,17896,2023-11-05,30.45
4050,6738,2024-12-03,9.45
4051,77,2024-06-09,82.95
4052,7143,2024-09-06,9.45
4053,11436,2024-11-01,30.45
4054,11129,2024-02-08,30.45
4055,10969,2024-08-09,82.95
4056,14263,2024-12-07,30.45
4057,10569,2024-02-11,9.45
4058,11367,2024-05-05,82.95
4059,29,2023-09-03,82.95
4060,4938,2024-10-07,30.45
4061,16760,2023-09-06,9.45
4062,5913,2024-09-06,30.45
4063,17349,2023-04-12,30.45
4064,7280,2024-12-06,9.45
4065,9888,2024-10-12,9.45
4066,5545,2024-06-09,9.45
4067,14548,2024-01-08,9.45
4068,15215,2024-01-06,9.45
4069,12373,2024-01-07,9.45
4070,8355,2023-10-04,9.45
4071,4954,2024-07-03,9.45
4072,14818,2023-06-03,9.45
4073,11776,2024-03-03,9.45
4074,3989,2024-10-12,82.95
4075,903735,2023-05-05,9.45
4076,2410,2024-04-07,82.95
4077,560,2024-06-05,82.95
4078,11175,2024-11-04,9.45
4079,5496,2024-05-09,30.45
4080,18351,2023-07-03,9.45
4081,7949,2024-12-08,9.45
4082,11434,2024-09-07,30.45
4083,13274,2024-05-06,82.95
4084,2966,2024-05-09,82.95
4085,4074,2023-08-10,30.45
4086,6677,2024-06-05,30.45
4087,3136,2023-06-07,82.95
4088,363,2023-09-10,30.45
4089,13749,2023-03-08,9.45
4090,19681,2023-05-03,208.95
4091,5055,2024-10-08,82.95
4092,7559,2024-01-03,30.45
4093,5447,2023-08-08,82.95
4094,227,2024-06-08,30.45
4095,6524,2024-11-12,30.45
4096,19410,2024-10-12,208.95
4097,19341,2024-08-09,9.45
4098,12681,2024-02-10,30.45
4099,16032,2024-02-04,30.45
4100,13542,2024-09-05,30.45
4101,4588,2024-02-08,9.45
4102,8548,2024-11-12,9.45
4103,18279,2024-11-02,9.45
4104,17281,2023-11-05,30.45
4105,12503,2023-09-01,9.45
4106,17041,2024-10-08,9.45
4107,13328,2024-11-11,9.45
4108,8476,2023-09-03,9.45
4109,4004,2024-11-11,30.45
4110,13043,2024-12-06,30.45
4111,18463,2024-12-10,30.45
4112,14629,2023-12-10,9.45
4113,19275,2024-04-02,9.45
4114,82,2024-11-12,82.95
4115,7834,2023-07-10,82.95
4116,18328,2023-06-03,9.45
4117,6707,2024-11-07,30.45
4118,18231,2024-12-11,30.45
4119,3581,2024-05-07,9.45
4120,19055,2024-02-06,82.95
4121,8333,2023-08-08,9.45
4122,20284,2023-12-10,9.45
4123,17908,2024-11-08,30.45
4124,2792,2024-06-10,208.95
4125,7362,2023-05-11,30.45
4126,1367,2023-07-12,30.45
4127,6428,2024-03-10,82.95
4128,12023,2024-10-06,9.45
4129,15529,2024-11-12,30.45
4130,8949,2024-06-07,82.95
4131,12517,2024-11-03,9.45
4132,3984,2024-10-06,9.45
4133,17568,2024-04-10,30.45
4134,16458,2023-10-04,9.45
4135,12133,2023-10-03,9.45
4136,12647,2023-04-03,9.45
4137,2938,2023-08-03,9.45
4138,19547,2024-07-04,82.95
4139,2415,2024-09-05,82.95
4140,7383,2023-09-06,9.45
4141,384,2023-12-03,30.45
4142,7785,2023-08-02,30.45
4143,14092,2024-01-05,9.45
4144,11599,2023-12-10,9.45
4145,15625,2023-08-07,30.45
4146,18085,2023-06-07,9.45
4147,12454,2024-04-03,9.45
4148,10200,2024-11-10,82.95
4149,8761,2024-08-01,30.45
4150,2615,2024-01-01,9.45
4151,1224,2023-08-10,30.45
4152,12727,2023-07-09,1777.11
4153,11519,2024-11-06,30.45
4154,15100,2024-06-05,30.45
4155,16210,2023-10-05,9.45
4156,3509,2024-01-02,9.45
4157,3296,2024-10-08,30.45
4158,5948,2024-12-04,9.45
4159,6348,2024-05-05,9.45
4160,17651,2024-10-09,82.95
4161,2131,2024-04-04,30.45
4162,11381,2023-10-09,9.45
4163,2241,2024-03-09,30.45
4164,18355,2023-11-09,9.45
4165,10035,2024-06-02,30.45
4166,4069,2024-08-11,9.45
4167,13030,2024-08-11,9.45
4168,15163,2023-12-06,208.95
4169,19623,2024-08-05,9.45
4170,9105,2024-07-11,18.9
4171,3225,2024-11-10,9.45
4172,14008,2024-06-04,9.45
4173,8676,2023-12-08,30.45
4174,4000,2024-07-04,30.45
4175,2152,2023-11-07,30.45
4176,8089,2023-10-10,208.95
4177,11785,2024-12-05,9.45
4178,2181,2024-07-04,9.45
4179,12653,2023-10-07,9.45
4180,20368,2024-10-06,9.45
4181,9230,2024-12-03,9.45
4182,1890,2023-12-02,30.45
4183,1056,2024-07-03,208.95
4184,14294,2024-11-06,9.45
4185,7991,2023-10-08,82.95
4186,17711,2024-03-06,30.45
4187,14102,2024-11-05,9.45
4188,14925,2024-03-09,82.95
4189,13968,2023-04-11,9.45
4190,3089,2024-03-04,30.45
4191,4710,2024-12-03,30.45
4192,10460,2024-03-09,82.95
4193,18680,2024-04-05,82.95
4194,3568,2023-04-03,9.45
4195,13647,2023-11-07,9.45
4196,7442,2024-04-08,30.45
4197,2525,2023-12-04,9.45
4198,13585,2024-07-10,9.45
4199,18411,2024-11-07,9.45
4200,8331,2023-06-05,9.45
4201,16422,2024-02-02,9.45
4202,3299,2024-05-02,30.45
4203,18872,2023-07-10,82.95
4204,10773,2024-12-03,9.45
4205,5144,2023-09-06,9.45
4206,5699,2024-03-01,30.45
4207,14498,2024-04-07,30.45
4208,6243,2024-07-03,30.45
4209,15710,2024-09-04,30.45
4210,15571,2023-06-04,30.45
4211,16391,2024-02-11,9.45
4212,5402,2024-08-07,82.95
4213,6043,2023-11-03,30.45
4214,234,2023-01-04,208.95
4215,6812,2024-09-07,82.95
4216,20315,2023-11-03,30.45
4217,748,2024-02-12,30.45
4218,11059,2023-12-01,9.45
4219,6464,2024-02-05,9.45
4220,9763,2023-09-09,9.45
4221,4619,2023-11-06,9.45
4222,19300,2024-08-05,9.45
4223,15664,2024-02-03,30.45
4224,18844,2024-11-07,9.45
4225,5145,2023-10-08,9.45
4226,10636,2024-09-01,208.95
4227,19649,2023-12-05,9.45
4228,3561,2024-09-09,9.45
4229,13597,2024-03-03,9.45
4230,13811,2024-03-03,9.45
4231,14121,2023-11-02,30.45
4232,1954,2024-07-05,165.9
4233,8861,2023-09-07,9.45
4234,10978,2023-06-10,208.95
4235,5480,2024-08-10,9.45
4236,13084,2023-08-08,9.45
4237,3344,2024-07-07,30.45
4238,8052,2024-08-04,9.45
4239,14636,2024-07-08,18.9
4240,17017,2024-09-11,82.95
4241,14204,2024-09-07,30.45
4242,15757,2024-04-08,30.45
4243,13673,2023-11-08,9.45
4244,18096,2024-01-10,30.45
4245,9141,2024-08-03,82.95
4246,19561,2023-10-08,9.45
4247,5910,2024-06-05,30.45
4248,5387,2024-08-03,30.45
4249,6267,2024-03-10,30.45
4250,555,2024-01-12,82.95
4251,11950,2024-05-05,9.45
4252,15601,2023-10-03,30.45
4253,5529,2024-12-07,208.95
4254,17463,2024-04-04,9.45
4255,20277,2024-06-12,30.45
4256,4652,2024-10-07,30.45
4257,19241,2024-03-03,9.45
4258,529,2023-09-05,30.45
4259,16445,2023-06-04,82.95
4260,18960,2024-08-03,30.45
4261,17889,2024-06-09,82.95
4262,19575,2024-12-06,9.45
4263,15283,2024-02-05,82.95
4264,5749,2023-12-08,30.45
4265,15181,2024-02-03,30.45
4266,3711,2024-03-06,30.45
4267,2764,2024-10-03,9.45
4268,14165,2024-09-05,9.45
4269,19752,2024-08-02,9.45
4270,1107,2023-04-06,30.45
4271,18823,2023-09-06,9.45
4272,4509,2023-05-04,9.45
4273,8320,2024-03-10,9.45
4274,7974,2023-11-07,30.45
4275,5215,2023-12-07,9.45
4276,9510,2024-02-06,208.95
4277,16724,2024-11-05,82.95
4278,11793,2024-07-09,9.45
4279,18112,2023-05-10,30.45
4280,1077,2023-06-05,9.45
4281,12278,2024-12-06,9.45
4282,15630,2024-01-09,30.45
4283,7229,2023-10-05,30.45
4284,2956,2023-07-06,82.95
4285,8862,2023-10-03,9.45
4286,1254,2024-06-11,82.95
4287,4482,2024-03-04,208.95
4288,10702,2024-07-07,9.45
4289,3757,2024-07-03,60.9
4290,2635,2024-03-03,9.45
4291,11428,2024-03-10,30.45
4292,12866,2024-10-01,82.95
4293,6541,2024-11-03,30.45
4294,17457,2023-10-09,9.45
4295,17264,2024-01-03,30.45
4296,1546,2024-06-10,9.45
4297,3644,2024-08-07,9.45
4298,19559,2024-11-12,30.45
4299,7465,2024-03-04,30.45
4300,4512,2023-08-04,9.45
4301,654,2023-12-09,9.45
4302,17618,2024-05-06,30.45
4303,19524,2024-05-11,30.45
4304,7406,2024-02-01,9.45
4305,15576,2023-11-03,30.45
4306,11103,,9.45
4307,7210,2024-03-04,30.45
4308,16060,2024-03-10,30.45
4309,20331,2024-11-10,9.45
4310,6602,2024-02-09,9.45
4311,14808,2024-04-02,30.45
4312,13891,2023-04-12,9.45
4313,10833,2023-07-07,30.45
4314,8828,2023-02-10,30.45
4315,3373,2024-10-06,9.45
4316,6618,2024-07-11,9.45
4317,1247,2024-07-04,9.45
4318,6959,2024-05-12,30.45
4319,15732,2024-04-05,82.95
4320,1435,2024-05-10,30.45
4321,20181,2023-12-08,9.45
4322,9719,2024-08-04,9.45
4323,3049,2023-08-08,9.45
4324,7397,2024-11-05,9.45
4325,4324,2024-12-04,82.95
4326,16113,2024-09-03,9.45
4327,1630,2024-03-04,9.45
4328,20384,2024-02-05,30.45
4329,20402,2024-09-09,30.45
4330,4826,2024-11-04,9.45
4331,13998,2023-08-08,9.45
4332,3783,2023-08-11,82.95
4333,12381,2024-09-06,9.45
4334,16479,2023-09-03,30.45
4335,12434,2024-01-10,30.45
4336,17955,2023-09-02,30.45
4337,6675,2024-04-04,30.45
4338,1999,2023-10-09,208.95
4339,1209,2023-10-02,30.45
4340,9764,2023-10-03,9.45
4341,8484,2024-05-08,9.45
4342,13656,2024-08-10,9.45
4343,17158,2024-04-06,82.95
4344,14088,2023-09-04,9.45
4345,13327,2024-10-04,9.45
4346,17266,2024-03-01,30.45
4347,18874,2023-09-03,82.95
4348,19938,2023-07-03,9.45
4349,7596,2024-05-11,30.45
4350,7122,2024-07-08,30.45
4351,19997,2024-06-07,30.45
4352,5591,2024-09-03,82.95
4353,2703,2024-12-02,82.95
4354,4320,2024-08-04,82.95
4355,4901,2024-11-07,82.95
4356,8322,2024-05-04,9.45
4357,2909,2024-04-09,9.45
4358,17043,2024-12-12,9.45
4359,17073,2024-04-08,9.45
4360,2107,2023-03-11,30.45
4361,1553,2024-06-10,30.45
4362,5432,2024-02-07,9.45
4363,15159,2023-08-07,208.95
4364,9075,2024-09-05,9.45
4365,14670,2024-10-03,9.45
4366,1326,2023-06-09,9.45
4367,4783,2023-09-08,9.45
4368,17472,2024-08-05,82.95
4369,19908,2024-03-03,208.95
4370,10522,2024-05-08,82.95
4371,18042,2024-07-04,82.95
4372,13508,2023-08-07,82.95
4373,20336,2024-04-06,30.45
4374,3993,2023-12-05,30.45
4375,6817,2023-04-07,9.45
4376,177,2024-08-08,30.45
4377,2719,2024-07-07,30.45
4378,7843,2024-04-04,82.95
4379,15000,2023-08-03,9.45
4380,19787,2024-09-02,9.45
4381,5747,2023-10-07,30.45
4382,3709,2024-01-01,30.45
4383,2695,2024-04-02,82.95
4384,3780,2023-05-06,82.95
4385,7645,2024-07-03,208.95
4386,14476,2023-11-11,30.45
4387,16006,2024-06-07,30.45
4388,13202,2024-05-11,82.95
4389,5065,2024-10-28,82.95
4390,6759,2024-02-11,82.95
4391,9197,2024-12-11,30.45
4392,15808,2024-11-06,208.95
4393,7696,2023-02-10,30.45
4394,2551,2023-08-09,9.45
4395,6309,2024-04-07,30.45
4396,17837,2023-09-10,30.45
4397,20386,2024-04-03,30.45
4398,6531,2024-06-08,30.45
4399,2391,2023-12-05,82.95
4400,12773,2024-12-06,9.45
4401,16223,2024-11-05,9.45
4402,6177,2023-05-05,30.45
4403,13095,2024-08-03,30.45
4404,17963,2024-05-05,30.45
4405,3717,2024-09-03,30.45
4406,15936,2024-01-10,9.45
4407,13688,2024-02-03,9.45
4408,1786,2024-10-04,82.95
4409,5525,2024-08-04,208.95
4410,4056,,82.95
4411,19510,2024-02-07,82.95
4412,15667,2024-02-11,30.45
4413,11385,2024-02-07,9.45
4414,20145,2023-12-01,9.45
4415,13209,2024-12-08,82.95
4416,25,2024-11-06,82.95
4417,11807,2023-08-10,9.45
4418,646,2024-09-07,9.45
4419,6058,2023-04-05,30.45
4420,9340,2024-07-07,9.45
4421,15429,2024-06-09,208.95
4422,20302,2024-03-03,9.45
4423,18422,2024-10-11,82.95
4424,18178,2024-10-03,9.45
4425,16115,2024-11-06,9.45
4426,10461,2024-04-08,82.95
4427,11302,2024-11-04,9.45
4428,2327,2024-10-04,82.95
4429,8974,2023-10-04,30.45
4430,2210,2023-08-03,30.45
4431,20530,2023-06-06,9.45
4432,3213,2023-11-08,9.45
4433,12238,2024-11-04,30.45
4434,10151,2023-09-07,82.95
4435,11134,2024-07-11,30.45
4436,15914,2024-05-11,9.45
4437,17352,2023-07-05,30.45
4438,1040,2024-11-07,9.45
4439,8693,2023-10-10,9.45
4440,16968,2024-05-06,30.45
4441,14767,2024-10-12,30.45
4442,3324,2023-10-10,9.45
4443,9841,2023-10-06,82.95
4444,7030,2024-09-03,82.95
4445,3776,2023-01-05,82.95
4446,12770,2024-09-08,9.45
4447,14172,2023-07-09,82.95
4448,16365,2023-04-10,208.95
4449,11695,2024-09-11,9.45
4450,1790,2024-02-02,82.95
4451,17960,2024-02-09,30.45
4452,15628,2023-11-05,30.45
4453,6883,2023-08-09,82.95
4454,10244,2024-03-02,30.45
4455,9365,2024-10-08,82.95
4456,15528,2024-10-06,30.45
4457,2513,2024-11-07,9.45
4458,16801,2024-02-01,9.45
4459,19819,2024-08-03,30.45
4460,15759,2024-06-01,30.45
4461,20138,2023-05-10,9.45
4462,20328,2024-08-10,9.45
4463,1778,2024-02-05,82.95
4464,6106,2024-07-11,9.45
4465,19014,2024-10-12,9.45
4466,17880,2024-07-07,18.9
4467,1883,2024-12-08,30.45
4468,12732,2023-12-11,208.95
4469,10443,2024-08-06,9.45
4470,6079,2024-04-09,9.45
4471,6008,2024-12-10,208.95
4472,1823,2024-07-06,30.45
4473,10381,2024-11-06,9.45
4474,4360,2023-09-09,82.95
4475,733,2024-09-02,208.95
4476,12187,2023-03-06,82.95
4477,9382,2024-02-10,9.45
4478,4644,2024-02-11,30.45
4479,4415,2024-05-10,30.45
4480,13974,2023-10-06,9.45
4481,11595,2024-11-03,208.95
4482,4233,2023-10-11,9.45
4483,8277,2024-11-08,30.45
4484,11559,2023-06-09,9.45
4485,3819,2024-12-03,82.95
4486,15775,2024-02-05,82.95
4487,7368,2023-11-02,30.45
4488,13623,2024-01-08,208.95
4489,16840,2023-07-11,82.95
4490,18389,2024-11-26,30.45
4491,14786,2024-05-08,208.95
4492,16511,2024-05-06,208.95
4493,206,2024-03-06,208.95
4494,10635,2024-08-10,208.95
4495,13706,2024-10-10,30.45
4496,17643,2024-08-03,30.45
4497,429,2023-11-06,30.45
4498,13547,2023-10-08,9.45
4499,1165,2024-04-09,30.45
4500,5672,2024-06-04,30.45
4501,18154,2023-11-02,30.45
4502,11905,2023-11-08,82.95
4503,20287,2024-03-07,9.45
4504,17759,2024-09-05,9.45
4505,5980,2024-07-09,30.45
4506,8217,2024-02-03,9.45
4507,15455,2023-10-04,9.45
4508,1325,2023-05-09,9.45
4509,19095,2024-12-06,82.95
4510,188,2024-08-02,30.45
4511,14036,2024-05-06,208.95
4512,16275,2023-05-07,9.45
4513,2278,2023-12-09,9.45
4514,9706,2024-07-07,82.95
4515,16860,2023-03-02,9.45
4516,8430,2024-12-03,82.95
4517,16127,2024-09-03,30.45
4518,11429,2024-04-10,30.45
4519,539,2024-07-07,30.45
4520,9055,2024-09-06,9.45
4521,8053,2024-09-04,9.45
4522,16671,2024-07-09,30.45
4523,2135,2024-08-07,30.45
4524,14028,2023-09-10,208.95
4525,20505,2024-10-10,9.45
4526,11671,2023-03-01,30.45
4527,17298,2024-04-11,208.95
4528,11773,2024-01-07,9.45
4529,13752,2023-06-09,9.45
4530,13894,2023-07-06,9.45
4531,10714,2024-04-11,82.95
4532,14879,2024-11-06,9.45
4533,874,2023-04-11,208.95
4534,8791,2024-05-08,82.95
4535,17187,2024-09-09,9.45
4536,18603,2024-08-12,9.45
4537,13479,2024-03-16,9.45
4538,3535,2024-10-01,9.45
4539,13008,2024-02-06,9.45
4540,400,2024-09-05,30.45
4541,12021,2024-08-04,9.45
4542,13163,2024-06-06,82.95
4543,18481,2024-06-05,9.45
4544,19837,2023-11-03,82.95
4545,4987,2024-06-08,30.45
4546,12672,2024-08-02,208.95
4547,8102,2024-11-03,208.95
4548,14194,2025-02-26,82.95
4549,6232,2024-10-06,30.45
4550,18025,2024-12-12,9.45
4551,1964,2024-05-06,30.45
4552,10806,2024-11-03,30.45
4553,11331,2024-10-10,30.45
4554,19927,2024-03-06,9.45
4555,491,2024-07-10,9.45
4556,3958,2023-07-07,9.45
4557,5781,2024-09-03,30.45
4558,6899,,82.95
4559,8823,2024-09-03,82.95
4560,13105,2024-09-04,9.45
4561,8266,2023-12-09,30.45
4562,13210,2024-07-11,18.9
4563,614,2024-09-04,30.45
4564,68,2023-09-04,82.95
4565,10845,2024-07-08,30.45
4566,1942,2023-07-09,82.95
4567,20391,2024-09-06,30.45
4568,3668,2024-05-08,30.45
4569,14323,2024-01-02,30.45
4570,16390,2024-01-03,9.45
4571,7736,2024-12-09,30.45
4572,24,2024-10-07,82.95
4573,14892,2024-05-07,82.95
4574,8655,2024-10-06,30.45
4575,167,2024-07-03,9.45
4576,4695,2024-01-08,9.45
4577,753,2024-07-08,60.9
4578,18162,2024-07-05,60.9
4579,20255,,82.95
4580,17818,2024-10-11,30.45
4581,11818,2024-07-10,9.45
4582,11632,2024-09-09,208.95
4583,12195,2023-11-05,82.95
4584,18099,2024-04-03,30.45
4585,8925,2023-12-03,30.45
4586,18988,2024-05-09,9.45
4587,8850,2024-09-06,82.95
4588,6135,2023-04-07,9.45
4589,4583,2023-09-11,9.45
4590,8375,2023-12-11,30.45
4591,8869,2024-05-03,9.45
4592,13531,2023-10-09,30.45
4593,12287,2023-11-07,9.45
4594,11212,2024-10-07,30.45
4595,11469,2024-10-10,9.45
4596,3956,2024-11-05,82.95
4597,19512,2024-04-08,82.95
4598,17374,2024-08-04,30.45
4599,11664,2024-08-07,30.45
4600,10551,2024-09-04,9.45
4601,443,2024-06-06,9.45
4602,19271,2024-11-08,30.45
4603,19796,2024-04-03,30.45
4604,6582,2023-05-10,9.45
4605,933,2024-07-10,82.95
4606,19299,2024-07-08,9.45
4607,15198,2024-06-04,82.95
4608,2803,2024-06-11,82.95
4609,3570,2023-06-04,9.45
4610,15288,2024-07-07,165.9
4611,16229,2023-09-07,9.45
4612,7683,2024-07-10,18.9
4613,15175,2024-12-08,208.95
4614,13541,2024-08-08,30.45
4615,18615,2024-02-10,82.95
4616,2556,2024-01-09,9.45
4617,2300,2024-03-04,30.45
4618,5013,2023-04-10,9.45
4619,2837,,9.45
4620,5054,2024-09-10,82.95
4621,18991,2024-08-11,9.45
4622,12105,2024-09-08,30.45
4623,10474,2024-02-10,9.45
4624,5394,2023-12-05,82.95
4625,10717,2024-07-07,82.95
4626,10008,2024-04-02,9.45
4627,20379,2024-08-06,9.45
4628,20409,2024-12-05,30.45
4629,9277,2024-03-06,9.45
4630,15633,2024-04-04,30.45
4631,15019,2024-07-08,82.95
4632,14253,2024-02-11,30.45
4633,872,2023-02-10,208.95
4634,7398,2024-12-03,9.45
4635,13928,2024-08-09,82.95
4636,14915,2023-12-10,9.45
4637,17042,2024-11-11,93.31
4638,13179,2024-01-11,9.45
4639,201,2023-10-05,208.95
4640,16679,2023-12-05,208.95
4641,15977,2023-06-02,9.45
4642,13704,2024-08-10,30.45
4643,11685,2023-11-04,9.45
4644,18037,2024-02-05,82.95
4645,14212,2024-09-10,9.45
4646,6729,2024-10-08,82.95
4647,3784,2023-09-09,82.95
4648,873,2023-03-01,208.95
4649,20526,2024-12-03,30.45
4650,18849,2024-02-04,30.45
4651,8921,2023-08-08,30.45
4652,1943,2023-08-03,82.95
4653,13871,2024-09-03,9.45
4654,14992,2024-11-08,9.45
4655,5947,2024-11-06,9.45
4656,16435,2024-04-01,208.95
4657,11544,,9.45
4658,20319,2024-03-07,30.45
4659,4950,2024-03-05,9.45
4660,14485,2024-08-05,30.45
4661,11386,2024-03-04,9.45
4662,8814,2024-08-02,9.45
4663,1933,2024-07-03,9.45
4664,9446,2023-11-03,9.45
4665,10357,2023-12-11,30.45
4666,1223,2024-12-04,30.45
4667,2653,2024-01-01,9.45
4668,16937,2024-08-04,82.95
4669,3240,2024-06-10,30.45
4670,14794,2024-08-01,9.45
4671,11583,2023-11-10,208.95
4672,15720,2024-08-11,30.45
4673,7602,2024-11-06,30.45
4674,11378,2023-07-04,9.45
4675,13498,2024-06-08,82.95
4676,2783,2023-09-09,208.95
4677,2441,2024-12-12,30.45
4678,2817,2024-03-06,9.45
4679,15827,2023-09-04,9.45
4680,18675,2023-11-08,82.95
4681,7091,2023-12-07,9.45
4682,15605,2024-02-07,30.45
4683,6841,2024-02-08,30.45
4684,4315,2024-03-07,82.95
4685,7222,2023-03-08,30.45
4686,17887,2024-04-10,82.95
4687,915396,2024-09-04,9.45
4688,15273,2023-04-04,82.95
4689,11241,2024-10-01,82.95
4690,18863,2024-10-02,30.45
4691,13465,2024-09-08,208.95
4692,13103,2024-07-08,9.45
4693,6242,2024-06-09,30.45
4694,3706,2023-10-04,30.45
4695,12637,2024-11-09,30.45
4696,13059,2024-11-10,9.45
4697,5636,2023-09-04,30.45
4698,15939,2024-04-01,9.45
4699,16843,2023-10-07,82.95
4700,5298,,82.95
4701,6174,2023-12-10,82.95
4702,13499,2024-07-06,82.95
4703,705,2024-06-08,82.95
4704,13677,2024-03-10,9.45
4705,3109,2023-10-08,82.95
4706,8068,2024-09-03,9.45
4707,10739,2023-10-11,9.45
4708,1795,,165.9
4709,16193,2024-05-10,82.95
4710,12074,2024-12-10,9.45
4711,960,2024-05-10,9.45
4712,14122,2023-12-06,30.45
4713,2839,2024-09-12,9.45
4714,2705,2024-05-01,30.45
4715,15959,2023-10-07,9.45
4716,18158,2024-03-10,30.45
4717,13205,2024-08-08,82.95
4718,17858,2024-07-06,30.45
4719,16826,2024-12-03,82.95
4720,3494,2024-07-09,30.45
4721,1644,2024-05-05,9.45
4722,12942,2024-01-07,208.95
4723,544,2024-12-04,30.45
4724,10024,2023-08-04,9.45
4725,3601,2024-08-04,9.45
4726,3327,2024-01-07,9.45
4727,4351,2024-08-06,9.45
4728,4807,2023-04-09,9.45
4729,15361,2024-08-09,9.45
4730,18568,2023-11-07,9.45
4731,18608,2023-07-12,82.95
4732,719,2024-09-08,9.45
4733,17318,2024-03-09,9.45
4734,9818,2023-11-08,9.45
4735,5234,2023-07-07,9.45
4736,15814,2024-03-05,9.45
4737,10639,2024-12-03,208.95
4738,15569,2024-11-08,9.45
4739,910,2024-07-11,18.9
4740,5127,2024-08-06,208.95
4741,9081,2023-10-07,9.45
4742,1199,2023-07-08,82.95
4743,803,2024-02-06,9.45
4744,14354,2023-03-06,82.95
4745,11310,2023-11-04,9.45
4746,20160,2024-05-09,30.45
4747,14517,2024-09-10,82.95
4748,1983,2024-07-05,30.45
4749,2828,2023-10-04,9.45
4750,7139,2024-05-10,9.45
4751,9111,2023-11-05,30.45
4752,4215,2024-08-06,82.95
4753,19656,2024-07-02,9.45
4754,101,2024-02-10,82.95
4755,15725,2023-09-08,82.95
4756,12852,2024-12-10,9.45
4757,3663,2023-12-07,30.45
4758,2801,2024-04-12,82.95
4759,16616,2024-12-03,9.45
4760,12915,2024-10-04,9.45
4761,6878,2024-12-10,30.45
4762,13106,2024-10-11,9.45
4763,3421,2023-10-08,9.45
4764,8672,2024-09-06,9.45
4765,12975,2024-12-07,9.45
4766,8041,2025-03-16,9.45
4767,2827,2023-09-02,9.45
4768,18751,2024-04-05,30.45
4769,2788,2024-02-07,208.95
4770,17455,2023-08-03,9.45
4771,5959,2024-01-02,30.45
4772,18034,2023-11-11,82.95
4773,4334,2024-08-09,9.45
4774,11167,2024-04-26,9.45
4775,17188,2024-10-04,9.45
4776,1827,2024-11-09,30.45
4777,10946,2024-09-03,30.45
4778,13099,2024-12-09,30.45
4779,1353,2024-09-07,208.95
4780,8004,2023-08-03,208.95
4781,17258,2024-09-03,30.45
4782,8812,2024-06-03,9.45
4783,16154,2024-02-06,9.45
4784,4411,2024-01-05,30.45
4785,5578,2024-03-08,30.45
4786,17030,2023-11-06,9.45
4787,17520,2024-01-08,9.45
4788,4572,2024-06-08,82.95
4789,17277,2023-07-06,30.45
4790,1615,2024-04-06,30.45
4791,9984,2024-04-05,30.45
4792,18564,2023-07-01,9.45
4793,5783,2024-11-08,30.45
4794,900338,2024-09-03,30.45
4795,985,2024-08-03,208.95
4796,6132,2024-12-06,82.95
4797,3277,2024-07-12,9.45
4798,8094,2024-03-08,208.95
4799,4821,2024-06-12,9.45
4800,5421,2024-03-11,9.45
4801,9178,2024-10-10,9.45
4802,6004,2024-08-10,208.95
4803,15677,2024-12-02,30.45
4804,10019,2023-03-07,9.45
4805,18502,2024-10-02,9.45
4806,19948,2024-05-08,9.45
4807,465,2024-09-08,9.45
4808,6282,2023-11-09,30.45
4809,2978,2024-02-10,82.95
4810,19393,2023-10-10,30.45
4811,16674,2024-10-07,30.45
4812,16654,2024-11-09,208.95
4813,459,2024-03-09,9.45
4814,20473,2024-07-05,18.9
4815,7901,2023-11-07,82.95
4816,14621,2023-04-02,9.45
4817,9480,2024-01-04,9.45
4818,7389,2024-03-04,9.45
4819,18493,2024-01-05,9.45
4820,7528,2024-04-06,9.45
4821,17665,2024-06-06,9.45
4822,6651,2024-01-13,9.45
4823,861,2024-02-09,9.45
4824,17745,2023-07-05,9.45
4825,1860,2024-05-08,208.95
4826,18655,2024-08-09,9.45
4827,15307,2024-05-02,82.95
4828,11433,2024-08-10,30.45
4829,5449,2023-10-10,82.95
4830,418,2024-11-12,9.45
4831,14580,2024-07-02,30.45
4832,5515,2023-10-09,208.95
4833,667,2023-03-07,9.45
4834,5765,2024-03-06,9.45
4835,7418,2024-06-06,9.45
4836,10093,2024-09-09,9.45
4837,93,2023-06-09,82.95
4838,16110,2024-06-09,9.45
4839,16774,2024-08-07,82.95
4840,10393,2024-03-03,30.45
4841,3037,2024-11-09,30.45
4842,7276,2024-08-10,9.45
4843,7004,2024-02-06,82.95
4844,6689,2023-11-02,9.45
4845,11308,2023-09-04,9.45
4846,1092,2024-09-05,9.45
4847,17097,2024-07-09,208.95
4848,5978,2024-05-10,30.45
4849,12442,2024-09-10,30.45
4850,13237,2023-10-08,30.45
4851,2955,2023-06-03,82.95
4852,9606,2024-06-05,82.95
4853,158,2024-01-07,9.45
4854,18438,2024-09-05,9.45
4855,9186,2024-09-04,30.45
4856,7870,2023-01-05,208.95
4857,14506,2024-12-05,30.45
4858,14078,2024-08-07,9.45
4859,9131,2024-05-03,9.45
4860,11655,2024-07-08,30.45
4861,1024,2023-12-05,9.45
4862,14366,2024-03-09,82.95
4863,11365,2024-03-05,82.95
4864,13160,2024-03-08,82.95
4865,4878,2023-10-08,9.45
4866,11660,2024-12-08,30.45
4867,17096,2024-06-08,208.95
4868,9833,2023-02-10,82.95
4869,3585,2024-09-03,9.45
4870,12760,2024-06-07,9.45
4871,649,2024-12-06,9.45
4872,17380,2024-02-03,9.45
4873,16532,2024-01-04,82.95
4874,4214,2024-07-10,82.95
4875,6160,2024-08-08,30.45
4876,2390,2023-11-04,82.95
4877,12433,2023-12-10,30.45
4878,14471,2024-10-10,9.45
4879,8501,2024-01-02,82.95
4880,12822,2024-07-10,82.95
4881,16485,2024-03-06,30.45
4882,2165,2024-12-03,30.45
4883,20321,2024-05-05,30.45
4884,11842,2023-06-06,9.45
4885,699,2023-12-08,82.95
4886,10372,2024-02-02,9.45
4887,352,2024-06-07,30.45
4888,7896,2023-06-08,82.95
4889,16002,2024-09-07,82.95
4890,13817,2024-09-05,9.45
4891,5523,2024-06-03,208.95
4892,1198,2024-12-12,9.45
4893,17210,2024-12-07,208.95
4894,5561,2024-01-10,208.95
4895,13497,2024-05-11,82.95
4896,10184,2024-11-04,9.45
4897,18417,2024-05-07,82.95
4898,9771,2024-05-06,9.45
4899,16351,2023-12-08,82.95
4900,3133,2024-12-10,9.45
4901,18357,2024-01-08,9.45
4902,5587,2024-12-10,30.45
4903,6119,2023-11-04,82.95
4904,12254,2024-08-07,9.45
4905,8247,2024-03-10,30.45
4906,1110,2023-07-12,30.45
4907,9320,2024-07-09,165.9
4908,19489,2024-12-09,9.45
4909,11877,2024-11-06,30.45
4910,10862,2023-10-04,82.95
4911,14451,2024-02-10,30.45
4912,2652,2023-12-04,9.45
4913,13574,2024-06-08,9.45
4914,16854,2024-09-08,82.95
4915,17876,2024-11-03,30.45
4916,6214,2024-04-03,82.95
4917,191,2024-11-04,30.45
4918,1915,2024-03-07,208.95
4919,17,2024-03-04,82.95
4920,5741,2024-10-05,9.45
4921,7976,2024-01-01,30.45
4922,12211,2023-05-02,30.45
4923,7860,2024-03-02,9.45
4924,18032,2023-09-11,82.95
4925,1948,2024-01-08,82.95
4926,1797,2024-09-08,82.95
4927,18745,2024-10-02,82.95
4928,13371,2024-08-04,9.45
4929,18652,2024-05-06,9.45
4930,19047,2023-06-10,82.95
4931,17592,2024-07-10,9.45
4932,18272,2024-04-11,9.45
4933,14952,2023-05-05,82.95
4934,5806,2024-07-03,9.45
4935,483,2023-08-08,9.45
4936,9052,2024-06-03,9.45
4937,15596,2024-04-04,82.95
4938,6271,2024-07-07,30.45
4939,5067,2024-11-07,82.95
4940,18141,2024-07-07,60.9
4941,5683,2024-06-04,30.45
4942,7576,2024-01-04,9.45
4943,8260,2023-06-03,30.45
4944,7237,2024-06-08,30.45
4945,14756,2023-11-07,30.45
4946,891,2024-09-07,208.95
4947,6022,2024-10-01,9.45
4948,13337,,9.45
4949,10976,2023-04-08,208.95
4950,12325,2023-12-10,82.95
4951,16434,2024-03-07,208.95
4952,14112,2024-09-06,30.45
4953,16540,2024-03-01,82.95
4954,9572,2024-09-09,30.45
4955,7422,2024-10-07,9.45
4956,11746,2024-09-09,9.45
4957,4402,2024-06-02,9.45
4958,18133,2024-05-02,30.45
4959,13104,2024-08-07,9.45
4960,7186,2023-05-01,30.45
4961,15323,2023-12-09,9.45
4962,8106,2024-08-06,30.45
4963,8329,2024-12-08,9.45
4964,12869,2024-04-05,9.45
4965,10362,2024-05-10,30.45
4966,1530,2024-01-06,82.95
4967,11739,2024-02-09,9.45
4968,7993,2023-12-10,82.95
4969,9455,2024-08-06,9.45
4970,7117,2024-02-04,30.45
4971,3216,2024-02-02,9.45
4972,19715,2024-10-03,9.45
4973,1577,2024-06-04,82.95
4974,5502,2024-11-04,30.45
4975,11445,2024-05-03,30.45
4976,12444,2024-11-03,30.45
4977,13143,2024-07-09,30.45
4978,14387,2023-12-06,208.95
4979,3597,2024-04-08,9.45
4980,9251,2024-10-06,30.45
4981,12929,2024-02-02,30.45
4982,14321,2024-11-04,9.45
4983,8601,2024-12-07,30.45
4984,7706,2023-12-04,30.45
4985,4715,2023-12-08,30.45
4986,15884,2023-09-11,30.45
4987,6678,2024-07-11,60.9
4988,9745,2024-08-09,82.95
4989,7970,2023-07-02,30.45
4990,2205,2023-03-07,30.45
4991,12382,2024-10-03,9.45
4992,10313,2023-07-08,9.45
4993,1343,2024-11-04,9.45
4994,2129,2024-02-04,30.45
4995,1513,2024-04-01,9.45
4996,16946,2024-03-06,30.45
4997,13600,2024-06-05,9.45
4998,809,2024-08-08,9.45
4999,17160,2024-06-04,82.95
5000,10214,2023-10-06,30.45
5001,6872,2024-12-06,82.95
5002,18007,2024-02-06,82.95
5003,14022,2024-07-11,9.45
5004,13913,2023-11-09,30.45
5005,8709,2023-08-03,9.45
5006,16891,2024-07-04,9.45
5007,16661,2024-04-04,30.45
5008,10558,2023-09-02,82.95
5009,11755,2024-05-05,30.45
5010,13187,2024-09-09,9.45
5011,7189,2023-08-03,30.45
5012,15638,2024-09-09,30.45
5013,8580,2024-11-04,208.95
5014,17424,2024-04-04,9.45
5015,8276,2024-10-09,30.45
5016,1041,2024-12-08,9.45
5017,10652,2024-10-02,9.45
5018,20295,2024-11-05,9.45
5019,12847,2024-10-10,9.45
5020,20116,2024-07-10,208.95
5021,7676,2023-12-08,9.45
5022,18169,2024-01-05,9.45
5023,20207,2024-05-10,9.45
5024,5491,2024-08-10,82.95
5025,4014,2024-05-10,208.95
5026,16764,2024-01-05,9.45
5027,15124,2024-12-10,82.95
5028,1106,2024-12-03,82.95
5029,17648,2024-07-08,82.95
5030,5140,2024-11-07,208.95
5031,3073,2023-11-01,30.45
5032,1810,,60.9
5033,4998,2024-07-09,30.45
5034,3979,2024-05-06,9.45
5035,15889,,30.45
5036,19863,2024-02-03,30.45
5037,16676,2024-12-07,30.45
5038,16469,2024-09-09,9.45
5039,15060,2024-05-12,30.45
5040,1145,2023-11-06,9.45
5041,14968,2024-09-02,82.95
5042,13222,2024-02-07,9.45
5043,11437,2024-12-12,30.45
5044,9978,2023-10-11,30.45
5045,288,2023-07-06,30.45
5046,3012,,30.45
5047,472,2024-06-04,82.95
5048,6012,2023-12-04,9.45
5049,6261,2023-09-08,30.45
5050,17796,2024-07-09,30.45
5051,6120,2023-12-05,82.95
5052,6569,2023-11-05,30.45
5053,5031,2024-10-09,9.45
5054,5565,2024-05-05,208.95
5055,4642,2024-12-08,9.45
5056,13434,2024-09-02,82.95
5057,7474,2024-12-11,30.45
5058,7150,2023-10-03,30.45
5059,8765,2024-12-09,30.45
5060,6733,2024-07-12,9.45
5061,7650,2024-12-10,208.95
5062,18797,2023-12-11,30.45
5063,15432,2024-09-11,208.95
5064,9284,2024-10-09,9.45
5065,15885,2023-10-01,30.45
5066,6045,2024-01-04,30.45
5067,3381,2023-09-06,30.45
5068,1121,2024-06-10,30.45
5069,17068,2023-11-10,9.45
5070,3705,2023-09-03,30.45
5071,10519,2024-10-10,30.45
5072,19160,2024-12-03,82.95
5073,3091,2024-05-09,30.45
5074,11705,2023-09-05,9.45
5075,18104,2024-09-09,30.45
5076,13593,2023-11-02,9.45
5077,5563,2024-03-02,208.95
5078,19200,2024-12-05,82.95
5079,14314,2024-04-03,9.45
5080,4563,2023-09-06,82.95
5081,7863,2024-06-07,9.45
5082,19912,2024-07-06,208.95
5083,9155,2024-09-09,208.95
5084,20461,2023-05-11,9.45
5085,18014,2024-09-05,82.95
5086,17236,2024-05-03,82.95
5087,1939,2023-04-06,82.95
5088,15113,2024-08-10,82.95
5089,17121,2024-10-06,30.45
5090,12595,2023-07-10,9.45
5091,1027,2024-03-03,9.45
5092,11698,2024-12-11,9.45
5093,15002,2023-10-04,9.45
5094,8460,2023-10-09,30.45
5095,118,2024-01-08,82.95
5096,15903,2023-10-12,30.45
5097,3582,2024-06-08,9.45
5098,7449,2024-11-10,30.45
5099,7824,2024-07-02,30.45
5100,13948,2023-08-06,9.45
5101,14509,2024-01-03,82.95
5102,18436,2024-07-03,9.45
5103,14627,2023-10-04,9.45
5104,15236,2024-11-11,82.95
5105,19479,2024-11-03,208.95
5106,2717,2024-05-09,30.45
5107,16986,2023-11-12,9.45
5108,10772,2024-11-10,9.45
5109,16242,2024-10-07,9.45
5110,8415,2023-09-06,82.95
5111,10610,2024-05-06,30.45
5112,10582,2023-10-05,9.45
5113,6765,2024-08-04,82.95
5114,2988,2024-12-10,82.95
5115,20363,2024-05-01,9.45
5116,9638,2024-07-09,30.45
5117,3937,2024-10-08,82.95
5118,18550,2024-01-09,82.95
5119,17213,2023-12-04,9.45
5120,4219,2024-12-06,82.95
5121,5481,2024-09-04,9.45
5122,11085,2024-04-09,30.45
5123,4039,2024-01-11,82.95
5124,8364,2024-07-06,9.45
5125,17451,2024-11-06,30.45
5126,10255,2023-09-10,9.45
5127,18672,2023-08-07,82.95
5128,10807,2024-12-10,30.45
5129,13037,2024-06-04,30.45
5130,19281,2024-10-03,9.45
5131,3258,2023-09-05,9.45
5132,6102,2024-03-04,9.45
5133,2309,2024-12-09,30.45
5134,19176,2024-10-06,82.95
5135,10584,2023-12-10,9.45
5136,516,2024-08-11,82.95
5137,19340,2024-07-02,18.9
5138,8295,2024-07-09,82.95
5139,9778,2024-12-09,9.45
5140,9070,2024-04-06,9.45
5141,7770,2024-09-03,82.95
5142,18582,2024-07-06,30.45
5143,9823,2024-04-11,9.45
5144,7311,2023-11-04,9.45
5145,7188,2023-07-04,30.45
5146,13249,2024-05-02,208.95
5147,16689,2024-10-03,208.95
5148,1557,2024-10-10,30.45
5149,4037,2023-11-06,82.95
5150,18129,2024-10-04,30.45
5151,18338,2024-04-04,9.45
5152,8878,2024-04-09,82.95
5153,2930,2024-04-09,82.95
5154,1389,2023-10-05,82.95
5155,17240,2024-09-04,82.95
5156,11924,2024-01-08,30.45
5157,6111,2024-11-08,9.45
5158,9906,2023-04-12,82.95
5159,11508,2023-12-06,30.45
5160,6353,2024-10-07,9.45
5161,3810,2024-03-04,82.95
5162,18434,2024-05-03,9.45
5163,10501,2024-08-03,82.95
5164,2220,2024-06-03,30.45
5165,1792,2024-04-06,82.95
5166,9369,2024-05-07,9.45
5167,11795,2024-09-06,9.45
5168,8282,2024-07-08,82.95
5169,9834,2023-03-03,82.95
5170,1710,2024-06-11,208.95
5171,10785,2024-01-12,82.95
5172,17734,2024-08-04,9.45
5173,2240,2024-02-11,30.45
5174,8896,2024-07-12,9.45
5175,6820,2023-07-09,9.45
5176,656,2024-02-11,9.45
5177,6783,2024-03-10,30.45
5178,12859,2024-03-05,82.95
5179,4624,2024-04-08,9.45
5180,398,2024-07-10,60.9
5181,9499,2024-11-04,30.45
5182,20046,2024-03-07,82.95
5183,1687,2024-07-04,18.9
5184,9713,2024-02-03,9.45
5185,10470,2023-10-09,9.45
5186,17673,2024-06-05,30.45
5187,11520,2024-12-08,30.45
5188,16574,2023-12-01,9.45
5189,15545,2024-05-10,9.45
5190,19743,2023-11-05,9.45
5191,14412,2024-03-02,30.45
5192,16363,2024-12-06,82.95
5193,15158,2023-07-05,208.95
5194,9282,2024-08-08,9.45
5195,4418,2024-08-09,30.45
5196,18316,2024-10-07,30.45
5197,4454,2024-11-05,208.95
5198,12060,2024-03-06,9.45
5199,19334,2024-01-06,9.45
5200,2883,2024-03-08,30.45
5201,176,2024-07-06,30.45
5202,1156,2024-10-03,9.45
5203,10252,2024-11-02,30.45
5204,15391,2024-04-08,9.45
5205,8944,2024-01-05,82.95
5206,3060,2024-07-07,9.45
5207,5734,2024-03-07,9.45
5208,5227,2024-12-11,9.45
5209,16595,2023-03-08,9.45
5210,14519,2024-11-07,82.95
5211,617,2024-12-06,30.45
5212,6033,2024-10-05,30.45
5213,16773,2024-07-12,165.9
5214,7067,2024-04-05,9.45
5215,7158,2024-06-06,30.45
5216,19516,2023-09-08,30.45
5217,14618,2023-01-10,9.45
5218,19996,2024-05-08,30.45
5219,12780,2024-05-04,30.45
5220,11836,2024-07-01,30.45
5221,5955,2023-09-11,30.45
5222,6952,2023-10-11,30.45
5223,4361,2023-10-09,82.95
5224,13455,2024-08-03,9.45
5225,1175,2024-03-11,9.45
5226,6399,2024-05-10,82.95
5227,7945,2024-08-05,9.45
5228,6774,2023-06-08,30.45
5229,6904,2024-11-07,30.45
5230,19493,2023-12-12,82.95
5231,10690,2024-08-05,30.45
5232,10150,2023-08-04,82.95
5233,18289,2023-12-01,9.45
5234,14741,2024-04-05,9.45
5235,10374,2024-04-12,9.45
5236,18147,2023-04-05,30.45
5237,19071,2024-08-11,208.95
5238,20291,2024-07-12,9.45
5239,10800,2024-05-06,30.45
5240,20455,2024-10-10,30.45
5241,13090,2024-02-03,9.45
5242,4615,2023-07-06,9.45
5243,6895,2024-08-10,82.95
5244,3387,2024-03-03,30.45
5245,19254,2024-09-01,30.45
5246,17446,2024-06-09,30.45
5247,12140,2024-05-01,9.45
5248,9899,2024-07-06,9.45
5249,15349,2024-05-02,30.45
5250,15339,2023-07-03,30.45
5251,18000,2023-07-05,82.95
5252,16129,2024-11-02,30.45
5253,676,2023-12-11,9.45
5254,19669,2024-07-06,9.45
5255,7343,2024-06-12,30.45
5256,14163,2024-07-04,9.45
5257,18529,2024-07-11,208.95
5258,253,2024-08-03,208.95
5259,15436,2024-03-09,9.45
5260,2212,2023-10-10,30.45
5261,18416,2024-04-04,82.95
5262,17127,2024-06-04,30.45
5263,6453,2024-02-07,30.45
5264,4081,2024-03-10,30.45
5265,19373,2024-08-05,82.95
5266,18203,2024-01-01,30.45
5267,12540,2024-02-01,30.45
5268,10347,2023-02-02,30.45
5269,13940,2024-05-09,30.45
5270,7744,2023-12-09,9.45
5271,14490,2023-07-07,30.45
5272,10365,2024-08-05,30.45
5273,1518,2024-09-03,9.45
5274,3252,2024-08-11,208.95
5275,11402,2024-10-03,30.45
5276,5941,2024-05-11,9.45
5277,14349,2024-08-09,82.95
5278,17689,2024-08-06,9.45
5279,4263,2024-11-08,30.45
5280,1527,2024-10-03,82.95
5281,2800,2024-03-03,82.95
5282,11904,2023-10-04,82.95
5283,16467,2024-07-06,9.45
5284,12099,2024-03-10,30.45
5285,20169,2023-03-02,9.45
5286,17064,2023-07-02,9.45
5287,15864,2024-07-08,9.45
5288,9882,2024-04-10,9.45
5289,7758,2024-03-03,9.45
5290,19492,2023-11-09,82.95
5291,2451,2023-10-03,82.95
5292,10620,2024-06-02,30.45
5293,10646,2024-04-03,9.45
5294,3534,2024-09-09,9.45
5295,10747,2023-12-06,208.95
5296,12467,2024-05-06,30.45
5297,9387,2024-08-28,9.45
5298,9895,2024-03-04,9.45
5299,16794,2024-09-05,9.45
5300,217,2024-03-08,82.95
5301,9600,2024-10-05,30.45
5302,505,2023-09-05,82.95
5303,14234,,30.45
5304,14967,2024-08-03,82.95
5305,15109,2024-04-11,82.95
5306,12402,2024-09-03,208.95
5307,7994,2024-01-01,82.95
5308,10306,2024-06-07,9.45
5309,10749,2024-02-04,208.95
5310,10472,2023-12-07,9.45
5311,12318,2024-12-05,30.45
5312,3450,2024-08-03,30.45
5313,18522,2024-06-11,30.45
5314,9043,2023-09-10,9.45
5315,14073,2024-06-09,9.45
5316,7013,2024-11-03,82.95
5317,8472,2024-10-09,30.45
5318,5579,2024-04-03,30.45
5319,17339,2024-03-10,30.45
5320,18573,2024-04-10,9.45
5321,19319,2024-03-01,30.45
5322,7490,2024-08-09,30.45
5323,4711,2023-08-06,30.45
5324,17561,2023-09-09,30.45
5325,9536,2024-04-07,30.45
5326,3153,2024-11-05,82.95
5327,18852,2024-05-09,30.45
5328,7032,2024-11-02,82.95
5329,10342,2024-09-11,9.45
5330,11275,2024-01-09,9.45
5331,9008,2024-05-06,9.45
5332,6591,2024-02-11,9.45
5333,18518,2024-02-06,30.45
5334,4538,2024-06-09,30.45
5335,7107,2023-04-09,30.45
5336,12323,2023-10-11,82.95
5337,19946,2024-03-10,9.45
5338,10985,2024-01-10,208.95
5339,5400,2024-06-05,82.95
5340,8467,2024-05-10,30.45
5341,17809,2024-06-09,9.45
5342,18697,2024-11-08,208.95
5343,8574,2024-05-10,208.95
5344,3369,2024-06-11,9.45
5345,16214,2024-02-04,9.45
5346,14936,2024-01-10,9.45
5347,16623,2024-02-10,9.45
5348,3028,2024-02-03,30.45
5349,14988,2024-07-03,9.45
5350,19860,2023-11-10,30.45
5351,9210,2024-01-03,9.45
5352,9057,2024-11-04,9.45
5353,5471,2023-11-08,9.45
5354,6794,2024-08-12,30.45
5355,5597,2024-02-09,9.45
5356,5248,2024-09-04,9.45
5357,19403,2024-08-04,30.45
5358,12621,2024-12-04,208.95
5359,16262,2024-10-07,208.95
5360,13442,2023-07-12,9.45
5361,10111,2024-11-12,82.95
5362,7464,2024-02-07,30.45
5363,15716,2024-04-07,30.45
5364,16952,2024-09-07,30.45
5365,3011,2024-03-03,30.45
5366,18312,2024-06-10,30.45
5367,18152,2023-09-06,30.45
5368,18075,2024-04-09,30.45
5369,11873,2024-07-03,30.45
5370,83,2024-12-02,82.95
5371,13778,2024-07-11,30.45
5372,14014,2024-12-10,9.45
5373,8129,2024-12-02,30.45
5374,9196,2024-11-02,30.45
5375,15246,2024-09-07,30.45
5376,13734,2023-11-05,30.45
5377,1097,2024-03-05,82.95
5378,11053,2023-06-02,9.45
5379,19739,2024-09-10,30.45
5380,20234,2024-05-09,208.95
5381,19998,2024-07-11,30.45
5382,13013,2024-07-08,9.45
5383,12087,2024-09-09,30.45
5384,7364,2023-07-09,30.45
5385,9064,2023-10-10,9.45
5386,18331,2023-09-04,9.45
5387,16619,2023-10-05,9.45
5388,15500,2023-10-08,30.45
5389,16732,2023-11-11,9.45
5390,5450,2023-11-06,82.95
5391,6550,2024-03-11,30.45
5392,3974,2024-11-03,9.45
5393,4982,2024-10-07,9.45
5394,2469,2023-04-06,9.45
5395,4200,2024-06-04,9.45
5396,6270,2024-06-06,30.45
5397,7193,2023-12-10,30.45
5398,11724,2023-10-06,9.45
5399,18440,2024-11-11,9.45
5400,17074,2024-05-06,9.45
5401,6516,2024-03-07,30.45
5402,144,2024-06-09,9.45
5403,3476,2024-02-06,82.95
5404,19769,2023-09-11,9.45
5405,9112,2023-12-01,30.45
5406,17924,2024-12-04,82.95
5407,13625,2024-03-08,208.95
5408,1154,2024-08-08,9.45
5409,17403,2024-04-11,9.45
5410,12354,2024-07-09,82.95
5411,17613,2024-11-11,208.95
5412,16239,2024-07-09,9.45
5413,16357,2024-06-09,82.95
5414,19082,2023-11-04,82.95
5415,15421,2023-10-07,208.95
5416,18342,2024-08-02,9.45
5417,12777,2024-02-08,30.45
5418,5849,2024-06-01,208.95
5419,6958,2024-04-09,30.45
5420,1220,2024-09-06,30.45
5421,14317,2024-07-05,9.45
5422,15718,2024-06-11,30.45
5423,11830,2024-12-05,208.95
5424,4881,2024-01-07,9.45
5425,7099,2024-08-04,9.45
5426,3893,2024-08-06,9.45
5427,20064,2024-11-06,30.45
5428,20285,2024-01-10,9.45
5429,16153,2024-01-09,9.45
5430,4086,2024-08-09,30.45
5431,4773,2024-12-03,82.95
5432,1805,2024-02-02,30.45
5433,7832,2023-05-06,82.95
5434,6990,2024-12-06,82.95
5435,14736,2023-11-03,9.45
5436,11206,2024-04-08,30.45
5437,12489,2024-11-06,9.45
5438,20200,2023-10-05,9.45
5439,18832,2024-06-01,9.45
5440,16642,2023-11-05,208.95
5441,2548,2023-05-05,9.45
5442,12644,2024-09-01,9.45
5443,13898,2023-11-03,9.45
5444,11152,2024-03-08,30.45
5445,4493,2024-01-03,9.45
5446,12465,2024-03-05,30.45
5447,20203,2024-01-05,9.45
5448,17775,2024-03-08,82.95
5449,17334,2023-10-04,30.45
5450,19513,2024-05-03,82.95
5451,10309,2024-09-05,9.45
5452,4255,2024-03-02,30.45
5453,14823,2023-11-11,9.45
5454,17941,2024-05-01,9.45
5455,1699,2024-04-11,9.45
5456,18394,2023-06-02,9.45
5457,2351,2024-11-05,82.95
5458,9252,2024-11-07,30.45
5459,16290,2024-08-10,9.45
5460,6089,2024-08-07,30.45
5461,10830,2024-01-06,30.45
5462,19173,2024-07-06,82.95
5463,4714,2023-11-03,30.45
5464,16819,2024-05-08,82.95
5465,4805,2024-11-11,9.45
5466,13528,2024-10-08,30.45
5467,18388,2024-09-09,30.45
5468,18473,2023-10-08,9.45
5469,11355,2023-05-04,82.95
5470,19588,2024-01-05,30.45
5471,3230,2023-08-06,30.45
5472,15385,2024-12-11,9.45
5473,1214,2024-03-07,30.45
5474,15843,2023-12-10,82.95
5475,13560,2024-11-09,9.45
5476,3263,2024-02-09,9.45
5477,2235,2023-09-08,30.45
5478,17930,2024-08-10,9.45
5479,247,2024-02-12,208.95
5480,10805,2024-10-06,30.45
5481,9718,2024-07-05,9.45
5482,15990,2024-07-09,9.45
5483,19607,2023-04-08,9.45
5484,3310,2024-08-08,9.45
5485,12163,,208.95
5486,14752,2023-07-04,30.45
5487,12324,2023-11-01,82.95
5488,12461,2024-11-08,9.45
5489,8278,2024-12-04,30.45
5490,17982,2024-01-07,30.45
5491,17859,2024-08-09,30.45
5492,7167,2023-06-08,9.45
5493,746,2023-12-12,30.45
5494,9567,,30.45
5495,1020,2023-08-10,9.45
5496,17566,2024-02-03,30.45
5497,16058,2024-01-03,30.45
5498,4692,2024-12-05,9.45
5499,19773,2024-01-02,9.45
5500,1545,2024-05-09,9.45
5501,1807,2024-04-10,30.45
5502,17433,2024-01-07,9.45
5503,6778,2023-10-05,30.45
5504,12757,2024-03-04,9.45
5505,13028,2024-06-12,9.45
5506,15474,2024-05-09,9.45
5507,4564,2023-10-01,82.95
5508,8020,2023-12-09,82.95
5509,14132,2024-10-10,30.45
5510,10391,2024-01-07,30.45
5511,1117,2024-02-09,30.45
5512,5129,2024-10-09,208.95
5513,6288,2024-05-05,30.45
5514,22,2024-08-05,82.95
5515,228,2024-07-06,30.45
5516,7930,2023-05-07,9.45
5517,19765,2023-05-11,9.45
5518,3172,2024-11-04,82.95
5519,9603,2024-03-05,82.95
5520,16329,2024-11-06,9.45
5521,9722,2024-11-05,9.45
5522,9322,2024-09-08,82.95
5523,747,2024-01-02,30.45
5524,9549,2024-10-11,9.45
5525,9187,2024-10-01,30.45
5526,3347,2024-10-08,30.45
5527,16793,2024-11-13,9.45
5528,2579,2023-06-11,9.45
5529,15557,2023-11-07,9.45
5530,17996,2024-10-03,208.95
5531,8570,2024-01-05,208.95
5532,18087,2023-08-12,9.45
5533,15767,2023-06-01,82.95
5534,10831,2024-02-06,30.45
5535,12317,2024-11-05,30.45
5536,16012,2024-12-08,30.45
5537,3876,2024-12-05,82.95
5538,14814,2024-10-07,30.45
5539,18496,2024-04-09,9.45
5540,9980,2023-12-03,30.45
5541,15996,2024-03-02,82.95
5542,15321,2023-10-01,9.45
5543,7248,2024-12-08,9.45
5544,14728,2024-10-04,9.45
5545,6087,2024-12-09,9.45
5546,3370,2024-07-05,9.45
5547,8993,2024-12-11,82.95
5548,19712,2024-07-04,9.45
5549,1627,2024-11-09,82.95
5550,16266,2024-08-06,9.45
5551,8442,2024-04-12,30.45
5552,1469,2024-09-09,82.95
5553,5841,2024-07-05,9.45
5554,2285,2024-07-10,9.45
5555,7556,2023-10-05,30.45
5556,17890,2024-07-08,82.95
5557,11840,2024-11-03,30.45
5558,9677,2024-02-09,30.45
5559,14140,2024-07-06,9.45
5560,2732,2024-06-01,9.45
5561,5768,2023-08-03,30.45
5562,85,2023-04-04,9.45
5563,15659,2023-06-05,30.45
5564,14827,2024-03-03,9.45
5565,7798,2024-09-04,30.45
5566,486,2023-11-05,9.45
5567,553,2023-11-04,82.95
5568,9030,2024-06-06,9.45
5569,10340,2024-07-04,9.45
5570,2530,2024-05-06,9.45
5571,15256,2023-10-04,82.95
5572,1847,2024-01-05,30.45
5573,12243,2023-09-09,9.45
5574,5376,2023-09-03,30.45
5575,5854,2024-11-05,208.95
5576,10473,2024-01-10,9.45
5577,1963,2024-04-05,30.45
5578,11700,2023-04-08,9.45
5579,4585,2023-11-06,9.45
5580,2499,2023-09-08,9.45
5581,13637,2024-05-04,9.45
5582,7912,2024-10-11,82.95
5583,9576,2023-08-05,82.95
5584,8698,2024-03-05,9.45
5585,13476,2023-09-05,9.45
5586,3931,2024-09-02,30.45
5587,3648,2024-12-04,9.45
5588,688,2024-12-07,9.45
5589,5969,2024-11-09,30.45
5590,9826,2024-07-05,9.45
5591,18296,2024-07-02,18.9
5592,17677,2024-10-09,30.45
5593,1471,2024-11-03,82.95
5594,8418,2023-12-05,82.95
5595,18698,2024-12-10,208.95
5596,12603,2024-03-09,9.45
5597,8682,2024-09-11,82.95
5598,19369,2024-04-05,82.95
5599,5416,2024-01-15,9.45
5600,18962,2024-10-09,30.45
5601,20346,2024-07-08,82.95
5602,13777,2024-06-06,30.45
5603,18871,2023-06-05,82.95
5604,18371,2023-04-10,30.45
5605,1970,2024-11-11,30.45
5606,13342,2023-08-07,30.45
5607,7395,2024-09-04,9.45
5608,13313,2023-08-03,9.45
5609,47,2024-05-07,9.45
5610,2765,2024-11-09,9.45
5611,17460,2024-01-04,9.45
5612,2042,2024-11-09,9.45
5613,3356,2024-10-07,82.95
5614,14868,2023-12-05,9.45
5615,16095,2024-10-02,82.95
5616,17926,2024-04-07,9.45
5617,10395,2024-05-10,30.45
5618,4647,2024-05-04,30.45
5619,18109,2023-02-12,30.45
5620,18486,2024-11-11,9.45
5621,7072,2024-09-04,9.45
5622,7809,2023-10-04,30.45
5623,19252,2024-07-04,30.45
5624,10637,2024-10-06,208.95
5625,5856,2024-03-12,30.45
5626,8874,2024-10-05,9.45
5627,15676,2024-11-06,30.45
5628,12085,2024-07-10,30.45
5629,956,2024-01-08,9.45
5630,18258,2024-05-02,9.45
5631,1136,2024-10-04,30.45
5632,8599,2024-10-06,30.45
5633,19533,2023-05-07,82.95
5634,12018,2023-12-10,30.45
5635,14248,2023-09-11,30.45
5636,16687,2024-08-09,208.95
5637,10565,2024-04-07,82.95
5638,3290,2024-04-03,30.45
5639,18771,2024-10-03,9.45
5640,19052,2023-11-09,82.95
5641,2291,2023-06-08,30.45
5642,16857,2024-12-05,82.95
5643,12992,2024-09-08,30.45
5644,11855,2024-07-05,9.45
5645,5362,2024-02-08,82.95
5646,16238,2024-06-11,9.45
5647,16985,2023-10-05,9.45
5648,15052,2024-08-12,9.45
5649,9556,2023-05-07,30.45
5650,1869,2024-04-04,9.45
5651,10457,2023-12-05,82.95
5652,9990,2024-10-04,30.45
5653,10187,2023-10-05,82.95
5654,4843,2024-07-07,18.9
5655,10597,2023-04-10,30.45
5656,9761,2023-06-03,9.45
5657,1425,2023-07-10,30.45
5658,4656,2023-07-07,9.45
5659,20220,2024-07-10,9.45
5660,1433,2024-03-02,30.45
5661,1628,2024-12-04,82.95
5662,2408,2024-02-01,82.95
5663,5798,2024-11-08,82.95
5664,8722,2024-09-09,9.45
5665,13995,2023-05-08,9.45
5666,9687,2024-12-03,30.45
5667,585,2024-12-07,82.95
5668,1506,2023-09-12,9.45
5669,965,2024-10-04,9.45
5670,14223,2024-03-08,30.45
5671,10716,2024-06-03,82.95
5672,10330,2024-12-03,9.45
5673,17415,2023-07-09,9.45
5674,196,2023-05-07,208.95
5675,12983,2023-12-11,30.45
5676,13832,2023-12-08,82.95
5677,6197,2024-07-07,30.45
5678,17710,2024-02-02,30.45
5679,19776,2024-04-11,9.45
5680,15112,2024-07-06,82.95
5681,18671,2023-07-06,82.95
5682,6626,2024-09-09,30.45
5683,16655,2024-12-05,208.95
5684,6017,2024-05-04,9.45
5685,14144,2024-11-04,9.45
5686,6092,2024-11-09,30.45
5687,16927,2024-09-05,30.45
5688,57,2024-08-08,9.45
5689,13310,2024-11-06,9.45
5690,19596,2024-09-06,30.45
5691,4025,2024-07-01,208.95
5692,5138,2024-09-03,208.95
5693,4879,2024-01-26,9.45
5694,4024,2024-06-05,208.95
5695,15049,2024-05-04,9.45
5696,11529,2023-06-08,208.95
5697,5194,2023-12-05,30.45
5698,1700,2024-05-10,9.45
5699,8165,2024-10-11,208.95
5700,19287,2024-04-03,9.45
5701,3410,2024-04-09,9.45
5702,19986,2023-07-04,30.45
5703,3268,2024-07-05,9.45
5704,8680,2024-04-04,30.45
5705,20261,2023-12-10,82.95
5706,12688,2024-09-05,30.45
5707,11247,2023-08-07,9.45
5708,5763,2024-01-10,9.45
5709,6129,2024-09-12,82.95
5710,13518,2024-06-11,82.95
5711,879,2023-09-10,208.95
5712,9004,2024-01-02,9.45
5713,14133,2024-11-07,30.45
5714,16905,2023-09-04,30.45
5715,13279,2024-10-08,82.95
5716,20204,2024-02-09,9.45
5717,7439,2024-10-10,82.95
5718,893,2024-11-09,208.95
5719,19540,2023-12-10,82.95
5720,17392,2023-07-03,30.45
5721,14643,2024-09-08,208.95
5722,16742,2024-09-06,9.45
5723,3669,2024-06-09,30.45
5724,14496,2024-02-02,30.45
5725,10721,2024-11-09,82.95
5726,10142,2025-01-31,9.45
5727,15092,2023-10-04,30.45
5728,14889,2024-02-01,82.95
5729,19897,2024-08-06,9.45
5730,3235,2024-01-04,30.45
5731,1228,2023-12-11,30.45
5732,14252,2024-01-08,30.45
5733,7817,2024-06-10,30.45
5734,19746,2024-02-03,9.45
5735,4941,2023-06-05,9.45
5736,3894,2024-09-07,9.45
5737,17904,2024-07-06,30.45
5738,9863,2023-12-05,208.95
5739,18734,2024-07-06,208.95
5740,10691,2024-09-12,30.45
5741,2414,2024-08-07,82.95
5742,1158,2024-12-05,9.45
5743,12280,2023-04-03,9.45
5744,552,2023-10-04,82.95
5745,19865,2024-04-04,30.45
5746,12182,2024-08-08,208.95
5747,14247,2023-08-12,30.45
5748,1138,2024-12-04,30.45
5749,5230,2023-03-10,9.45
5750,2690,2024-09-08,30.45
5751,11440,2023-12-11,30.45
5752,4447,2024-04-11,208.95
5753,5395,2024-01-10,82.95
5754,13191,2023-06-10,82.95
5755,812,2024-11-04,9.45
5756,7102,2024-11-07,9.45
5757,13284,2024-02-08,30.45
5758,3379,2023-07-07,30.45
5759,12964,2024-06-11,30.45
5760,7819,2024-08-03,30.45
5761,5223,2024-08-08,9.45
5762,16279,2023-09-01,9.45
5763,18766,2024-05-01,9.45
5764,11356,2023-06-06,82.95
5765,14850,2024-06-09,208.95
5766,998,2023-09-05,30.45
5767,17269,2024-06-01,30.45
5768,10274,2023-10-11,9.45
5769,3085,2024-11-06,30.45
5770,565,2024-11-06,82.95
5771,10536,2024-06-07,82.95
5772,13634,2024-02-10,9.45
5773,5911,2024-07-08,30.45
5774,5532,2024-06-10,9.45
5775,14404,2023-07-08,30.45
5776,16925,2024-07-06,60.9
5777,10659,2024-07-06,30.45
5778,3822,2024-10-10,30.45
5779,2902,2023-09-03,9.45
5780,13243,2024-04-01,30.45
5781,15167,2024-04-05,208.95
5782,4045,2024-07-03,82.95
5783,19827,2024-04-10,208.95
5784,10057,2023-12-07,82.95
5785,19672,2024-06-03,9.45
5786,1816,2023-12-08,30.45
5787,15189,2024-10-09,30.45
5788,1295,2024-06-05,9.45
5789,9248,2024-07-09,60.9
5790,5872,2024-04-12,30.45
5791,1098,2024-04-05,82.95
5792,8641,2023-08-06,30.45
5793,14950,2023-03-12,82.95
5794,7572,2023-09-09,9.45
5795,4569,2024-03-08,82.95
5796,16035,2024-05-04,30.45
5797,814,2023-07-07,30.45
5798,17065,2023-08-07,9.45
5799,8576,2024-07-05,208.95
5800,11132,2024-05-08,30.45
5801,3336,2024-10-02,9.45
5802,17825,2024-09-11,9.45
5803,19795,2024-03-02,30.45
5804,11259,2024-08-09,9.45
5805,14054,2024-09-03,9.45
5806,907018,2023-09-07,82.95
5807,9561,2023-10-02,30.45
5808,7060,2023-09-03,9.45
5809,1219,2024-08-07,30.45
5810,8088,2023-09-02,208.95
5811,8047,2024-03-06,9.45
5812,17209,2024-11-04,208.95
5813,7985,2024-10-11,30.45
5814,2344,2024-04-08,82.95
5815,17020,2024-12-02,82.95
5816,14362,2023-11-03,82.95
5817,501,2023-05-06,82.95
5818,3753,2024-11-10,9.45
5819,15072,2023-08-04,9.45
5820,616,2024-11-07,30.45
5821,2545,2023-02-03,9.45
5822,12184,2024-10-07,208.95
5823,5581,2024-06-03,30.45
5824,7026,2024-05-11,82.95
5825,2448,2023-07-11,82.95
5826,18700,2023-02-03,30.45
5827,4403,2024-07-05,9.45
5828,1373,2024-01-11,30.45
5829,18023,2024-10-09,9.45
5830,8903,2023-07-06,9.45
5831,5506,2024-10-09,9.45
5832,2120,2024-04-05,30.45
5833,5159,2024-12-12,9.45
5834,20476,2024-03-04,30.45
5835,14034,2024-03-10,208.95
5836,17723,2023-09-05,9.45
5837,17444,2024-12-02,9.45
5838,16285,2024-03-07,9.45
5839,10775,2023-03-05,82.95
5840,1975,2023-11-06,30.45
5841,10580,2023-08-12,9.45
5842,909054,2024-08-05,9.45
5843,1422,2024-08-07,30.45
5844,15140,2024-01-06,30.45
5845,17246,2024-08-01,9.45
5846,14563,2023-08-03,82.95
5847,8099,2024-08-01,208.95
5848,9170,2024-02-08,9.45
5849,13667,,9.45
5850,9498,2024-10-02,226.29
5851,20229,2023-12-05,208.95
5852,8381,2024-06-04,30.45
5853,12811,2024-03-09,30.45
5854,15887,2023-12-12,30.45
5855,3392,2024-08-03,30.45
5856,9370,2024-06-02,9.45
5857,5004,2024-05-07,30.45
5858,10934,2024-06-05,82.95
5859,9918,2023-04-04,82.95
5860,11157,2024-08-06,30.45
5861,2729,2024-03-09,9.45
5862,15148,2024-09-03,30.45
5863,105,2024-06-10,82.95
5864,16913,2024-05-03,30.45
5865,20143,2023-10-12,9.45
5866,963,2024-08-11,9.45
5867,479,2023-04-11,9.45
5868,2444,2023-03-04,82.95
5869,16643,2023-12-09,208.95
5870,9426,2024-06-03,208.95
5871,9115,2024-03-05,30.45
5872,18024,2025-01-13,9.45
5873,15161,2023-10-06,208.95
5874,6712,2024-09-06,208.95
5875,20471,2024-05-03,9.45
5876,8567,2023-10-04,208.95
5877,3998,2024-05-06,30.45
5878,7705,2023-11-07,30.45
5879,3618,2023-11-09,82.95
5880,2583,2023-10-06,9.45
5881,17199,2023-11-07,30.45
5882,11961,2023-11-12,9.45
5883,2998,2024-05-02,9.45
5884,17910,2023-10-03,82.95
5885,19404,2024-09-05,30.45
5886,19413,2023-10-03,9.45
5887,4708,2024-10-04,30.45
5888,11213,2024-11-11,30.45
5889,12019,2024-01-03,30.45
5890,13630,2024-08-09,208.95
5891,4639,2024-09-06,9.45
5892,7113,2023-10-08,30.45
5893,11783,2024-10-04,9.45
5894,4304,2024-11-03,82.95
5895,5779,2024-07-04,30.45
5896,11740,2024-03-12,9.45
5897,18107,2024-12-05,30.45
5898,3800,2023-05-08,82.95
5899,6640,2024-10-03,208.95
5900,10924,2023-08-04,82.95
5901,8780,2023-06-03,82.95
5902,13699,2024-03-04,30.45
5903,6441,2024-05-08,30.45
5904,5056,2024-11-11,82.95
5905,6789,2024-09-03,30.45
5906,12357,2024-10-09,82.95
5907,18078,2024-07-09,30.45
5908,6663,2024-11-09,9.45
5909,1707,2024-12-07,9.45
5910,17215,2024-02-09,9.45
5911,1921,2024-09-05,208.95
5912,5654,2024-05-11,30.45
5913,13391,2024-05-11,208.95
5914,6896,2024-09-11,82.95
5915,8140,2024-05-08,30.45
5916,13433,2024-08-03,82.95
5917,8101,2024-10-09,208.95
5918,12310,2024-04-05,30.45
5919,1765,2024-08-07,30.45
5920,17260,2024-11-03,30.45
5921,727,2024-03-10,208.95
5922,11973,2024-11-08,9.45
5923,2590,2024-05-04,9.45
5924,12261,2024-05-09,82.95
5925,670,2023-06-04,9.45
5926,6792,2024-12-05,30.45
5927,19247,2024-09-10,9.45
5928,2179,2024-05-11,9.45
5929,5714,2024-06-08,82.95
5930,6934,2024-01-10,9.45
5931,6123,2024-03-10,82.95
5932,9460,2023-05-05,9.45
5933,1738,2024-02-12,208.95
5934,6292,2024-09-01,30.45
5935,20084,2024-04-04,30.45
5936,6255,2024-09-03,82.95
5937,1058,2024-09-02,208.95
5938,11166,2024-02-10,9.45
5939,5185,2024-10-07,9.45
5940,10540,2024-10-05,82.95
5941,8492,2023-04-03,82.95
5942,6929,2023-08-04,9.45
5943,16565,2024-05-10,9.45
5944,3052,2023-11-06,9.45
5945,20193,2024-12-10,9.45
5946,17882,2024-09-03,9.45
5947,15438,2024-05-10,9.45
5948,19818,2024-07-04,30.45
5949,15758,2024-05-10,30.45
5950,19090,2024-07-05,82.95
5951,9053,2024-07-07,9.45
5952,582,2024-09-09,82.95
5953,6919,2024-11-12,30.45
5954,11816,2024-05-07,9.45
5955,15377,2024-04-10,9.45
5956,12050,2023-05-05,9.45
5957,20070,2024-07-06,30.45
5958,12352,2024-05-09,82.95
5959,2947,2024-05-05,9.45
5960,15446,2023-01-02,9.45
5961,6900,2024-07-04,30.45
5962,11626,,208.95
5963,18799,2024-02-12,30.45
5964,8711,2023-10-06,9.45
5965,368,2024-02-10,30.45
5966,9377,2023-09-03,9.45
5967,1840,2024-06-04,82.95
5968,18817,2023-09-08,9.45
5969,20266,2024-05-04,82.95
5970,10811,2024-05-06,9.45
5971,17328,2023-04-07,30.45
5972,15527,2024-09-09,30.45
5973,5915,2024-11-10,30.45
5974,2911,2024-06-10,9.45
5975,12498,2023-04-08,9.45
5976,17245,2024-07-05,9.45
5977,5873,2024-05-10,30.45
5978,318,2023-07-08,9.45
5979,851,2024-07-03,30.45
5980,7810,2023-11-05,30.45
5981,4594,2024-08-06,9.45
5982,3151,2024-09-03,82.95
5983,6608,2024-08-06,9.45
5984,9031,2024-07-06,9.45
5985,4406,2024-10-06,9.45
5986,13912,2023-12-19,30.45
5987,20539,2024-11-05,82.95
5988,17324,2024-09-02,9.45
5989,19713,2024-08-04,9.45
5990,20156,2024-01-05,30.45
5991,12698,2024-12-05,9.45
5992,20330,2024-10-06,9.45
5993,14391,2024-04-03,208.95
5994,19882,2023-05-05,9.45
5995,263,2023-09-03,9.45
5996,12944,2024-03-03,208.95
5997,8892,2024-11-05,30.45
5998,11118,2024-04-01,82.95
5999,504,2023-08-07,82.95
6000,16073,2023-09-10,30.45
6001,20246,2024-07-08,165.9
6002,18462,2024-11-07,30.45
6003,7591,2023-12-06,30.45
6004,2835,2024-05-08,9.45
6005,14579,2024-09-11,30.45
6006,11296,2024-05-03,9.45
6007,19888,2023-11-10,9.45
6008,71,2023-12-04,82.95
6009,5260,2023-07-10,9.45
6010,18549,2023-12-08,82.95
6011,1705,2024-10-08,9.45
6012,8357,2023-12-02,9.45
6013,17845,2024-05-05,30.45
6014,16049,2024-08-03,9.45
6015,3559,2024-07-04,9.45
6016,8653,2024-08-02,30.45
6017,2422,2024-03-10,82.95
6018,6902,2024-09-06,30.45
6019,3140,2023-10-03,82.95
6020,2700,2024-09-08,82.95
6021,19202,2024-05-02,30.45
6022,16008,2024-08-03,30.45
6023,13176,2023-10-08,9.45
6024,6661,2024-09-10,9.45
6025,4192,2024-12-28,30.45
6026,3608,2024-04-10,9.45
6027,16206,2023-06-02,9.45
6028,15057,2024-02-09,30.45
6029,6721,2024-02-11,82.95
6030,14243,2023-04-09,30.45
6031,9617,2024-08-08,30.45
6032,5077,2024-01-10,9.45
6033,841,2024-11-04,9.45
6034,917387,2024-09-01,9.45
6035,20490,2023-08-08,9.45
6036,2133,2024-06-07,30.45
6037,7747,2024-03-10,9.45
6038,4445,2024-02-06,208.95
6039,4433,2024-08-10,82.95
6040,14074,2024-07-04,9.45
6041,11747,2024-10-06,9.45
6042,11075,2024-08-05,208.95
6043,2850,2024-02-10,9.45
6044,13849,2024-05-01,9.45
6045,9985,2024-05-03,30.45
6046,12824,2024-09-02,82.95
6047,1314,2024-04-12,9.45
6048,3104,2024-08-05,82.95
6049,2411,2024-05-08,82.95
6050,7480,2023-10-04,30.45
6051,13139,2024-10-09,30.45
6052,6075,2023-12-07,9.45
6053,10880,2024-01-06,30.45
6054,15088,2024-12-10,9.45
6055,13695,2024-11-30,9.45
6056,709,2024-10-05,82.95
6057,7958,2024-01-08,30.45
6058,4796,2024-10-06,9.45
6059,19289,2024-06-01,9.45
6060,11146,2024-09-06,9.45
6061,92,2023-05-09,82.95
6062,2266,2024-12-05,30.45
6063,5240,2024-01-01,9.45
6064,1677,2024-12-05,208.95
6065,5917,2023-08-08,82.95
6066,20429,2024-11-06,9.45
6067,19193,2024-05-05,82.95
6068,6313,2024-08-07,30.45
6069,8688,2023-05-07,9.45
6070,652,2023-10-09,9.45
6071,4567,2024-01-09,82.95
6072,9080,2023-09-05,9.45
6073,4885,2024-05-05,9.45
6074,3575,2023-11-09,9.45
6075,7575,2023-12-05,9.45
6076,5940,2024-04-02,9.45
6077,14267,2024-06-03,82.95
6078,9508,2023-12-09,208.95
6079,2384,2024-09-05,9.45
6080,14744,2024-07-09,9.45
6081,17141,2024-06-11,30.45
6082,7908,2024-06-09,82.95
6083,915956,2023-07-07,9.45
6084,12217,2023-11-12,30.45
6085,1962,2024-03-09,30.45
6086,6749,2024-10-08,9.45
6087,11107,2024-03-04,9.45
6088,6091,2024-10-06,30.45
6089,4133,2024-03-09,82.95
6090,10433,2023-10-08,9.45
6091,3934,2024-12-08,30.45
6092,468,2024-12-07,9.45
6093,9124,2023-10-07,9.45
6094,11762,2024-12-05,30.45
6095,14920,2024-05-07,9.45
6096,20403,2024-10-06,30.45
6097,4685,2024-05-08,9.45
6098,17251,2024-02-11,30.45
6099,412,2024-04-07,9.45
6100,15466,2024-09-02,9.45
6101,12788,2024-01-05,82.95
6102,14885,2023-10-10,82.95
6103,8690,2023-07-10,9.45
6104,10892,2024-02-04,208.95
6105,17287,2024-05-06,30.45
6106,14200,2024-05-09,30.45
6107,12328,2024-03-10,82.95
6108,5014,2023-05-09,9.45
6109,16405,2024-02-02,9.45
6110,5624,2024-09-04,82.95
6111,4228,2024-12-11,30.45
6112,14582,2024-09-06,30.45
6113,12125,2024-06-11,9.45
6114,15309,2024-07-01,82.95
6115,9424,2024-12-01,30.45
6116,13558,2024-09-05,9.45
6117,1686,2024-06-05,9.45
6118,7416,2024-12-04,9.45
6119,16027,2023-09-02,30.45
6120,15194,2024-02-08,82.95
6121,11534,2023-11-03,208.95
6122,15341,2023-09-06,30.45
6123,18567,2023-10-09,9.45
6124,7081,2023-02-03,9.45
6125,13399,2023-09-11,208.95
6126,9535,2024-12-09,30.45
6127,1505,2024-12-09,208.95
6128,19395,2023-12-04,30.45
6129,2396,2024-05-02,82.95
6130,10926,2023-10-01,82.95
6131,4672,2024-11-10,9.45
6132,4895,2024-05-05,82.95
6133,8471,2024-09-08,30.45
6134,3766,2024-03-02,9.45
6135,9513,2024-05-06,208.95
6136,10971,2024-10-08,82.95
6137,6181,2023-09-06,30.45
6138,1135,2024-09-10,30.45
6139,18257,2024-04-06,9.45
6140,3185,2024-01-10,9.45
6141,2584,2023-11-06,9.45
6142,8732,2024-04-04,82.95
6143,7678,2024-02-10,9.45
6144,3113,2024-02-03,82.95
6145,14255,2024-04-10,30.45
6146,12088,2024-10-12,30.45
6147,6786,2024-06-05,30.45
6148,1499,2024-06-06,208.95
6149,6836,2024-06-08,9.45
6150,2352,2024-12-03,82.95
6151,7649,2024-11-09,208.95
6152,2077,2023-07-02,82.95
6153,6459,2024-08-12,30.45
6154,14246,2023-07-08,30.45
6155,14780,2023-11-10,208.95
6156,2438,2024-11-29,30.45
6157,1159,2023-10-06,30.45
6158,294,2024-01-03,30.45
6159,5331,2024-09-03,82.95
6160,5353,2023-05-07,82.95
6161,5982,2024-09-11,30.45
6162,1683,2024-11-02,30.45
6163,9630,2024-09-01,9.45
6164,20133,2024-08-03,82.95
6165,1718,2024-06-02,30.45
6166,11352,2023-02-04,82.95
6167,19975,2024-03-06,30.45
6168,12083,2024-12-12,82.95
6169,3720,2024-12-02,30.45
6170,6346,2024-03-04,9.45
6171,1913,2024-01-01,208.95
6172,13901,2024-02-04,9.45
6173,5767,2023-07-06,30.45
6174,14560,2023-05-02,82.95
6175,1386,2024-10-12,30.45
6176,5265,2023-12-11,9.45
6177,16420,2023-12-06,9.45
6178,11034,2023-10-10,208.95
6179,485,2023-10-09,9.45
6180,1929,2024-03-07,9.45
6181,19941,2023-10-11,9.45
6182,10758,2024-11-08,208.95
6183,9751,2024-06-07,30.45
6184,5439,2024-09-06,9.45
6185,2606,2024-09-04,30.45
6186,900600,2024-07-04,30.45
6187,1945,2023-10-03,82.95
6188,4171,2023-07-08,9.45
6189,7928,2023-03-11,9.45
6190,15846,2024-03-10,82.95
6191,14802,2023-10-09,30.45
6192,7820,2024-09-06,30.45
6193,6138,2023-07-04,9.45
6194,18055,2023-10-01,9.45
6195,6823,2023-12-07,30.45
6196,1492,2024-12-06,82.95
6197,19555,2024-07-10,60.9
6198,1584,2023-03-11,9.45
6199,9759,2023-04-12,9.45
6200,1176,2024-04-07,9.45
6201,4788,2024-02-10,9.45
6202,3119,2024-08-08,82.95
6203,18640,2024-06-10,82.95
6204,12458,2024-08-05,9.45
6205,9001,2023-10-09,9.45
6206,989,2024-12-05,208.95
6207,9099,2024-01-10,9.45
6208,2496,2023-06-07,9.45
6209,6998,2024-11-02,9.45
6210,13484,2024-05-10,9.45
6211,20267,2024-06-09,82.95
6212,5681,2024-04-11,30.45
6213,2931,2024-05-03,82.95
6214,18267,2023-11-04,9.45
6215,17617,2024-04-04,30.45
6216,16151,2024-11-09,208.95
6217,9832,2023-01-06,82.95
6218,10802,2024-07-03,30.45
6219,8226,2024-11-05,9.45
6220,5193,2024-02-02,30.45
6221,1462,2024-09-07,30.45
6222,14837,2024-06-10,9.45
6223,5816,2024-02-12,82.95
6224,12205,2024-09-02,82.95
6225,15479,2024-10-07,9.45
6226,18878,2024-01-04,82.95
6227,1764,2024-07-02,30.45
6228,8772,2024-05-02,30.45
6229,6838,2024-08-04,9.45
6230,13246,2024-02-12,208.95
6231,9120,2024-08-11,30.45
6232,7221,2023-02-12,30.45
6233,9309,2023-08-09,82.95
6234,15335,2024-12-10,9.45
6235,8894,2024-05-04,9.45
6236,4718,2024-03-04,30.45
6237,16043,2024-02-01,9.45
6238,10987,2024-03-06,208.95
6239,11590,2024-06-07,208.95
6240,3102,2024-06-09,82.95
6241,13232,2023-05-03,30.45
6242,18924,,30.45
6243,13520,2024-08-08,82.95
6244,11258,2024-07-10,9.45
6245,6061,2023-07-07,30.45
6246,20023,2024-04-10,9.45
6247,1579,2024-08-04,82.95
6248,13377,2023-06-09,30.45
6249,7684,2024-08-03,9.45
6250,1645,2024-06-09,9.45
6251,6175,2023-03-09,30.45
6252,13473,2023-06-07,9.45
6253,8051,2024-07-05,9.45
6254,18045,2024-10-05,82.95
6255,9181,2024-04-06,30.45
6256,14202,2024-07-02,60.9
6257,16802,2024-03-02,9.45
6258,11567,2024-02-07,9.45
6259,14742,2024-05-09,9.45
6260,2582,2023-09-07,9.45
6261,18815,2024-12-06,208.95
6262,7615,2024-08-05,9.45
6263,5091,2023-04-03,9.45
6264,20514,2023-04-07,30.45
6265,14678,2024-06-11,9.45
6266,18506,2023-02-03,30.45
6267,12559,2023-05-09,82.95
6268,5064,2024-08-02,82.95
6269,13669,2024-10-09,9.45
6270,16699,2024-10-12,9.45
6271,19761,2024-09-05,9.45
6272,10712,2024-02-01,82.95
6273,674,2023-10-01,9.45
6274,16300,2024-02-10,9.45
6275,19839,2024-01-02,82.95
6276,1377,2024-01-11,30.45
6277,1059,2024-10-05,208.95
6278,13794,2024-03-04,9.45
6279,19350,2023-10-11,30.45
6280,4958,2024-11-06,9.45
6281,7164,2024-12-02,30.45
6282,5199,2024-05-01,30.45
6283,5986,2023-02-04,208.95
6284,11777,2024-04-01,9.45
6285,18694,2024-08-04,208.95
6286,17026,2023-07-02,9.45
6287,3634,2024-05-08,9.45
6288,14532,2023-07-02,30.45
6289,8872,2024-08-03,9.45
6290,17362,2024-05-08,30.45
6291,16211,2023-11-07,9.45
6292,10177,2024-04-11,9.45
6293,8205,2023-02-01,9.45
6294,12065,2024-08-05,9.45
6295,5371,2024-11-03,82.95
6296,6103,2024-04-05,9.45
6297,5022,2024-01-11,9.45
6298,8935,2024-10-08,30.45
6299,9092,2023-06-02,9.45
6300,4212,2024-05-04,82.95
6301,15084,2024-08-05,9.45
6302,18320,2024-09-08,82.95
6303,10072,2023-10-05,30.45
6304,16751,2024-05-02,9.45
6305,6219,2024-09-09,82.95
6306,20058,2024-05-06,30.45
6307,4249,2023-09-09,30.45
6308,3368,2024-12-10,9.45
6309,3090,2024-04-06,30.45
6310,4616,2023-08-07,9.45
6311,11917,2024-11-07,82.95
6312,6726,2024-07-03,82.95
6313,602,2024-09-02,30.45
6314,17305,2024-07-06,30.45
6315,12775,2023-12-10,30.45
6316,5168,2024-04-05,208.95
6317,1257,2024-09-06,82.95
6318,8740,2024-08-05,82.95
6319,7931,2023-06-04,9.45
6320,2547,2023-04-08,9.45
6321,18616,2024-03-03,82.95
6322,4196,2024-02-03,9.45
6323,12157,2024-07-08,30.45
6324,8746,2024-01-07,30.45
6325,12910,2024-05-02,9.45
6326,1928,2024-04-18,9.45
6327,4620,2023-12-10,9.45
6328,9574,2024-11-03,30.45
6329,16406,2024-03-05,9.45
6330,18685,2024-09-03,82.95
6331,13362,2023-11-11,9.45
6332,754,2024-08-06,30.45
6333,12443,2024-10-07,30.45
6334,2809,2024-12-04,82.95
6335,14236,2024-07-07,30.45
6336,11038,2024-02-01,208.95
6337,5173,2024-09-03,208.95
6338,6639,2024-09-10,208.95
6339,8167,2024-12-02,208.95
6340,19973,2024-01-01,30.45
6341,13779,2024-08-05,30.45
6342,18953,2024-01-03,30.45
6343,4443,2023-12-09,208.95
6344,9293,2023-12-07,30.45
6345,11415,2024-05-09,9.45
6346,18157,2024-02-06,30.45
6347,6536,2024-11-07,30.45
6348,16252,2024-03-09,9.45
6349,557,2024-03-09,82.95
6350,19687,2023-11-01,208.95
6351,3388,2024-04-07,30.45
6352,15268,,82.95
6353,5189,2023-10-04,30.45
6354,18442,2024-04-08,9.45
6355,6104,2024-05-04,9.45
6356,3355,2024-09-09,82.95
6357,12807,2023-11-04,30.45
6358,8730,2023-10-04,82.95
6359,6179,2023-07-04,30.45
6360,7042,2023-10-07,30.45
6361,12594,2023-06-02,9.45
6362,14427,2024-02-03,30.45
6363,5889,2023-12-04,82.95
6364,16848,2024-03-05,82.95
6365,777,2024-08-06,30.45
6366,1083,2023-12-11,9.45
6367,19670,2024-04-07,9.45
6368,4851,2023-11-08,30.45
6369,15731,2024-03-04,82.95
6370,16240,2024-08-08,9.45
6371,7112,2023-09-02,30.45
6372,12591,2024-12-10,9.45
6373,16371,2023-10-05,208.95
6374,9809,2023-02-02,9.45
6375,8751,2024-06-09,30.45
6376,14328,2024-06-07,30.45
6377,19087,2024-04-04,82.95
6378,8782,2023-08-12,82.95
6379,8569,2023-12-12,208.95
6380,14486,2024-09-03,30.45
6381,7104,2023-01-06,30.45
6382,8793,2024-07-03,165.9
6383,2755,2024-01-02,9.45
6384,17289,2024-07-09,30.45
6385,11180,2023-07-05,82.95
6386,8477,2023-10-04,9.45
6387,1722,2024-10-03,30.45
6388,10310,2024-10-10,9.45
6389,2023,2024-09-09,9.45
6390,18986,2024-03-05,9.45
6391,2796,2024-10-12,208.95
6392,6244,2024-08-03,30.45
6393,6827,2023-09-02,9.45
6394,5420,2024-02-04,9.45
6395,16336,2024-07-08,82.95
6396,14552,2024-05-03,9.45
6397,2566,2024-11-11,9.45
6398,16651,2024-08-08,208.95
6399,20020,2024-01-12,9.45
6400,2610,2023-08-11,9.45
6401,9901,2024-09-11,9.45
6402,13713,2023-11-09,30.45
6403,2,2023-12-01,30.45
6404,395,2024-11-09,30.45
6405,5586,2024-11-11,30.45
6406,8116,2023-11-05,30.45
6407,3543,2024-01-02,82.95
6408,17111,2023-12-03,30.45
6409,19151,2024-03-11,82.95
6410,3806,2023-11-09,82.95
6411,3481,2024-07-07,82.95
6412,2866,2024-09-09,9.45
6413,14341,2023-12-10,82.95
6414,503,2023-07-07,82.95
6415,13242,2024-03-09,30.45
6416,2442,2023-01-11,82.95
6417,13868,2024-06-05,9.45
6418,9217,2024-08-10,9.45
6419,13725,2024-11-02,30.45
6420,5241,2024-02-08,9.45
6421,8628,2024-01-09,9.45
6422,10672,2024-07-10,30.45
6423,20540,2023-06-10,30.45
6424,19876,2024-07-06,18.9
6425,1838,2024-04-02,82.95
6426,4570,2024-04-05,82.95
6427,15082,2024-06-10,9.45
6428,8406,2024-11-07,9.45
6429,18176,2024-08-11,9.45
6430,10458,2024-01-10,82.95
6431,14458,2024-09-05,30.45
6432,4356,2023-05-06,82.95
6433,16733,2023-12-09,9.45
6434,12468,2024-06-09,30.45
6435,9626,2024-05-03,9.45
6436,3647,2024-11-09,9.45
6437,19579,2023-04-01,30.45
6438,13373,2024-10-03,9.45
6439,11477,2023-11-12,30.45
6440,14624,2023-07-07,9.45
6441,9934,2024-08-03,82.95
6442,1078,2023-07-02,9.45
6443,3853,2024-09-09,9.45
6444,4605,2024-09-03,82.95
6445,5053,2024-08-08,82.95
6446,16970,2024-07-08,9.45
6447,8010,2024-02-10,208.95
6448,5614,2023-11-10,82.95
6449,2436,2024-07-10,30.45
6450,3451,2024-09-02,30.45
6451,2075,2023-05-03,82.95
6452,10237,2023-08-07,30.45
6453,9707,2024-08-09,82.95
6454,13939,2024-04-02,30.45
6455,13889,2023-02-05,9.45
6456,1316,2024-06-10,9.45
6457,14828,2024-04-11,9.45
6458,13980,2024-04-05,9.45
6459,15662,2023-09-07,30.45
6460,13403,2024-01-05,208.95
6461,3584,2024-08-07,9.45
6462,16462,2024-02-03,9.45
6463,4151,2023-10-02,30.45
6464,4908,2023-09-11,30.45
6465,3544,2024-02-07,82.95
6466,14907,2024-11-05,30.45
6467,9668,2024-07-06,9.45
6468,14097,2024-06-06,9.45
6469,2044,2024-07-09,9.45
6470,9191,2024-06-04,30.45
6471,16313,2024-05-11,30.45
6472,428,2023-10-08,30.45
6473,13392,2024-06-04,208.95
6474,12721,2024-11-09,30.45
6475,9046,2023-12-09,9.45
6476,9268,2024-07-03,82.95
6477,10079,2024-05-05,30.45
6478,14386,2023-11-08,208.95
6479,17482,2024-09-06,82.95
6480,15445,2024-12-03,9.45
6481,14769,2024-12-04,30.45
6482,9182,2024-05-11,30.45
6483,3907,2023-11-08,9.45
6484,9714,2024-03-04,9.45
6485,1850,2024-04-06,30.45
6486,7034,2023-02-08,30.45
6487,20520,2024-03-11,82.95
6488,14046,2024-01-02,9.45
6489,13626,2024-04-04,208.95
6490,6544,2023-09-03,30.45
6491,15066,2024-11-08,30.45
6492,10010,2024-06-06,9.45
6493,8432,,30.45
6494,19850,,82.95
6495,3895,2024-10-06,9.45
6496,8513,2023-02-04,9.45
6497,7754,2024-10-07,9.45
6498,19290,2024-07-05,9.45
6499,12090,2024-12-08,30.45
6500,12169,2023-07-08,208.95
6501,10087,2023-01-07,9.45
6502,2004,2024-03-08,208.95
6503,301,2024-08-06,30.45
6504,14491,2023-08-12,30.45
6505,4119,2024-04-07,82.95
6506,1013,2024-12-02,30.45
6507,6954,2023-12-05,30.45
6508,11767,2023-07-12,9.45
6509,18904,2024-03-10,30.45
6510,16993,2024-06-10,9.45
6511,4870,2024-07-11,9.45
6512,11909,2024-03-05,82.95
6513,18488,2023-08-02,9.45
6514,18717,2024-07-10,30.45
6515,7084,2023-05-03,9.45
6516,18374,2023-07-07,30.45
6517,12620,2024-11-04,208.95
6518,9205,2023-08-12,9.45
6519,9410,2024-03-08,30.45
6520,19147,2023-11-06,82.95
6521,4227,2024-11-04,30.45
6522,4738,2024-07-10,9.45
6523,15330,2024-07-12,9.45
6524,12409,2024-06-04,9.45
6525,8437,2023-11-11,30.45
6526,5769,2023-09-05,30.45
6527,16492,2024-10-07,30.45
6528,15338,2023-06-08,30.45
6529,19515,2023-08-06,30.45
6530,10267,2024-09-05,9.45
6531,1011,2024-10-08,30.45
6532,13336,2024-10-11,9.45
6533,19573,2024-10-11,9.45
6534,3150,2024-08-08,82.95
6535,18552,2024-03-06,82.95
6536,12946,2024-05-12,208.95
6537,4865,2024-02-07,9.45
6538,16807,2024-08-07,9.45
6539,5239,2023-12-05,9.45
6540,4992,2024-11-04,30.45
6541,8055,2024-11-06,9.45
6542,5101,2024-02-10,9.45
6543,20205,2024-03-03,9.45
6544,2403,2023-09-03,82.95
6545,1544,2024-04-08,9.45
6546,16166,2023-11-05,30.45
6547,450,2023-06-09,9.45
6548,1717,2024-05-10,30.45
6549,13496,2024-04-11,82.95
6550,17781,2024-09-09,82.95
6551,12061,2024-04-05,9.45
6552,12741,2024-09-01,208.95
6553,7509,2024-09-05,9.45
6554,11043,2024-07-02,208.95
6555,8661,2023-10-08,9.45
6556,7184,2024-11-12,9.45
6557,19278,2024-07-06,9.45
6558,12561,2023-07-07,82.95
6559,6994,2024-07-09,18.9
6560,9959,2023-07-05,9.45
6561,4591,2024-05-04,9.45
6562,15476,2024-07-11,9.45
6563,11417,2024-07-06,9.45
6564,10242,2024-01-11,30.45
6565,4556,2024-09-02,30.45
6566,16644,2024-01-06,208.95
6567,16104,2024-07-06,913.63
6568,4720,2024-05-07,30.45
6569,18256,2024-03-03,9.45
6570,413,2024-05-08,9.45
6571,16784,2023-11-09,9.45
6572,193,2023-02-05,208.95
6573,9405,2023-10-07,30.45
6574,6581,2024-12-08,30.45
6575,2774,2024-08-04,82.95
6576,12518,2024-12-09,9.45
6577,19307,2023-03-07,30.45
6578,4387,2024-03-09,208.95
6579,11269,2023-07-07,9.45
6580,8743,2024-11-02,82.95
6581,6360,2024-08-09,30.45
6582,7487,2024-05-10,30.45
6583,1659,2024-06-10,9.45
6584,6555,2024-08-07,30.45
6585,18305,2023-11-06,30.45
6586,12862,2024-06-03,82.95
6587,17428,2023-08-11,9.45
6588,4339,,9.45
6589,16923,2023-12-11,9.45
6590,12389,2024-11-10,9.45
6591,19978,2024-06-04,30.45
6592,18964,2024-12-11,30.45
6593,5329,2024-07-09,82.95
6594,9291,2023-10-02,30.45
6595,15613,2024-06-07,9.45
6596,17608,2024-06-02,208.95
6597,137,2024-08-05,30.45
6598,7800,2024-11-03,30.45
6599,13216,2024-07-09,60.9
6600,18465,2024-08-10,9.45
6601,7609,2024-12-11,30.45
6602,16377,2024-04-04,208.95
6603,7789,2023-12-03,30.45
6604,18457,2024-06-04,30.45
6605,19463,2023-07-05,208.95
6606,10787,2024-03-08,82.95
6607,441,2024-11-03,30.45
6608,15912,2024-03-03,9.45
6609,904338,2024-12-06,9.45
6610,8389,2024-01-04,208.95
6611,5122,2024-09-08,9.45
6612,12917,2024-12-07,9.45
6613,11829,2024-11-10,208.95
6614,10875,2024-11-02,82.95
6615,14817,2023-05-10,9.45
6616,2914,2024-09-06,9.45
6617,6056,2024-12-07,30.45
6618,1080,2023-09-04,9.45
6619,5975,2024-02-07,30.45
6620,615,2024-10-07,30.45
6621,3249,2024-05-10,208.95
6622,10002,2024-08-02,208.95
6623,11264,2023-12-05,9.45
6624,4424,2023-09-09,82.95
6625,8132,2023-09-03,30.45
6626,15310,2024-08-07,82.95
6627,13938,2024-03-10,30.45
6628,19296,2024-04-07,9.45
6629,13152,2023-07-05,82.95
6630,14710,2024-09-02,9.45
6631,1624,2024-08-07,82.95
6632,10917,2024-07-02,9.45
6633,9530,2024-07-12,60.9
6634,8775,2024-08-11,30.45
6635,4728,2023-09-11,9.45
6636,2041,2024-10-03,9.45
6637,7935,2023-10-03,9.45
6638,15690,2024-06-02,208.95
6639,6209,2023-11-06,82.95
6640,12362,2024-07-02,30.45
6641,8838,2023-09-08,82.95
6642,906,2024-03-08,9.45
6643,12754,2023-12-09,9.45
6644,6885,2023-10-07,82.95
6645,9622,2024-01-06,9.45
6646,13280,2024-11-03,82.95
6647,17642,2024-07-02,30.45
6648,700,,82.95
6649,5609,2023-06-10,82.95
6650,15666,2024-01-09,30.45
6651,5132,2024-03-06,208.95
6652,7980,2024-05-11,30.45
6653,19991,2023-12-06,30.45
6654,535,2024-03-06,30.45
6655,20431,2024-12-06,9.45
6656,18040,2024-05-11,82.95
6657,9932,2024-06-06,82.95
6658,12513,2024-07-11,9.45
6659,10080,2024-06-04,30.45
6660,5671,2024-05-03,30.45
6661,4399,2024-03-06,9.45
6662,18094,2024-12-04,9.45
6663,51,2024-09-03,9.45
6664,18150,2023-07-06,30.45
6665,19256,2024-11-09,30.45
6666,11993,2024-03-04,9.45
6667,7031,2024-10-06,82.95
6668,7295,2024-04-01,9.45
6669,12980,2024-10-10,30.45
6670,5489,2024-06-06,82.95
6671,14279,2023-08-02,9.45
6672,6921,2024-08-11,9.45
6673,18018,2024-05-06,9.45
6674,3749,2024-07-09,9.45
6675,9953,2024-12-08,9.45
6676,11332,2024-11-08,30.45
6677,15958,2023-09-06,9.45
6678,12606,2024-06-03,9.45
6679,14878,2024-10-09,9.45
6680,10676,2024-11-08,30.45
6681,12972,2024-09-07,9.45
6682,7924,2024-11-05,30.45
6683,4446,2024-03-08,208.95
6684,20184,2024-03-03,9.45
6685,8252,2024-08-12,30.45
6686,919936,2023-05-05,9.45
6687,11801,2024-08-03,9.45
6688,13132,2024-03-08,30.45
6689,7482,2023-12-03,30.45
6690,12610,2024-10-07,9.45
6691,16796,2024-11-05,9.45
6692,54,2024-12-05,9.45
6693,13636,2024-04-05,9.45
6694,2405,2023-11-06,82.95
6695,14127,2024-05-12,30.45
6696,11003,2024-07-02,9.45
6697,7005,2024-03-10,82.95
6698,16380,2024-07-06,417.9
6699,179,2024-10-08,30.45
6700,19939,2023-08-06,9.45
6701,20316,2023-12-06,30.45
6702,1735,2023-11-02,208.95
6703,7783,2024-12-10,9.45
6704,16683,2024-04-03,208.95
6705,5761,2024-12-12,30.45
6706,9896,2024-04-09,9.45
6707,8506,2024-06-11,82.95
6708,10793,2024-09-08,82.95
6709,2337,2023-09-07,82.95
6710,8955,2024-12-05,82.95
6711,6943,2024-10-09,9.45
6712,7190,2023-09-06,30.45
6713,546,2023-04-07,82.95
6714,13186,2024-08-09,9.45
6715,6317,,30.45
6716,2047,2024-10-10,9.45
6717,8135,2023-12-07,30.45
6718,20060,2024-07-12,30.45
6719,7922,2024-09-06,30.45
6720,5764,2024-02-08,9.45
6721,18847,2023-12-05,30.45
6722,320,2023-09-02,9.45
6723,17019,2024-11-07,82.95
6724,4206,2024-12-10,9.45
6725,12554,2023-09-08,82.95
6726,9506,2023-10-04,208.95
6727,10407,2024-02-11,9.45
6728,19771,2023-11-08,9.45
6729,11548,2024-02-07,9.45
6730,13281,2024-12-06,82.95
6731,6403,2024-09-08,82.95
6732,5058,2024-02-10,82.95
6733,7529,2024-05-03,9.45
6734,7192,2023-11-03,30.45
6735,16389,2023-12-10,9.45
6736,5123,2024-10-06,9.45
6737,13134,2024-05-06,30.45
6738,17519,2023-12-07,9.45
6739,3374,2024-11-03,9.45
6740,17993,2024-12-04,30.45
6741,15191,2024-12-04,30.45
6742,8172,2023-06-04,30.45
6743,18935,2024-02-11,9.45
6744,14064,2023-09-03,9.45
6745,18132,2024-04-06,30.45
6746,14084,2023-05-04,9.45
6747,14701,2023-12-10,9.45
6748,14367,2024-04-11,82.95
6749,2896,2024-07-12,165.9
6750,9734,2024-11-10,30.45
6751,1775,2023-11-07,82.95
6752,12675,2024-11-07,208.95
6753,6283,2023-12-10,30.45
6754,2176,2024-02-07,9.45
6755,12878,2023-04-02,30.45
6756,10144,2024-12-06,9.45
6757,18373,2023-06-06,30.45
6758,18409,2024-09-06,9.45
6759,3004,2023-08-09,30.45
6760,16837,2023-05-06,30.45
6761,904252,2023-12-01,30.45
6762,18137,2024-09-04,30.45
6763,687,,9.45
6764,16421,2024-01-03,9.45
6765,5002,2024-03-02,30.45
6766,1885,2023-07-03,30.45
6767,5724,2023-05-10,9.45
6768,20127,2024-02-11,82.95
6769,3201,2024-02-05,30.45
6770,4597,2024-11-04,9.45
6771,10671,2024-06-09,30.45
6772,19694,2024-06-07,208.95
6773,10860,2023-08-07,82.95
6774,17945,2024-09-07,9.45
6775,18287,2023-10-07,9.45
6776,12377,2024-05-06,9.45
6777,9334,2024-01-06,9.45
6778,2376,,9.45
6779,12419,2024-02-08,82.95
6780,19203,2024-06-03,30.45
6781,16207,2023-07-07,9.45
6782,9505,2023-09-12,208.95
6783,4928,2024-11-11,9.45
6784,16039,2024-09-04,30.45
6785,9961,2023-09-08,9.45
6786,1721,2024-09-05,30.45
6787,13325,2024-08-03,9.45
6788,19954,2024-11-03,9.45
6789,14667,2024-07-11,9.45
6790,4688,2024-08-02,9.45
6791,7948,2024-11-04,9.45
6792,5005,2024-06-09,30.45
6793,15499,2023-09-04,30.45
6794,2433,2024-04-02,30.45
6795,8958,2024-05-04,9.45
6796,19855,2024-11-03,9.45
6797,13033,2024-11-07,9.45
6798,992,2024-01-05,82.95
6799,2688,2024-07-07,60.9
6800,18519,2024-03-04,30.45
6801,3609,2024-05-11,9.45
6802,16996,2024-09-09,9.45
6803,17764,2024-06-06,82.95
6804,4490,2024-11-09,208.95
6805,4542,2024-10-08,30.45
6806,9180,2024-12-01,9.45
6807,19308,2023-04-08,30.45
6808,11587,2024-03-06,208.95
6809,16716,2024-11-09,208.95
6810,2630,2024-03-12,30.45
6811,15722,2024-10-09,30.45
6812,5221,2024-06-12,9.45
6813,12957,2023-11-06,30.45
6814,2009,2024-08-10,208.95
6815,69,2023-10-03,82.95
6816,20495,2024-08-05,30.45
6817,2211,2023-09-07,30.45
6818,1113,2023-10-10,30.45
6819,15728,2023-12-04,82.95
6820,8294,2024-06-09,82.95
6821,19317,2024-01-04,30.45
6822,10928,2023-12-10,82.95
6823,10614,2024-09-03,30.45
6824,2916,2024-11-09,9.45
6825,18240,2024-06-02,30.45
6826,12004,2023-11-01,9.45
6827,1182,2024-10-11,9.45
6828,17987,2024-06-05,30.45
6829,2052,2023-07-10,9.45
6830,7438,2024-09-08,82.95
6831,823,2024-04-05,30.45
6832,20318,2024-02-07,30.45
6833,5874,2024-06-11,30.45
6834,8960,2024-07-06,9.45
6835,1528,2024-11-04,82.95
6836,2109,2023-05-05,30.45
6837,5528,2024-11-10,208.95
6838,10297,2024-05-10,9.45
6839,15017,2024-05-11,82.95
6840,9458,2024-11-07,9.45
6841,16551,2023-03-03,9.45
6842,7533,2024-09-11,9.45
6843,12235,2024-08-09,30.45
6844,5415,2023-09-05,9.45
6845,19140,2023-04-06,82.95
6846,6976,2023-10-02,82.95
6847,17027,2023-08-07,9.45
6848,19789,2024-11-03,9.45
6849,11227,2024-09-07,30.45
6850,3722,2024-02-08,82.95
6851,3536,2024-11-10,9.45
6852,20443,2024-03-04,30.45
6853,11605,2024-06-07,9.45
6854,18595,2024-06-06,30.45
6855,18560,2024-11-06,82.95
6856,11011,2023-09-04,30.45
6857,8308,2024-04-05,9.45
6858,15271,2023-02-09,82.95
6859,14258,2024-07-11,30.45
6860,7290,2023-11-04,9.45
6861,5251,2024-12-06,9.45
6862,5183,2024-08-02,9.45
6863,5255,2024-09-08,30.45
6864,7597,2024-06-09,30.45
6865,11775,2024-02-10,9.45
6866,20163,2024-08-05,30.45
6867,2183,2024-09-05,9.45
6868,11898,2024-11-09,9.45
6869,16441,2024-10-05,208.95
6870,10528,2025-01-15,82.95
6871,3977,2024-03-09,9.45
6872,4431,2024-04-07,82.95
6873,18674,2023-10-04,82.95
6874,12044,2024-08-07,9.45
6875,5106,2024-07-09,9.45
6876,3845,2024-01-11,9.45
6877,16195,2024-07-08,82.95
6878,1076,2023-05-11,9.45
6879,18848,2024-01-08,30.45
6880,5828,2023-06-06,9.45
6881,12497,2024-12-07,30.45
6882,13735,2023-12-08,30.45
6883,8309,2024-05-10,9.45
6884,15302,2023-12-06,82.95
6885,11916,2024-10-08,82.95
6886,7959,2024-02-08,30.45
6887,15428,2024-05-11,208.95
6888,7757,2024-02-12,9.45
6889,7378,2024-09-08,30.45
6890,6363,2024-11-10,30.45
6891,15136,2023-09-04,30.45
6892,3325,2023-11-11,9.45
6893,12432,2023-11-10,30.45
6894,1261,2023-08-04,9.45
6895,11370,2024-08-03,82.95
6896,18899,2024-09-10,9.45
6897,7535,2024-11-03,9.45
6898,9847,2024-04-03,82.95
6899,12640,2024-05-02,9.45
6900,11976,2024-07-10,18.9
6901,20168,2023-02-07,9.45
6902,16265,2024-07-08,9.45
6903,712,2024-02-07,9.45
6904,12115,2024-09-06,30.45
6905,16203,2023-03-11,9.45
6906,3415,2024-09-05,9.45
6907,17716,2024-08-10,30.45
6908,20161,2024-06-07,30.45
6909,16480,2023-10-11,30.45
6910,16555,2023-07-05,9.45
6911,6799,2024-06-02,9.45
6912,5293,2024-01-03,30.45
6913,728,2024-04-06,208.95
6914,7821,2024-10-09,30.45
6915,12345,2023-10-02,82.95
6916,11679,2023-05-11,9.45
6917,15637,2024-08-09,30.45
6918,3074,2023-12-08,30.45
6919,1268,2024-03-02,9.45
6920,11719,2024-11-10,9.45
6921,15505,2024-03-07,30.45
6922,18833,2024-07-03,9.45
6923,20308,2024-09-04,9.45
6924,15928,2023-05-10,9.45
6925,19407,2024-12-05,30.45
6926,12117,2024-11-05,30.45
6927,12765,2024-11-08,9.45
6928,8482,2024-03-05,9.45
6929,2381,2024-06-02,9.45
6930,17297,2024-03-06,208.95
6931,16991,2024-04-09,9.45
6932,12713,2024-03-02,30.45
6933,622,2024-12-02,82.95
6934,8980,2024-04-09,30.45
6935,5745,2023-08-05,30.45
6936,7995,2024-08-03,9.45
6937,2935,2023-05-04,9.45
6938,15574,2023-09-01,30.45
6939,17976,2023-07-02,30.45
6940,15807,2024-10-09,208.95
6941,3035,2024-09-04,30.45
6942,9705,2024-06-07,82.95
6943,1830,2023-08-02,82.95
6944,16248,2024-08-02,30.45
6945,12651,2023-08-07,9.45
6946,6911,2024-11-05,9.45
6947,12003,2023-10-07,9.45
6948,10247,2024-06-06,30.45
6949,5326,2024-04-08,82.95
6950,4116,2024-11-08,82.95
6951,1329,2023-09-06,9.45
6952,12321,2023-08-06,82.95
6953,5404,2024-11-30,82.95
6954,18736,2024-09-11,208.95
6955,2350,2024-10-05,82.95
6956,13220,2024-11-03,30.45
6957,4903,2023-04-12,30.45
6958,128,2023-11-08,231.62
6959,17805,2024-02-06,9.45
6960,5493,2024-10-06,82.95
6961,11638,2023-08-02,9.45
6962,798,2024-09-09,30.45
6963,4789,2024-03-08,9.45
6964,15105,2024-11-10,30.45
6965,14859,2023-03-05,9.45
6966,3916,2024-08-09,9.45
6967,15764,2024-11-12,30.45
6968,17259,2024-10-12,30.45
6969,13838,2024-06-11,82.95
6970,4727,2024-12-07,30.45
6971,2549,2023-06-06,9.45
6972,17510,2023-10-08,82.95
6973,7051,2024-07-05,30.45
6974,9224,2024-06-05,9.45
6975,19103,2023-11-03,30.45
6976,14993,2024-12-03,9.45
6977,10896,2024-06-03,208.95
6978,4581,2023-07-09,9.45
6979,12861,2024-05-11,82.95
6980,11997,2024-07-04,9.45
6981,20381,2024-10-06,9.45
6982,9017,2024-07-02,9.45
6983,17525,2024-06-05,9.45
6984,9783,2024-12-06,30.45
6985,3047,2024-11-08,30.45
6986,9179,2024-11-01,9.45
6987,12453,2024-03-04,9.45
6988,2311,2023-06-09,82.95
6989,10718,2024-08-06,82.95
6990,19605,2024-12-06,9.45
6991,4345,2024-02-05,9.45
6992,19952,2024-09-10,9.45
6993,14581,2024-08-07,30.45
6994,16258,2024-06-07,208.95
6995,15008,2024-04-09,9.45
6996,18870,2023-05-09,82.95
6997,3953,2024-08-10,82.95
6998,12631,2024-05-10,30.45
6999,5837,2024-03-07,9.45
7000,1684,2024-12-10,30.45
7001,17635,2024-07-03,165.9
7002,13527,2024-09-03,30.45
7003,18901,2024-11-06,9.45
7004,10977,2023-05-03,208.95
7005,10605,2023-12-04,30.45
7006,11299,2024-08-06,96.22
7007,1626,2024-10-10,82.95
7008,13129,2023-12-06,30.45
7009,15435,2024-12-09,208.95
7010,4486,2024-07-04,208.95
7011,16590,2024-09-04,82.95
7012,1703,2024-08-08,9.45
7013,17621,2024-08-06,30.45
7014,17903,2024-06-10,30.45
7015,5413,2023-07-09,9.45
7016,12494,2024-09-06,30.45
7017,15104,2024-10-06,30.45
7018,13319,2024-02-02,9.45
7019,7266,2023-10-09,9.45
7020,9190,2024-05-04,30.45
7021,14472,2024-11-05,9.45
7022,4009,2024-11-06,82.95
7023,7806,2023-07-10,30.45
7024,6761,2024-04-09,82.95
7025,10912,2024-02-03,9.45
7026,387,2024-03-12,30.45
7027,14117,,30.45
7028,5435,2024-05-05,9.45
7029,12378,2024-06-09,9.45
7030,2576,2023-03-09,9.45
7031,3636,2024-07-03,9.45
7032,1212,2024-01-06,30.45
7033,4225,2024-09-05,30.45
7034,7604,2024-07-09,30.45
7035,17698,2024-07-03,30.45
7036,64,2023-05-05,82.95
7037,12486,2024-08-08,9.45
7038,6687,2023-09-04,9.45
7039,2342,2024-02-05,82.95
7040,5010,2024-11-05,30.45
7041,4221,2024-05-01,30.45
7042,15772,2023-11-12,82.95
7043,11347,2024-08-11,30.45
7044,2816,2024-02-03,9.45
7045,12299,2024-11-09,9.45
7046,11460,2024-11-10,9.45
7047,2711,2024-11-11,30.45
7048,14949,2023-02-07,82.95
7049,13359,2023-08-09,9.45
7050,5990,2023-06-08,208.95
7051,9484,2024-05-09,9.45
7052,5844,2024-10-05,9.45
7053,8307,2024-03-08,9.45
7054,10040,2024-11-02,30.45
7055,15303,2024-01-11,82.95
7056,15834,2024-04-08,9.45
7057,17877,2024-12-03,30.45
7058,15489,2023-07-03,30.45
7059,6667,2023-08-05,30.45
7060,4209,2024-02-02,82.95
7061,3547,2024-05-11,82.95
7062,11701,2023-05-05,9.45
7063,20018,2023-11-11,9.45
7064,6259,2023-07-11,30.45
7065,18136,2024-08-10,30.45
7066,12249,2024-03-05,9.45
7067,12472,2024-10-02,30.45
7068,16981,2023-06-09,9.45
7069,3837,2024-06-07,9.45
7070,16327,2024-09-08,9.45
7071,16591,2024-10-01,82.95
7072,15801,2024-04-10,208.95
7073,18767,2024-06-01,9.45
7074,6327,2024-05-12,9.45
7075,15880,2023-05-07,30.45
7076,16447,2023-08-10,82.95
7077,17888,2024-05-10,82.95
7078,3278,2024-08-01,9.45
7079,9585,2023-07-07,30.45
7080,3635,2024-06-10,9.45
7081,13409,2024-07-04,208.95
7082,2320,2024-03-05,82.95
7083,5115,2024-02-05,9.45
7084,9894,2024-02-04,9.45
7085,4053,2024-02-02,82.95
7086,1934,2024-08-02,9.45
7087,15837,2024-07-07,9.45
7088,15452,2023-07-04,9.45
7089,8243,2023-11-12,30.45
7090,12707,2024-08-02,30.45
7091,6508,2023-07-04,30.45
7092,18820,2023-06-09,9.45
7093,16454,2024-03-07,82.95
7094,3042,2024-06-03,30.45
7095,19280,2024-09-03,9.45
7096,18052,2023-07-08,9.45
7097,9244,2024-03-02,30.45
7098,16806,2024-07-05,9.45
7099,13444,2023-09-07,9.45
7100,12013,2023-09-07,30.45
7101,489,2024-02-08,9.45
7102,19643,2024-11-10,208.95
7103,8999,2023-08-07,9.45
7104,17398,2023-11-05,9.45
7105,14038,2024-07-08,208.95
7106,17726,2023-12-07,9.45
7107,2250,2024-12-05,30.45
7108,4632,2024-12-07,9.45
7109,4480,2024-01-08,208.95
7110,14401,2023-04-06,30.45
7111,14066,2023-11-10,9.45
7112,12874,2024-09-06,9.45
7113,16754,2024-08-07,9.45
7114,18235,2024-10-11,9.45
7115,3411,2024-05-08,9.45
7116,11240,2024-09-04,82.95
7117,5800,2024-01-11,9.45
7118,4919,2024-08-07,30.45
7119,14374,2024-11-10,82.95
7120,18931,2023-10-08,9.45
7121,17601,2023-11-02,208.95
7122,9621,2024-12-11,30.45
7123,16321,2024-03-08,9.45
7124,13982,2024-06-06,9.45
7125,10648,2024-06-05,9.45
7126,10108,2024-08-08,82.95
7127,12766,2024-12-09,9.45
7128,17851,2024-11-11,30.45
7129,7436,2024-07-03,165.9
7130,13570,2024-02-03,9.45
7131,4533,2024-01-10,30.45
7132,4976,2024-04-09,9.45
7133,9509,2024-01-06,208.95
7134,18397,2023-09-09,9.45
7135,19542,2024-02-10,82.95
7136,7219,2024-12-07,30.45
7137,11541,2023-07-08,9.45
7138,3129,2024-08-11,9.45
7139,5830,2023-08-09,9.45
7140,14815,2024-11-06,30.45
7141,17278,2023-08-10,30.45
7142,324,2024-01-02,9.45
7143,17547,2024-04-12,30.45
7144,12286,2023-10-04,9.45
7145,20452,2024-10-03,9.45
7146,11790,2024-04-02,9.45
7147,6529,2024-04-10,30.45
7148,20537,2024-07-03,30.45
7149,7199,2024-06-06,30.45
7150,4061,2024-10-10,82.95
7151,16019,2024-11-03,9.45
7152,6597,2024-08-04,9.45
7153,16714,2024-09-08,208.95
7154,126,2023-09-03,30.45
7155,6230,2024-08-12,30.45
7156,19788,2024-10-10,9.45
7157,12818,2024-10-11,30.45
7158,19878,2024-09-08,9.45
7159,15918,2024-09-01,9.45
7160,2751,2023-09-05,9.45
7161,10754,2024-07-05,208.95
7162,1302,2023-04-09,9.45
7163,19873,2024-12-10,30.45
7164,11510,2024-02-06,30.45
7165,7934,2023-09-04,9.45
7166,1724,2024-12-09,30.45
7167,1729,2023-05-09,208.95
7168,2315,2023-10-07,82.95
7169,3504,2023-08-04,9.45
7170,14646,2024-12-09,208.95
7171,19982,2024-10-11,30.45
7172,15012,2024-08-10,9.45
7173,13818,2024-10-02,9.45
7174,4877,2023-09-06,9.45
7175,261,2023-07-04,9.45
7176,11261,2024-10-04,9.45
7177,584,2024-11-04,82.95
7178,81,2024-10-02,82.95
7179,11672,2023-04-05,30.45
7180,11643,2024-01-07,9.45
7181,7627,2023-08-10,9.45
7182,575,2024-09-11,30.45
7183,14659,2024-01-15,9.45
7184,18648,2024-01-06,9.45
7185,11968,2024-06-09,9.45
7186,12407,2024-04-12,9.45
7187,20423,2023-08-09,82.95
7188,18789,2024-08-16,9.45
7189,16052,2024-11-06,9.45
7190,2416,2024-10-05,82.95
7191,14932,2024-10-10,82.95
7192,15539,2023-11-03,9.45
7193,10502,2024-09-03,82.95
7194,5269,2024-04-06,9.45
7195,15670,2024-05-10,30.45
7196,16177,2024-10-07,30.45
7197,11190,2024-05-09,82.95
7198,7851,2024-12-06,82.95
7199,13464,2024-08-03,208.95
7200,2875,2023-07-01,30.45
7201,13267,2024-04-08,9.45
7202,2912,2024-07-04,9.45
7203,19072,2024-09-06,208.95
7204,8875,2024-11-06,9.45
7205,15773,2023-12-09,82.95
7206,15904,2023-07-02,9.45
7207,18376,2023-09-10,30.45
7208,20463,2024-04-04,9.45
7209,11493,2024-06-08,30.45
7210,633,2023-06-06,30.45
7211,13551,2024-02-02,9.45
7212,17736,2024-10-09,9.45
7213,12148,2023-10-03,30.45
7214,11867,2024-01-11,30.45
7215,11163,2023-06-02,9.45
7216,1767,2024-10-08,30.45
7217,11722,2023-08-08,9.45
7218,11229,2024-11-04,30.45
7219,17385,2024-07-09,9.45
7220,19157,2024-09-06,82.95
7221,17594,2024-09-07,9.45
7222,18064,2023-05-10,30.45
7223,16093,2024-08-09,82.95
7224,6406,2024-12-07,82.95
7225,9757,2024-12-07,30.45
7226,16488,2024-06-10,30.45
7227,14409,2023-12-07,30.45
7228,4939,2024-11-07,30.45
7229,3814,2024-07-08,82.95
7230,13364,2024-01-05,9.45
7231,91,2023-04-08,82.95
7232,2460,2024-07-11,82.95
7233,11753,2024-03-12,30.45
7234,11752,2024-02-10,30.45
7235,8303,2023-11-09,9.45
7236,4473,2024-10-05,9.45
7237,7259,2024-08-08,208.95
7238,1434,2024-04-04,30.45
7239,10764,2024-03-09,9.45
7240,15011,2024-07-09,9.45
7241,9146,2024-10-04,82.95
7242,5207,2023-04-10,9.45
7243,18699,2023-01-06,30.45
7244,15565,2024-07-03,9.45
7245,14605,2024-12-02,208.95
7246,11100,2023-08-07,9.45
7247,399,2024-08-03,30.45
7248,15037,2023-05-10,9.45
7249,16187,2023-11-08,82.95
7250,6474,2024-12-09,9.45
7251,13617,2024-10-08,82.95
7252,6941,2024-08-02,9.45
7253,16245,2024-05-10,30.45
7254,15195,,82.95
7255,2340,2023-12-04,82.95
7256,9952,2024-11-09,9.45
7257,9573,2024-10-07,30.45
7258,7961,2024-04-08,30.45
7259,12487,2024-09-02,9.45
7260,1251,2024-11-10,9.45
7261,9051,2024-05-05,9.45
7262,6096,2023-09-08,9.45
7263,19634,2024-12-07,9.45
7264,10364,2024-07-09,30.45
7265,14431,2024-06-09,30.45
7266,13659,2024-11-08,9.45
7267,17274,2024-11-01,30.45
7268,13203,2024-06-09,82.95
7269,8216,2024-01-01,9.45
7270,6992,2024-05-08,9.45
7271,2471,2023-06-04,9.45
7272,5309,2024-07-09,82.95
7273,8724,2024-11-05,9.45
7274,9137,2024-01-10,82.95
7275,2138,2024-11-05,30.45
7276,8953,2024-10-03,82.95
7277,17459,2023-12-06,9.45
7278,12819,2024-11-05,30.45
7279,3184,2023-12-03,9.45
7280,10585,2024-01-06,9.45
7281,9231,2024-07-08,82.95
7282,17948,2024-12-10,9.45
7283,18996,2023-04-02,9.45
7284,10314,2023-08-06,9.45
7285,14891,2024-04-08,82.95
7286,16766,2023-12-05,82.95
7287,19584,2023-09-11,30.45
7288,9086,2024-03-05,9.45
7289,735,2024-11-08,208.95
7290,19945,2024-02-09,9.45
7291,10660,2024-08-07,30.45
7292,7110,2023-07-04,30.45
7293,8087,2023-08-10,208.95
7294,8736,2024-04-09,82.95
7295,11279,2024-05-10,9.45
7296,13289,2024-07-08,60.9
7297,14737,2023-12-10,9.45
7298,17936,2023-12-02,9.45
7299,8820,2024-06-06,82.95
7300,11316,2024-05-03,9.45
7301,1692,2024-12-05,9.45
7302,8451,2024-08-02,82.95
7303,3833,2024-04-09,9.45
7304,2076,2023-06-03,82.95
7305,17452,2024-12-02,30.45
7306,6009,2023-09-10,9.45
7307,12709,2024-10-06,30.45
7308,10113,2024-02-08,9.45
7309,4544,2024-12-05,30.45
7310,9445,2023-10-08,9.45
7311,19621,2024-06-02,9.45
7312,12011,2024-06-03,9.45
7313,548,2023-06-10,82.95
7314,2983,2024-07-08,82.95
7315,7636,2024-05-05,9.45
7316,17919,2024-07-04,82.95
7317,19871,2024-10-07,30.45
7318,2078,2023-08-05,82.95
7319,11656,2024-08-06,30.45
7320,14836,2024-12-08,9.45
7321,858,2023-11-04,9.45
7322,11726,2023-12-07,9.45
7323,18983,2024-10-03,82.95
7324,9295,2024-02-11,30.45
7325,13149,2023-04-07,82.95
7326,594,2024-01-07,30.45
7327,5213,2023-10-09,9.45
7328,17861,2024-10-08,30.45
7329,2975,2023-11-10,82.95
7330,7339,2024-02-04,30.45
7331,3500,2023-04-08,9.45
7332,15803,2024-06-11,208.95
7333,20525,2023-07-01,30.45
7334,8156,2024-01-05,208.95
7335,13608,2024-01-04,82.95
7336,18497,2024-05-08,9.45
7337,4888,2024-08-06,9.45
7338,3137,2023-07-03,82.95
7339,9442,2024-12-11,9.45
7340,11806,2023-07-08,9.45
7341,417,2024-10-05,9.45
7342,2290,2024-12-01,9.45
7343,6187,2024-03-03,30.45
7344,19253,2024-08-03,30.45
7345,10848,2024-10-03,30.45
7346,8304,2023-12-09,9.45
7347,3447,2024-05-06,30.45
7348,11853,2024-05-05,9.45
7349,15941,2024-06-11,9.45
7350,3305,2024-11-07,30.45
7351,15333,2024-10-12,9.45
7352,17705,2023-09-03,30.45
7353,15312,2024-10-04,82.95
7354,2881,2024-01-09,30.45
7355,7590,2023-11-08,30.45
7356,20030,2024-11-10,9.45
7357,13763,2024-05-04,9.45
7358,8754,2024-07-08,9.45
7359,15742,2024-06-09,30.45
7360,10562,2024-01-08,82.95
7361,4785,2023-11-06,9.45
7362,15663,2023-10-02,30.45
7363,17391,2023-06-12,30.45
7364,15316,2023-05-09,9.45
7365,20541,2024-02-02,9.45
7366,3702,2023-06-05,30.45
7367,13107,2024-11-09,9.45
7368,15770,2023-09-07,82.95
7369,12159,2024-09-07,30.45
7370,1944,2023-09-06,82.95
7371,671,2023-07-02,9.45
7372,7307,2023-07-11,9.45
7373,19148,2023-12-07,82.95
7374,19450,,9.45
7375,17860,2024-09-10,30.45
7376,4724,2024-09-03,30.45
7377,4932,2024-04-04,30.45
7378,9666,2024-05-10,9.45
7379,17354,2023-09-11,30.45
7380,4060,2024-09-08,82.95
7381,16107,2024-10-08,82.95
7382,19471,2024-03-10,208.95
7383,27,2023-07-08,82.95
7384,10249,2024-08-07,30.45
7385,6468,2024-06-06,9.45
7386,103,2024-04-12,82.95
7387,2297,2023-12-07,30.45
7388,10210,2024-12-10,9.45
7389,9289,2023-08-05,30.45
7390,8696,2024-01-09,9.45
7391,6915,2024-07-09,30.45
7392,1489,2024-09-04,82.95
7393,16414,2024-11-09,9.45
7394,17136,2024-01-08,30.45
7395,12745,2024-08-04,208.95
7396,9308,2023-07-04,82.95
7397,8146,2024-11-08,30.45
7398,8774,2024-07-10,30.45
7399,17116,2024-05-07,30.45
7400,13697,2024-11-09,9.45
7401,3850,2024-06-02,9.45
7402,16896,2024-12-06,9.45
7403,4261,2024-09-07,30.45
7404,10256,2023-10-11,9.45
7405,6787,2024-07-06,30.45
7406,3604,2025-02-14,9.45
7407,15932,2023-09-03,9.45
7408,10198,2024-09-04,82.95
7409,5336,2023-12-10,30.45
7410,18990,2024-07-07,9.45
7411,2449,2023-08-05,82.95
7412,16308,2024-10-03,9.45
7413,15886,2023-11-05,30.45
7414,2164,2024-11-07,30.45
7415,11004,2024-08-05,9.45
7416,18102,2024-07-06,30.45
7417,2632,2023-12-07,9.45
7418,446,2024-09-07,9.45
7419,10852,2024-09-01,30.45
7420,3920,2024-12-05,9.45
7421,14013,2024-11-06,9.45
7422,884,2024-02-11,208.95
7423,1600,2024-08-03,82.95
7424,12928,2024-01-06,30.45
7425,9703,2024-04-02,82.95
7426,3971,2024-08-07,9.45
7427,10156,2024-02-06,82.95
7428,17788,2023-11-04,30.45
7429,17674,2024-07-10,30.45
7430,5354,2023-06-12,82.95
7431,17830,2024-07-09,30.45
7432,17801,2024-12-09,30.45
7433,16112,2024-08-09,9.45
7434,18193,2024-02-03,9.45
7435,2572,2024-10-03,30.45
7436,17526,2024-07-04,9.45
7437,17628,2023-12-11,82.95
7438,3183,2023-11-09,9.45
7439,16295,2023-09-05,9.45
7440,13058,2024-10-09,9.45
7441,16388,2023-11-07,9.45
7442,7766,2024-05-10,82.95
7443,11191,2024-06-03,82.95
7444,16396,2024-07-06,9.45
7445,6,2024-04-03,30.45
7446,11448,2024-08-11,30.45
7447,18999,2023-07-07,9.45
7448,17107,2024-12-28,9.45
7449,7840,2024-01-05,82.95
7450,13942,2024-07-04,30.45
7451,20467,2024-10-05,9.45
7452,12712,2024-03-25,30.45
7453,12706,2024-07-06,30.45
7454,10526,2024-09-03,82.95
7455,406,2023-10-05,9.45
7456,1690,2024-10-10,9.45
7457,18115,2023-08-08,30.45
7458,8978,2024-02-08,30.45
7459,10544,2024-02-09,9.45
7460,6662,2024-10-04,9.45
7461,5977,2024-04-07,30.45
7462,2540,2024-08-05,9.45
7463,17646,2024-11-08,30.45
7464,17047,2023-11-06,30.45
7465,18168,2023-12-09,9.45
7466,5880,2024-12-06,197.06
7467,14351,2024-10-04,82.95
7468,9610,2024-10-11,82.95
7469,15099,2024-05-07,30.45
7470,14755,2023-10-06,30.45
7471,14240,2024-11-07,30.45
7472,5422,2024-04-04,9.45
7473,13485,2024-06-12,9.45
7474,18065,2023-06-09,30.45
7475,9923,2023-09-10,82.95
7476,11359,2023-09-06,82.95
7477,1152,2024-06-06,9.45
7478,14442,2023-05-05,30.45
7479,10455,2023-10-02,82.95
7480,18017,2024-12-07,82.95
7481,3409,2024-03-08,9.45
7482,8429,2024-11-09,82.95
7483,19026,2024-03-06,9.45
7484,15199,2024-07-08,82.95
7485,17915,2024-03-07,82.95
7486,11954,2024-09-10,9.45
7487,18624,2024-11-09,82.95
7488,12269,2024-03-07,9.45
7489,4815,2023-12-11,9.45
7490,5085,2024-09-05,9.45
7491,5728,2023-09-07,9.45
7492,9495,2024-07-04,30.45
7493,7370,2024-01-05,30.45
7494,13422,2023-09-06,82.95
7495,12240,2023-06-05,9.45
7496,901234,2024-06-03,30.45
7497,6220,2024-10-08,82.95
7498,7181,2024-08-08,9.45
7499,15593,2024-01-03,82.95
7500,17744,2023-06-04,9.45
7501,10784,2023-12-04,730.12
7502,12151,2024-01-10,30.45
7503,9019,,9.45
7504,15951,2024-11-10,208.95
7505,10868,2024-04-05,82.95
7506,5390,2024-11-11,30.45
7507,685,2024-09-10,9.45
7508,1465,2024-12-04,30.45
7509,18195,2024-04-07,9.45
7510,5876,2024-08-04,30.45
7511,16833,2024-09-04,30.45
7512,342,2023-08-12,30.45
7513,18366,2024-10-02,9.45
7514,5048,2024-03-09,82.95
7515,6598,2024-09-10,9.45
7516,15926,2024-11-04,82.95
7517,6323,2024-01-09,9.45
7518,1065,2024-05-03,30.45
7519,10626,2024-12-07,30.45
7520,20251,2024-12-12,82.95
7521,10604,2023-11-09,30.45
7522,18915,2024-05-05,30.45
7523,9616,2024-07-11,60.9
7524,9876,2024-10-09,9.45
7525,7058,2023-07-11,9.45
7526,16529,2023-10-07,82.95
7527,18708,2023-10-06,30.45
7528,14572,2023-11-10,30.45
7529,5389,2024-10-11,30.45
7530,17126,2024-05-04,30.45
7531,766,2023-09-10,30.45
7532,3689,2024-04-04,9.45
7533,4030,2024-12-07,208.95
7534,6870,2024-10-08,82.95
7535,13140,2024-11-04,30.45
7536,12113,2024-07-06,60.9
7537,19323,2024-07-04,30.45
7538,19950,2024-07-07,9.45
7539,8262,2023-08-08,30.45
7540,18889,2023-11-11,9.45
7541,7574,2023-11-02,9.45
7542,15344,2023-12-08,30.45
7543,6193,2024-03-04,30.45
7544,19154,2024-06-06,82.95
7545,17271,2024-08-05,30.45
7546,5405,2024-11-09,82.95
7547,12451,2024-01-04,9.45
7548,15315,2023-04-07,9.45
7549,16542,2024-05-08,82.95
7550,2299,2024-02-04,30.45
7551,13671,2024-12-07,9.45
7552,10281,2024-05-12,9.45
7553,11667,2024-11-08,30.45
7554,9612,2024-12-04,82.95
7555,5290,2023-10-06,30.45
7556,13381,2023-07-07,208.95
7557,16418,2023-10-06,9.45
7558,11090,2024-09-09,30.45
7559,19932,2024-08-12,9.45
7560,913204,2024-07-12,82.95
7561,15410,2024-03-08,30.45
7562,18399,2023-11-12,9.45
7563,17980,2023-11-10,30.45
7564,6470,,9.45
7565,18834,2024-08-08,9.45
7566,2194,2024-03-10,208.95
7567,4971,2023-11-03,9.45
7568,18091,2024-09-10,9.45
7569,7140,2024-06-01,9.45
7570,9880,2024-02-02,9.45
7571,10271,2023-07-10,9.45
7572,17376,2024-10-10,30.45
7573,19066,2024-03-04,208.95
7574,12066,2024-09-11,9.45
7575,11911,2024-05-03,82.95
7576,1507,2023-10-06,9.45
7577,6747,2024-08-08,9.45
7578,20544,2024-10-03,30.45
7579,2368,2024-11-11,82.95
7580,19099,2023-07-07,30.45
7581,8263,2023-09-05,30.45
7582,19366,2024-01-03,82.95
7583,11148,2024-11-10,9.45
7584,18120,2024-01-02,30.45
7585,526,2023-06-04,30.45
7586,1129,2024-03-06,30.45
7587,5136,2024-07-08,208.95
7588,20436,2024-03-05,30.45
7589,14745,2024-08-04,9.45
7590,16439,2024-08-06,208.95
7591,2913,2024-08-11,9.45
7592,2573,2024-11-10,30.45
7593,18143,2024-09-11,30.45
7594,10376,2024-06-06,9.45
7595,9165,2023-09-12,9.45
7596,12920,2023-05-08,30.45
7597,19215,2024-01-07,82.95
7598,4129,2023-11-08,82.95
7599,8830,2023-04-07,30.45
7600,18514,2023-10-07,30.45
7601,20415,2024-07-09,18.9
7602,17695,2024-04-04,30.45
7603,18353,2023-09-10,9.45
7604,9986,2024-06-09,30.45
7605,9396,2023-06-08,82.95
7606,17570,2024-06-10,30.45
7607,17797,2024-08-05,30.45
7608,19737,2024-07-04,30.45
7609,17762,2024-12-05,9.45
7610,9103,2024-05-04,9.45
7611,20464,2024-05-11,82.95
7612,3678,2023-05-05,9.45
7613,8115,2023-10-03,30.45
7614,12167,2023-05-08,208.95
7615,6386,2024-12-03,30.45
7616,8777,2024-10-03,30.45
7617,5327,2024-05-11,82.95
7618,143,2024-05-11,9.45
7619,17597,2024-12-09,9.45
7620,707,2024-08-07,82.95
7621,3214,2023-12-09,9.45
7622,11325,2024-04-05,30.45
7623,6642,2024-12-10,208.95
7624,20082,2024-02-09,30.45
7625,2132,2024-05-10,30.45
7626,2172,2023-10-10,9.45
7627,3440,2023-10-07,30.45
7628,16179,2024-12-09,30.45
7629,9323,2024-10-11,82.95
7630,4707,2024-09-06,30.45
7631,12626,2023-12-03,30.45
7632,4658,2023-09-11,9.45
7633,1785,2024-09-06,82.95
7634,16,2024-02-11,82.95
7635,16010,2024-10-01,30.45
7636,9161,2023-05-04,9.45
7637,1298,2024-09-04,9.45
7638,1917,2024-05-09,208.95
7639,8361,2024-04-09,9.45
7640,11289,2024-09-03,9.45
7641,8546,2024-09-09,9.45
7642,5957,2023-11-06,30.45
7643,7077,2024-09-09,30.45
7644,853,2024-09-02,30.45
7645,20300,2024-01-08,9.45
7646,10107,2024-07-01,82.95
7647,14919,2024-04-09,9.45
7648,9565,2024-02-03,30.45
7649,19234,2023-08-05,9.45
7650,12969,2024-11-01,30.45
7651,16498,2024-02-09,82.95
7652,9725,2024-02-04,30.45
7653,13287,2024-05-03,30.45
7654,5949,2023-03-11,30.45
7655,12225,2024-07-09,30.45
7656,12010,2024-05-03,9.45
7657,12036,2023-10-02,82.95
7658,19437,2024-10-06,9.45
7659,18383,2024-04-12,30.45
7660,19005,2024-01-03,9.45
7661,16051,2024-10-02,9.45
7662,20487,2024-09-04,82.95
7663,1265,2023-12-09,9.45
7664,12655,2023-12-07,9.45
7665,6318,2023-08-10,9.45
7666,6339,2024-10-02,82.95
7667,4522,2024-06-02,9.45
7668,5693,2023-09-08,30.45
7669,1896,2024-06-09,30.45
7670,9799,2024-09-03,30.45
7671,15244,2024-07-05,60.9
7672,14834,2024-10-10,9.45
7673,8753,2024-06-11,9.45
7674,8863,2023-11-04,9.45
7675,7345,2024-08-03,30.45
7676,3892,2024-07-09,9.45
7677,13459,2024-12-10,9.45
7678,15953,2023-07-08,82.95
7679,13393,2024-07-07,208.95
7680,17057,2024-09-08,30.45
7681,445,,9.45
7682,5249,2024-10-09,9.45
7683,4924,2024-07-05,9.45
7684,18757,2024-10-07,30.45
7685,13703,2024-07-06,30.45
7686,12527,2024-04-06,30.45
7687,8166,2024-11-03,208.95
7688,17807,2024-04-06,9.45
7689,8060,2024-01-08,9.45
7690,10761,2023-12-04,9.45
7691,6898,2024-11-05,82.95
7692,9800,2024-10-03,30.45
7693,1520,2024-11-09,9.45
7694,19204,2024-07-09,30.45
7695,8997,2023-06-12,9.45
7696,9738,2024-01-03,82.95
7697,2364,2024-07-02,82.95
7698,18280,2024-12-05,9.45
7699,5576,2024-01-03,30.45
7700,570,2024-04-09,30.45
7701,7036,2023-04-02,30.45
7702,7664,2024-03-09,9.45
7703,14376,2024-04-02,9.45
7704,18251,2023-10-04,9.45
7705,2063,2024-06-02,9.45
7706,111,2024-12-04,82.95
7707,20103,2023-06-05,208.95
7708,17325,2024-10-05,9.45
7709,17854,2024-03-05,30.45
7710,12950,2024-09-03,208.95
7711,10763,2024-02-08,9.45
7712,19421,2024-06-08,9.45
7713,3242,2024-08-03,30.45
7714,8636,2024-09-04,9.45
7715,795,2024-06-06,30.45
7716,3025,2023-11-03,30.45
7717,4889,2024-09-11,9.45
7718,19292,2024-09-03,9.45
7719,3266,2024-05-08,9.45
7720,18580,2024-11-10,9.45
7721,7049,2024-05-05,30.45
7722,7717,,30.45
7723,20408,2024-11-07,82.95
7724,14275,2023-04-07,9.45
7725,2743,2024-10-03,30.45
7726,19398,2024-06-19,213.11
7727,18146,2023-03-07,30.45
7728,9456,2024-09-03,9.45
7729,19813,2024-02-09,30.45
7730,15762,2024-09-07,30.45
7731,5419,2024-01-10,9.45
7732,12702,2024-05-11,30.45
7733,15821,2024-10-09,9.45
7734,13774,2024-03-04,30.45
7735,1096,2024-02-07,82.95
7736,17509,2023-09-09,82.95
7737,16255,2024-06-12,9.45
7738,2754,2023-12-09,9.45
7739,17425,2024-05-08,9.45
7740,3453,2024-11-08,30.45
7741,18743,2024-08-10,82.95
7742,16911,2024-03-04,30.45
7743,8670,2024-07-02,9.45
7744,9758,2023-03-07,9.45
7745,10722,2024-12-04,82.95
7746,6442,2024-06-01,30.45
7747,5777,2024-05-04,30.45
7748,13846,2024-02-12,9.45
7749,532,2023-12-05,30.45
7750,5121,2024-08-08,9.45
7751,14508,2023-12-08,82.95
7752,16931,2024-02-04,82.95
7753,7987,2024-12-08,30.45
7754,6530,2024-05-11,30.45
7755,17348,2024-12-09,30.45
7756,19611,,9.45
7757,3980,2024-06-01,9.45
7758,2959,2023-10-08,82.95
7759,12380,2024-08-05,9.45
7760,415,2024-08-11,9.45
7761,4224,2024-08-02,30.45
7762,9756,2024-11-07,30.45
7763,3872,2024-08-07,82.95
7764,17607,2024-05-04,208.95
7765,1104,2024-10-10,82.95
7766,18039,2024-04-10,82.95
7767,12098,2024-02-01,30.45
7768,11177,2023-04-07,82.95
7769,8918,2023-05-06,30.45
7770,8473,2024-11-06,30.45
7771,6285,2024-02-02,30.45
7772,18334,2023-12-02,9.45
7773,50,2024-08-06,9.45
7774,15280,2023-11-06,82.95
7775,11376,2023-05-11,9.45
7776,9749,2024-12-05,82.95
7777,7235,2024-04-07,30.45
7778,19646,2023-09-03,9.45
7779,10355,2023-10-08,30.45
7780,17230,2023-11-01,82.95
7781,16910,2024-02-04,30.45
7782,5518,2024-01-09,208.95
7783,8240,2023-08-11,30.45
7784,6876,2024-10-02,30.45
7785,17946,2024-10-03,9.45
7786,7038,2023-06-06,30.45
7787,5408,2023-02-04,9.45
7788,18943,2024-10-09,9.45
7789,17217,2024-04-03,9.45
7790,16856,2024-11-05,82.95
7791,18912,2024-11-03,30.45
7792,14758,2024-01-10,30.45
7793,13534,2024-01-06,30.45
7794,15578,2024-01-08,30.45
7795,15034,2024-12-05,30.45
7796,2944,2024-02-12,9.45
7797,16375,2024-02-05,208.95
7798,15431,2024-08-11,208.95
7799,12695,2024-09-06,9.45
7800,4284,2024-05-03,9.45
7801,19956,2023-01-12,9.45
7802,6290,2024-07-09,30.45
7803,4316,2024-04-02,82.95
7804,10329,2024-11-06,9.45
7805,18555,2024-06-03,82.95
7806,15870,2024-07-05,82.95
7807,17226,2023-07-08,82.95
7808,13025,2024-03-04,9.45
7809,11551,2024-05-18,9.45
7810,10752,2024-05-04,208.95
7811,4026,2024-08-04,208.95
7812,17895,2024-12-04,82.95
7813,13874,2024-12-02,9.45
7814,9355,2025-01-12,9.45
7815,713,2024-03-05,9.45
7816,4114,2024-09-10,82.95
7817,16083,2024-07-10,30.45
7818,19661,2024-12-01,9.45
7819,6396,2024-02-01,82.95
7820,13495,2024-03-03,82.95
7821,11223,2024-05-09,30.45
7822,8402,2024-07-03,9.45
7823,18187,2023-08-10,9.45
7824,381,2023-09-04,30.45
7825,10827,2023-10-03,30.45
7826,8961,2024-08-09,9.45
7827,19602,2024-09-12,9.45
7828,9209,2023-12-04,9.45
7829,6241,2024-05-03,30.45
7830,16815,2024-01-07,82.95
7831,7469,2024-07-05,30.45
7832,12682,2024-03-01,30.45
7833,16486,2024-04-01,30.45
7834,11035,2023-11-09,208.95
7835,12576,2024-10-04,82.95
7836,8111,2023-06-08,30.45
7837,3331,2024-05-08,9.45
7838,14877,2024-09-11,9.45
7839,1855,2024-09-03,30.45
7840,6483,2024-05-09,9.45
7841,16940,2024-11-11,82.95
7842,3020,2024-12-11,30.45
7843,13286,2024-04-08,30.45
7844,9553,2023-02-06,30.45
7845,6826,2023-08-07,9.45
7846,897,2023-06-04,9.45
7847,10128,2024-02-05,82.95
7848,2619,2024-05-06,9.45
7849,8328,2024-11-03,9.45
7850,19440,2023-04-05,9.45
7851,8858,2023-06-07,9.45
7852,10165,2024-11-03,82.95
7853,18261,2024-08-05,9.45
7854,720,2024-10-09,9.45
7855,10392,2024-02-07,30.45
7856,14807,2024-03-02,30.45
7857,8347,2024-10-05,9.45
7858,2767,2024-01-06,82.95
7859,4100,2024-12-03,9.45
7860,8764,2024-11-07,30.45
7861,15615,2024-08-03,9.45
7862,14975,2023-06-10,9.45
7863,17232,2024-01-08,82.95
7864,9941,2024-08-04,9.45
7865,4504,2024-12-08,9.45
7866,20149,2024-04-07,9.45
7867,3439,2023-09-06,30.45
7868,14135,2024-02-08,9.45
7869,16634,2023-03-07,208.95
7870,8466,2024-04-09,30.45
7871,10240,2023-11-06,30.45
7872,13882,2024-07-08,82.95
7873,17357,2023-12-08,30.45
7874,16987,2023-12-10,9.45
7875,7027,2024-06-05,82.95
7876,1352,2024-08-08,208.95
7877,6849,2024-10-11,30.45
7878,4272,2024-04-09,82.95
7879,10217,2024-01-05,30.45
7880,5451,2023-12-11,82.95
7881,15873,2024-10-04,82.95
7882,5228,2023-01-09,9.45
7883,17092,2024-02-08,208.95
7884,3346,2024-09-01,30.45
7885,6321,2023-11-03,9.45
7886,8964,2024-11-10,9.45
7887,2106,2023-02-10,30.45
7888,11042,2024-06-05,208.95
7889,20396,2024-03-08,30.45
7890,11631,2024-08-01,208.95
7891,7409,2024-05-04,9.45
7892,13693,2024-07-03,9.45
7893,14625,2023-08-09,9.45
7894,13722,2024-08-04,30.45
7895,17434,2024-02-03,9.45
7896,6286,2024-03-08,30.45
7897,5274,2024-09-02,9.45
7898,11245,2023-06-09,9.45
7899,9943,2024-10-06,9.45
7900,6580,2024-11-09,30.45
7901,8209,2023-06-03,9.45
7902,11731,2024-05-05,9.45
7903,5931,2024-10-09,82.95
7904,9222,2024-04-05,9.45
7905,182,2024-07-04,30.45
7906,14402,2023-05-04,30.45
7907,2126,2024-10-03,30.45
7908,718,2024-08-07,9.45
7909,1304,2023-06-04,9.45
7910,8335,2023-10-12,9.45
7911,3864,2023-12-10,82.95
7912,9214,2024-05-05,9.45
7913,16080,2024-04-12,30.45
7914,11531,2023-08-03,208.95
7915,1651,2024-12-11,9.45
7916,15618,2024-11-03,9.45
7917,1140,2023-06-07,9.45
7918,13229,2023-02-03,30.45
7919,14299,2024-04-05,30.45
7920,6032,2024-09-08,30.45
7921,10326,2024-08-06,9.45
7922,3657,2024-12-07,82.95
7923,289,2023-08-09,30.45
7924,3236,2024-02-09,30.45
7925,13236,2023-09-03,30.45
7926,8100,2024-09-02,208.95
7927,8141,2024-06-06,30.45
7928,17437,2024-05-01,9.45
7929,780,2024-11-07,30.45
7930,590,2024-09-08,9.45
7931,3577,2024-01-09,9.45
7932,13051,2024-03-11,9.45
7933,14592,2024-08-09,30.45
7934,19660,2024-11-08,9.45
7935,20218,2024-05-06,9.45
7936,1218,2024-07-05,30.45
7937,3587,2025-02-05,9.45
7938,13820,2024-12-11,9.45
7939,11479,2024-01-10,30.45
7940,4357,2023-06-02,82.95
7941,12521,2023-10-07,30.45
7942,19205,2024-08-05,30.45
7943,4835,2023-11-06,9.45
7944,12990,2024-07-11,30.45
7945,11959,2023-09-10,9.45
7946,17170,2023-12-07,9.45
7947,18245,2024-11-06,30.45
7948,3316,2024-06-07,9.45
7949,20387,2024-05-08,30.45
7950,3701,2023-05-04,30.45
7951,5655,2024-06-03,30.45
7952,18239,2024-05-03,30.45
7953,6331,2024-09-08,9.45
7954,1412,2024-05-03,9.45
7955,17937,2024-01-07,9.45
7956,13550,2024-01-03,9.45
7957,3633,2024-04-03,9.45
7958,16084,2024-08-06,30.45
7959,16430,2024-10-07,9.45
7960,7400,2023-08-07,9.45
7961,9680,2024-05-03,30.45
7962,20061,2024-08-11,30.45
7963,12393,2024-07-09,82.95
7964,4169,2023-05-08,9.45
7965,11176,2024-12-04,9.45
7966,3898,2023-02-05,9.45
7967,18325,2023-03-08,9.45
7968,6466,2024-04-11,9.45
7969,19965,2023-10-08,9.45
7970,970,2024-05-03,82.95
7971,4073,2024-12-11,9.45
7972,3798,2024-10-08,82.95
7973,19951,2024-08-08,9.45
7974,124,2023-07-02,30.45
7975,20422,2024-03-05,82.95
7976,12670,2024-06-05,208.95
7977,18967,2023-06-12,82.95
7978,14573,2023-12-04,30.45
7979,15694,2024-10-02,208.95
7980,6031,2024-08-04,30.45
7981,9694,2023-07-03,82.95
7982,14541,2024-04-08,30.45
7983,8231,2024-08-03,82.95
7984,14512,2024-04-04,82.95
7985,14941,2024-06-12,9.45
7986,13952,2023-12-07,9.45
7987,15788,2024-05-10,30.45
7988,19342,2024-09-07,9.45
7989,7100,2024-09-02,9.45
7990,9307,2023-06-05,82.95
7991,6124,2024-04-08,82.95
7992,20113,2024-04-01,208.95
7993,2541,2024-09-07,9.45
7994,14006,2024-04-06,9.45
7995,17268,2024-05-07,30.45
7996,5438,2024-08-06,9.45
7997,12590,2024-11-11,9.45
7998,3614,2024-10-03,9.45
7999,721,2024-11-07,9.45
8000,14796,2024-10-07,9.45
8001,11328,2024-07-01,30.45
8002,8385,2024-10-09,30.45
8003,12856,2023-12-09,82.95
8004,4386,2024-02-10,208.95
8005,7477,2023-07-06,30.45
8006,18300,2024-11-10,9.45
8007,12703,2024-06-07,30.45
8008,7142,2024-08-08,9.45
8009,3436,2023-06-05,30.45
8010,13640,2024-08-08,9.45
8011,14057,2024-12-03,9.45
8012,7083,2023-04-09,9.45
8013,2871,2023-03-05,30.45
8014,314,2023-03-09,9.45
8015,2977,2024-01-06,82.95
8016,13635,2024-03-04,9.45
8017,6978,2023-12-08,82.95
8018,2501,2023-11-04,9.45
8019,10485,2024-04-04,30.45
8020,17631,2024-03-02,82.95
8021,17940,2024-04-08,9.45
8022,16192,2024-04-06,82.95
8023,14974,,9.45
8024,11811,2023-12-01,9.45
8025,6251,2024-05-09,82.95
8026,7053,2024-09-06,30.45
8027,1483,2024-03-05,82.95
8028,15409,2024-02-06,30.45
8029,758,2024-12-03,30.45
8030,15481,2024-12-03,9.45
8031,8809,2024-03-06,9.45
8032,5453,2024-02-03,82.95
8033,14181,2024-04-10,82.95
8034,14521,2024-04-08,30.45
8035,7242,2024-11-04,30.45
8036,19330,2023-09-05,9.45
8037,11727,2024-01-07,9.45
8038,8426,2024-08-01,82.95
8039,14086,2023-07-11,9.45
8040,8612,2024-08-03,9.45
8041,6609,2024-09-10,9.45
8042,4204,2024-10-07,9.45
8043,13410,2024-08-05,208.95
8044,12968,2024-10-12,30.45
8045,3160,2023-08-03,82.95
8046,2647,2023-07-01,9.45
8047,737,2023-03-04,30.45
8048,695,2024-10-11,9.45
8049,17760,2024-10-04,9.45
8050,12546,2024-08-03,30.45
8051,629,2023-02-10,30.45
8052,6362,2024-10-09,30.45
8053,7881,2023-12-07,208.95
8054,218,2024-04-08,82.95
8055,19293,2024-10-12,9.45
8056,5006,2024-07-07,30.45
8057,6130,2024-10-09,82.95
8058,4945,2023-10-10,9.45
8059,8542,2024-05-01,9.45
8060,18614,2024-01-01,82.95
8061,7363,2023-06-10,30.45
8062,6302,2023-11-03,30.45
8063,14695,2024-10-04,30.45
8064,8565,2024-11-12,9.45
8065,13244,2024-05-04,30.45
8066,8948,2024-05-01,82.95
8067,10696,2024-01-08,9.45
8068,15692,2024-08-10,208.95
8069,9999,2024-05-12,208.95
8070,1712,2024-08-06,208.95
8071,11540,2023-06-11,9.45
8072,1845,2024-11-10,82.95
8073,17196,2023-08-09,30.45
8074,5259,2023-06-01,9.45
8075,8314,2024-10-12,9.45
8076,1824,2024-08-06,30.45
8077,17588,2024-03-08,9.45
8078,13098,2024-11-01,30.45
8079,5960,2024-02-04,30.45
8080,12131,2024-12-11,9.45
8081,2618,2024-04-11,9.45
8082,11967,2024-05-03,9.45
8083,4341,2023-10-03,9.45
8084,11561,2023-08-08,9.45
8085,19352,2023-12-07,30.45
8086,15595,2024-03-10,82.95
8087,185,2024-10-03,30.45
8088,16710,2024-05-06,208.95
8089,13762,2024-04-01,9.45
8090,1818,2024-02-02,30.45
8091,17574,2024-10-10,30.45
8092,16814,2023-12-09,82.95
8093,4683,2024-03-02,9.45
8094,19142,2023-06-04,82.95
8095,18097,2024-02-10,30.45
8096,7473,2024-11-11,30.45
8097,16662,2024-05-05,30.45
8098,12836,2024-12-08,30.45
8099,1256,2024-08-02,82.95
8100,4019,2024-10-06,208.95
8101,2967,2024-06-09,82.95
8102,1985,2024-09-06,30.45
8103,14547,2023-12-05,9.45
8104,11345,2024-06-05,30.45
8105,14522,2024-05-07,30.45
8106,20199,2023-09-09,9.45
8107,10211,2023-07-06,30.45
8108,6432,2024-07-07,82.95
8109,15348,2024-04-02,30.45
8110,15293,2024-12-05,82.95
8111,19762,2024-10-04,9.45
8112,7070,2024-07-07,9.45
8113,10762,2024-01-08,9.45
8114,11340,2024-08-02,9.45
8115,8535,2024-06-01,30.45
8116,682,2024-06-05,9.45
8117,9225,2024-07-10,9.45
8118,7542,2024-06-04,30.45
8119,4355,2024-12-08,9.45
8120,12845,2024-05-02,9.45
8121,14049,2024-04-10,9.45
8122,7802,2023-06-28,30.45
8123,10681,2024-07-11,9.45
8124,11033,2023-09-03,208.95
8125,290,2023-09-03,30.45
8126,13983,2024-07-06,9.45
8127,2505,2024-03-04,9.45
8128,2328,2024-11-11,82.95
8129,16386,2023-09-01,9.45
8130,15131,2023-12-04,9.45
8131,9454,2024-07-10,18.9
8132,12016,2023-10-06,30.45
8133,15408,2024-12-06,30.45
8134,15911,2024-02-05,9.45
8135,17829,2024-06-07,30.45
8136,1777,2024-01-06,82.95
8137,4838,2024-02-01,9.45
8138,13916,2024-02-03,30.45
8139,20259,2023-10-08,82.95
8140,13649,2024-01-11,9.45
8141,4063,2024-12-10,82.95
8142,19201,2024-04-12,30.45
8143,15719,2024-07-06,30.45
8144,14795,2024-09-07,9.45
8145,16506,2024-10-08,82.95
8146,7263,2024-12-03,208.95
8147,9966,2024-02-11,9.45
8148,20013,2024-12-11,30.45
8149,16753,2024-10-30,9.45
8150,12921,2023-06-02,30.45
8151,16251,2024-02-08,9.45
8152,7214,2024-07-04,30.45
8153,11803,2024-10-04,9.45
8154,17855,2024-04-04,30.45
8155,9568,2024-05-07,30.45
8156,17664,2024-05-10,9.45
8157,18479,2024-04-02,9.45
8158,4264,2024-12-06,30.45
8159,13343,2023-09-09,30.45
8160,16755,2024-09-05,9.45
8161,2412,2024-06-10,82.95
8162,601,2024-08-10,30.45
8163,14793,2024-12-04,208.95
8164,14634,2024-05-09,9.45
8165,9301,2024-08-01,30.45
8166,16144,2024-04-06,208.95
8167,15106,2024-12-09,30.45
8168,4781,2023-07-05,9.45
8169,10694,2024-12-03,30.45
8170,13852,2024-08-07,9.45
8171,4819,2024-04-10,9.45
8172,1264,2023-11-05,9.45
8173,10288,2024-12-07,9.45
8174,12124,2024-05-04,9.45
8175,19137,2024-10-11,9.45
8176,13765,2024-07-11,18.9
8177,16738,2024-05-07,9.45
8178,13448,2024-01-09,9.45
8179,2387,2024-12-05,9.45
8180,8007,2023-11-08,208.95
8181,19118,2023-03-12,9.45
8182,7828,2024-11-03,30.45
8183,17954,2023-08-04,30.45
8184,9908,2023-06-01,82.95
8185,899,2023-08-01,9.45
8186,10497,2024-04-10,82.95
8187,20458,2024-05-05,30.45
8188,1170,2023-10-08,9.45
8189,8853,2024-12-06,82.95
8190,5846,2024-12-09,9.45
8191,12701,2024-04-06,30.45
8192,17140,2024-05-05,30.45
8193,10777,2023-05-03,82.95
8194,13793,2024-02-07,9.45
8195,1607,2023-08-08,30.45
8196,14973,2023-04-07,9.45
8197,18324,2023-02-01,9.45
8198,11309,2023-10-09,9.45
8199,12470,2024-08-12,30.45
8200,15367,2023-06-08,9.45
8201,4085,2024-07-08,60.9
8202,5050,2024-05-03,82.95
8203,17494,2023-12-05,30.45
8204,18859,2024-12-04,30.45
8205,19196,2024-08-02,82.95
8206,11888,2024-12-10,9.45
8207,13985,2024-09-04,9.45
8208,5782,2024-10-02,30.45
8209,15326,2024-03-03,9.45
8210,12918,2023-03-09,30.45
8211,16803,2024-04-12,9.45
8212,16783,2023-10-05,9.45
8213,11372,2024-10-04,82.95
8214,5186,2024-11-07,9.45
8215,19027,2024-04-11,9.45
8216,8616,2024-12-07,9.45
8217,15477,2024-08-10,9.45
8218,10266,2024-08-04,9.45
8219,10929,2024-01-07,82.95
8220,3626,2024-07-05,82.95
8221,16324,2024-06-03,9.45
8222,19240,2024-02-08,9.45
8223,17571,2024-07-10,30.45
8224,14361,2023-10-04,82.95
8225,19754,2024-10-06,9.45
8226,17728,2024-02-04,9.45
8227,18400,2023-12-04,9.45
8228,16961,2023-10-04,30.45
8229,17218,2024-05-01,9.45
8230,7699,2023-05-10,30.45
8231,10613,2024-08-07,30.45
8232,20228,2023-11-05,208.95
8233,7351,2024-03-10,82.95
8234,19213,2023-11-01,82.95
8235,18690,2024-04-12,208.95
8236,15463,2024-06-06,9.45
8237,13970,2023-06-06,9.45
8238,16022,,30.45
8239,16883,2023-11-02,9.45
8240,15604,2024-01-04,30.45
8241,14227,2024-07-04,30.45
8242,6384,2024-10-10,30.45
8243,8302,2023-10-03,9.45
8244,20434,2024-11-09,30.45
8245,4751,2023-09-06,208.95
8246,14481,2024-04-09,30.45
8247,12858,2024-02-02,82.95
8248,7415,2024-11-07,9.45
8249,1839,2024-05-07,82.95
8250,7086,2023-07-05,9.45
8251,18306,2023-12-08,30.45
8252,11488,2024-10-03,30.45
8253,14259,2024-08-04,30.45
8254,15153,2023-02-05,208.95
8255,12894,2024-08-10,30.45
8256,17201,2024-01-04,30.45
8257,13571,2024-03-01,9.45
8258,11906,2023-12-09,82.95
8259,12312,2024-06-08,30.45
8260,4282,2024-03-12,9.45
8261,2704,2024-04-05,30.45
8262,20405,2024-12-09,30.45
8263,8264,2023-10-09,30.45
8264,6190,2023-12-08,30.45
8265,16319,2024-11-09,30.45
8266,9304,2024-11-04,30.45
8267,9395,2023-05-08,82.95
8268,19968,2024-01-09,9.45
8269,4055,2024-04-05,82.95
8270,11070,2024-11-03,9.45
8271,8446,2024-08-09,30.45
8272,6704,2024-08-09,30.45
8273,1568,2023-09-11,82.95
8274,11884,2024-08-07,9.45
8275,15229,2024-04-10,82.95
8276,6584,2023-07-04,9.45
8277,14335,2023-06-04,82.95
8278,7369,2023-12-10,30.45
8279,10523,2024-06-04,82.95
8280,11859,2024-11-09,9.45
8281,15290,2024-09-08,82.95
8282,16135,2023-07-05,208.95
8283,13240,2024-01-11,30.45
8284,18839,2024-06-09,9.45
8285,8976,2023-12-09,30.45
8286,9085,2024-02-10,9.45
8287,8126,2024-09-03,30.45
8288,18679,2024-03-02,82.95
8289,15491,2023-09-09,30.45
8290,18523,2024-07-05,30.45
8291,1865,2024-10-08,208.95
8292,4197,2024-03-11,9.45
8293,1144,2023-10-03,9.45
8294,18606,2024-11-02,9.45
8295,3414,2024-08-07,9.45
8296,7731,2024-07-09,30.45
8297,6980,2024-02-07,82.95
8298,4154,2024-01-08,30.45
8299,18140,2024-12-09,30.45
8300,12729,2023-09-03,208.95
8301,7178,2024-05-06,9.45
8302,11648,2024-06-02,9.45
8303,17018,2024-10-08,82.95
8304,13646,2023-10-10,9.45
8305,12290,2024-02-04,9.45
8306,12403,2024-10-05,208.95
8307,17862,2024-11-11,30.45
8308,658,2024-04-09,9.45
8309,8529,2024-07-03,82.95
8310,8630,2024-03-02,9.45
8311,11066,2024-07-04,9.45
8312,16547,2024-10-05,82.95
8313,15650,2024-07-05,9.45
8314,11503,2024-01-12,9.45
8315,10650,2024-08-11,9.45
8316,1723,2024-11-08,30.45
8317,14461,2024-12-01,30.45
8318,53,,9.45
8319,6291,2024-08-07,30.45
8320,5807,2024-08-03,9.45
8321,17839,2023-11-11,30.45
8322,4105,2023-12-06,82.95
8323,12893,2024-07-06,30.45
8324,12109,2024-03-04,30.45
8325,16182,2023-06-02,82.95
8326,9724,2024-01-07,30.45
8327,927,2024-01-02,82.95
8328,4686,2024-06-09,9.45
8329,13920,2024-06-03,30.45
8330,20019,2023-12-03,9.45
8331,8138,2024-03-03,30.45
8332,3555,2024-03-06,9.45
8333,16148,2024-08-08,208.95
8334,3778,2023-03-12,82.95
8335,14210,2024-07-05,9.45
8336,19988,2023-09-08,30.45
8337,10320,2024-02-02,9.45
8338,17005,2023-09-07,82.95
8339,5386,2024-07-09,30.45
8340,2395,2024-04-01,82.95
8341,11523,2024-07-09,9.45
8342,9226,2024-08-04,9.45
8343,8946,2024-03-10,82.95
8344,20056,2024-03-09,30.45
8345,10818,2024-12-03,9.45
8346,12516,2024-10-08,9.45
8347,17531,2024-12-11,9.45
8348,11687,2024-01-07,9.45
8349,1411,2024-04-03,9.45
8350,13295,2024-06-03,9.45
8351,16020,2024-12-06,9.45
8352,13247,2024-03-06,208.95
8353,18968,2023-07-08,82.95
8354,17211,2023-10-09,9.45
8355,8203,2024-12-06,30.45
8356,393,2024-09-07,30.45
8357,11831,2024-02-08,30.45
8358,18526,2024-10-06,30.45
8359,15461,2024-04-10,9.45
8360,17596,2024-11-07,9.45
8361,2864,2024-07-09,9.45
8362,910471,2023-11-05,9.45
8363,19295,2024-12-10,9.45
8364,7463,2024-01-12,30.45
8365,8817,2024-11-09,9.45
8366,17435,2024-03-07,9.45
8367,16585,2024-11-08,9.45
8368,5650,2024-11-08,30.45
8369,18556,2024-07-08,82.95
8370,7506,2024-10-06,82.95
8371,11164,2023-07-08,9.45
8372,14001,2023-11-05,9.45
8373,6465,2024-05-14,9.45
8374,7481,2023-11-09,30.45
8375,3382,2023-10-08,30.45
8376,15426,2024-03-02,208.95
8377,7635,2024-04-10,9.45
8378,7573,2023-10-10,9.45
8379,12344,2023-09-06,82.95
8380,1299,2024-10-05,9.45
8381,10341,2024-08-09,9.45
8382,12177,2024-03-06,208.95
8383,4514,2023-10-06,9.45
8384,11330,2024-09-08,30.45
8385,12844,2024-04-10,9.45
8386,19734,2024-04-07,30.45
8387,13406,2024-04-08,208.95
8388,15047,2024-03-09,9.45
8389,7223,2023-04-02,30.45
8390,2247,2024-09-02,30.45
8391,6575,2024-06-04,30.45
8392,15485,2023-10-06,82.95
8393,12342,2023-07-06,82.95
8394,1867,2024-12-04,208.95
8395,366,2024-02-18,30.45
8396,17767,2024-09-10,82.95
8397,14389,2024-02-05,208.95
8398,19700,2024-12-10,208.95
8399,8186,2024-08-03,30.45
8400,12914,2024-09-11,9.45
8401,6098,2023-11-12,9.45
8402,8940,2024-10-09,9.45
8403,1646,2024-07-03,9.45
8404,12374,2024-02-03,9.45
8405,6847,2024-08-09,30.45
8406,5177,2024-02-10,9.45
8407,7443,2024-05-07,30.45
8408,12726,2023-06-03,208.95
8409,18443,2024-05-04,9.45
8410,11287,2024-07-04,9.45
8411,11125,2024-11-02,82.95
8412,14937,2024-02-12,9.45
8413,11260,2024-09-02,9.45
8414,18764,2024-03-07,9.45
8415,13478,2023-11-05,9.45
8416,9453,2024-06-05,9.45
8417,2338,2023-10-07,82.95
8418,2083,2024-01-05,82.95
8419,8555,2024-01-03,9.45
8420,8747,2024-02-03,30.45
8421,2604,2024-07-05,30.45
8422,19801,2024-09-06,30.45
8423,10589,2024-05-10,9.45
8424,5594,2024-12-09,82.95
8425,10990,2024-06-03,208.95
8426,2195,2024-04-07,208.95
8427,16370,2023-09-10,208.95
8428,10813,2024-07-06,9.45
8429,19583,2023-08-11,30.45
8430,10157,2024-03-11,82.95
8431,4089,2024-11-09,30.45
8432,16047,2024-06-10,9.45
8433,305,2024-12-08,30.45
8434,5431,2024-01-03,9.45
8435,11895,2024-08-05,9.45
8436,11099,2023-07-09,9.45
8437,6410,2024-09-12,9.45
8438,4097,2024-09-08,9.45
8439,4405,2024-09-04,9.45
8440,6562,2023-04-02,30.45
8441,4469,2024-06-05,9.45
8442,6630,2023-12-12,208.95
8443,12872,2024-07-10,9.45
8444,6440,2024-04-02,30.45
8445,16965,2024-02-09,30.45
8446,11078,2024-11-11,208.95
8447,5619,2024-04-06,82.95
8448,7041,2023-09-12,30.45
8449,14030,2023-11-11,208.95
8450,11483,2024-05-03,30.45
8451,13271,2024-08-05,9.45
8452,2945,2024-03-10,9.45
8453,9741,2024-04-03,82.95
8454,2624,2024-10-04,9.45
8455,12095,2023-11-09,30.45
8456,8883,2024-09-11,82.95
8457,6863,2024-03-04,82.95
8458,15973,2024-12-09,9.45
8459,7310,2023-10-05,9.45
8460,14909,2023-06-12,9.45
8461,15686,2024-02-10,208.95
8462,6180,2023-08-02,30.45
8463,2033,2024-02-06,9.45
8464,3013,2024-05-04,30.45
8465,1906,2023-06-12,208.95
8466,15205,2023-03-05,9.45
8467,2067,2024-10-06,9.45
8468,5250,2024-11-09,9.45
8469,9811,2023-04-05,9.45
8470,17013,2024-05-07,82.95
8471,108,2024-09-05,82.95
8472,4983,2024-11-11,9.45
8473,7496,2024-06-11,82.95
8474,5158,2024-11-08,9.45
8475,7906,2024-04-04,82.95
8476,15754,2024-01-07,30.45
8477,11382,2023-11-08,9.45
8478,16686,2024-07-10,208.95
8479,6768,2024-11-06,82.95
8480,3029,2024-03-03,30.45
8481,7212,2024-05-07,30.45
8482,2600,2024-03-05,30.45
8483,3788,2024-01-05,82.95
8484,9393,2023-03-08,82.95
8485,16633,2024-12-02,9.45
8486,1806,2024-03-10,30.45
8487,7835,2023-08-05,82.95
8488,906528,2024-03-08,30.45
8489,14594,2024-10-08,30.45
8490,14119,2023-09-05,30.45
8491,6265,2024-01-03,30.45
8492,17872,2024-07-09,30.45
8493,11387,2024-04-11,9.45
8494,14666,2024-06-06,9.45
8495,2464,2024-11-12,82.95
8496,2586,2024-01-01,9.45
8497,14797,2024-11-12,9.45
8498,1440,2024-10-06,30.45
8499,2333,2023-05-10,82.95
8500,17443,2024-11-08,9.45
8501,5832,2023-10-03,9.45
8502,18050,2023-05-04,9.45
8503,7911,2024-09-03,82.95
8504,10984,2023-12-08,208.95
8505,10239,2023-10-04,30.45
8506,3229,2023-07-02,30.45
8507,13072,2024-06-04,30.45
8508,16198,2024-10-02,82.95
8509,11236,2024-05-09,82.95
8510,5752,2024-03-11,30.45
8511,6093,2023-06-03,9.45
8512,3227,2023-05-03,30.45
8513,13651,2024-03-07,9.45
8514,6653,2024-01-11,9.45
8515,3704,2023-08-04,30.45
8516,17470,2024-11-10,9.45
8517,15681,2024-08-05,30.45
8518,16021,2023-03-05,30.45
8519,17132,2024-11-09,30.45
8520,5035,2023-02-06,82.95
8521,3567,2023-03-01,9.45
8522,13592,2023-10-10,9.45
8523,4498,2024-06-05,9.45
8524,17481,2024-08-08,82.95
8525,918,2024-08-11,30.45
8526,5152,2024-05-02,9.45
8527,307,2024-06-09,9.45
8528,4629,2024-09-02,9.45
8529,17971,2023-02-07,30.45
8530,6226,2024-04-06,30.45
8531,2761,2024-07-05,9.45
8532,3665,2024-02-07,30.45
8533,18530,2024-08-01,208.95
8534,9297,2024-04-02,30.45
8535,1303,2023-05-12,9.45
8536,10176,2024-03-03,9.45
8537,2609,2024-12-12,30.45
8538,4990,2024-09-08,30.45
8539,13827,2024-10-12,30.45
8540,3359,2024-03-10,9.45
8541,12294,2024-06-05,9.45
8542,15264,2024-06-05,82.95
8543,17624,2024-11-07,30.45
8544,15679,2024-06-09,30.45
8545,16697,2024-08-04,9.45
8546,2010,2024-09-02,208.95
8547,10135,2024-09-05,82.95
8548,13621,2023-11-05,208.95
8549,9673,2024-12-05,9.45
8550,3531,2024-06-10,9.45
8551,11651,2024-09-04,9.45
8552,3935,2024-08-06,82.95
8553,2806,2024-09-10,82.95
8554,16868,2023-11-09,9.45
8555,11497,2024-10-04,30.45
8556,3510,2024-02-03,9.45
8557,5448,2023-09-04,82.95
8558,10327,2024-09-03,9.45
8559,15783,2023-12-09,30.45
8560,20190,2024-09-06,9.45
8561,11637,2023-07-05,9.45
8562,5078,2024-02-02,9.45
8563,10770,2024-09-09,9.45
8564,14493,2023-10-05,30.45
8565,18711,2024-01-12,30.45
8566,14448,2023-11-05,30.45
8567,13841,2024-11-29,82.95
8568,3323,2023-09-02,9.45
8569,14145,2024-12-05,9.45
8570,12715,2024-05-03,30.45
8571,2560,2024-05-09,9.45
8572,9263,2024-02-06,82.95
8573,4736,2024-05-04,9.45
8574,4511,2023-07-05,9.45
8575,14565,2024-08-09,9.45
8576,2878,2023-10-06,30.45
8577,14480,2024-03-09,30.45
8578,907165,2023-04-10,9.45
8579,11284,2024-10-01,9.45
8580,18778,2023-07-05,9.45
8581,5703,2023-07-04,82.95
8582,3530,2024-05-10,9.45
8583,20332,2024-12-11,9.45
8584,7128,2023-06-09,9.45
8585,13555,2024-06-11,9.45
8586,11169,2024-05-05,9.45
8587,15800,2024-03-07,208.95
8588,1258,2024-10-05,82.95
8589,15334,2024-11-04,9.45
8590,8943,2023-12-01,82.95
8591,1368,2023-08-08,30.45
8592,12638,2024-12-02,30.45
8593,8456,2023-06-07,30.45
8594,340,2024-11-10,30.45
8595,12258,2024-12-06,9.45
8596,7523,2023-11-03,9.45
8597,19506,2023-10-06,82.95
8598,14523,2024-06-02,30.45
8599,16884,2023-12-09,9.45
8600,19384,2023-01-08,30.45
8601,9582,2024-02-12,82.95
8602,15319,2023-08-09,9.45
8603,330,2024-07-09,9.45
8604,474,2024-08-10,82.95
8605,997,2023-08-07,30.45
8606,917022,2023-06-16,9.45
8607,17177,2024-07-05,9.45
8608,1217,2024-06-08,30.45
8609,636,2023-09-08,30.45
8610,18263,2024-10-06,9.45
8611,4476,2023-09-07,208.95
8612,8568,,208.95
8613,19243,2024-05-08,9.45
8614,17743,2023-05-06,9.45
8615,1486,2024-06-10,82.95
8616,16964,2024-01-08,30.45
8617,8174,2023-08-08,30.45
8618,327,2024-04-02,9.45
8619,8006,2023-10-09,208.95
8620,17377,2025-01-07,30.45
8621,18577,2024-08-04,9.45
8622,2429,2024-10-07,82.95
8623,4507,2023-03-09,9.45
8624,8311,2024-07-10,9.45
8625,16180,2023-04-07,82.95
8626,10034,2024-05-03,30.45
8627,1034,2024-10-09,9.45
8628,3961,2023-10-03,9.45
8629,10064,2024-07-08,82.95
8630,1347,2024-03-04,208.95
8631,20197,2023-07-05,9.45
8632,3075,2024-01-03,30.45
8633,12684,2024-05-02,30.45
8634,6326,2024-04-05,9.45
8635,8354,2023-09-09,9.45
8636,3902,2023-06-02,9.45
8637,3437,2023-07-05,30.45
8638,12730,2023-10-06,208.95
8639,20117,2024-08-03,208.95
8640,20129,2024-04-10,82.95
8641,16189,2024-01-01,82.95
8642,19227,2023-01-06,9.45
8643,14983,2024-02-05,9.45
8644,4238,2024-03-07,9.45
8645,12190,2023-06-03,82.95
8646,2193,2024-02-02,208.95
8647,11900,2024-01-04,208.95
8648,13305,2024-06-10,9.45
8649,9359,2024-04-06,82.95
8650,17302,2024-08-07,208.95
8651,15243,2024-06-05,30.45
8652,11255,2024-04-07,9.45
8653,17379,2024-01-02,9.45
8654,6038,2023-06-06,30.45
8655,16452,2024-01-07,82.95
8656,5617,2024-02-03,82.95
8657,17900,2024-03-08,30.45
8658,15877,2023-02-01,30.45
8659,12600,2023-12-02,9.45
8660,10988,2024-04-08,208.95
8661,16770,2024-04-07,82.95
8662,3003,2023-07-10,30.45
8663,6514,,30.45
8664,912,2024-09-03,9.45
8665,19098,2023-06-07,30.45
8666,8412,2023-06-09,82.95
8667,7873,2023-04-06,208.95
8668,10100,2024-08-06,208.95
8669,7640,2024-09-04,9.45
8670,1879,2024-08-09,30.45
8671,13854,2023-03-11,30.45
8672,17530,2024-11-04,9.45
8673,15107,2024-02-07,82.95
8674,14831,2024-07-04,9.45
8675,10799,2024-04-05,30.45
8676,4991,2024-10-07,30.45
8677,7300,2024-09-06,9.45
8678,1193,2024-07-05,9.45
8679,17603,2024-01-10,208.95
8680,10771,2024-10-07,9.45
8681,975,2024-10-07,82.95
8682,16695,2024-06-06,9.45
8683,2096,2024-04-08,9.45
8684,268,2024-02-06,9.45
8685,14467,2024-11-11,82.95
8686,9341,2024-06-08,30.45
8687,15835,2024-05-09,9.45
8688,7992,2023-11-04,82.95
8689,16372,2023-11-07,208.95
8690,7391,2024-05-10,9.45
8691,19145,2023-09-11,82.95
8692,10644,2024-02-06,9.45
8693,271,2024-05-07,9.45
8694,19591,2024-04-08,30.45
8695,14571,2023-10-07,30.45
8696,9659,2023-10-09,9.45
8697,14381,2024-09-03,9.45
8698,8703,2024-08-06,9.45
8699,519,2024-11-04,82.95
8700,2939,2023-09-10,9.45
8701,2277,2023-11-10,9.45
8702,5335,2023-11-08,30.45
8703,8609,2024-05-08,9.45
8704,5754,2024-05-11,30.45
8705,1276,2024-11-10,9.45
8706,8028,2024-08-07,82.95
8707,5620,2024-05-01,82.95
8708,15038,2023-06-09,9.45
8709,5370,2024-10-05,82.95
8710,17378,2024-12-02,30.45
8711,6723,2024-04-08,82.95
8712,385,2024-01-04,30.45
8713,5511,2023-06-07,208.95
8714,4899,2024-09-03,82.95
8715,6851,2024-12-04,30.45
8716,9448,2024-01-09,9.45
8717,8718,2024-05-09,9.45
8718,1271,2024-06-10,9.45
8719,13884,2024-09-03,82.95
8720,2156,2024-03-02,30.45
8721,16461,2024-01-01,9.45
8722,6880,2023-07-28,82.95
8723,2262,2024-08-12,30.45
8724,16342,2023-03-08,82.95
8725,9769,2024-03-02,9.45
8726,756,2024-10-03,30.45
8727,10893,2024-03-06,208.95
8728,7374,2024-05-05,30.45
8729,1617,2024-06-07,30.45
8730,9857,2023-06-05,208.95
8731,11891,2024-04-05,9.45
8732,10394,2024-04-09,30.45
8733,4836,2023-12-08,9.45
8734,14494,2023-11-07,30.45
8735,18587,2024-12-03,30.45
8736,14963,2024-04-06,82.95
8737,15763,2024-10-04,30.45
8738,6692,2024-02-05,9.45
8739,5143,2023-08-10,9.45
8740,18105,,30.45
8741,15503,2024-01-09,30.45
8742,7197,2024-04-08,30.45
8743,8679,2024-03-08,30.45
8744,17294,2024-12-07,30.45
8745,1419,2024-12-07,9.45
8746,17025,2023-06-06,9.45
8747,1464,2024-11-09,30.45
8748,6247,2024-11-07,30.45
8749,2025,2024-11-08,9.45
8750,9806,2024-11-03,30.45
8751,20211,2024-09-06,9.45
8752,13795,2024-04-07,9.45
8753,967,2024-12-08,9.45
8754,3032,2024-06-05,30.45
8755,15755,2024-02-03,30.45
8756,8461,2023-11-10,30.45
8757,11137,2024-10-11,30.45
8758,13847,2024-03-10,9.45
8759,19922,2023-10-07,9.45
8760,19595,2024-08-07,30.45
8761,10352,2023-07-09,30.45
8762,11217,2023-11-05,30.45
8763,19648,2023-11-09,9.45
8764,2163,2024-10-06,30.45
8765,2617,2024-03-09,9.45
8766,14865,2023-09-05,9.45
8767,10631,2024-04-07,208.95
8768,831,2024-12-08,30.45
8769,9439,2024-09-10,9.45
8770,12314,2024-08-09,30.45
8771,10699,2024-04-05,9.45
8772,4489,2024-10-07,208.95
8773,8305,2024-01-09,9.45
8774,20166,2024-11-09,30.45
8775,2145,2024-11-10,30.45
8776,9936,2024-10-05,82.95
8777,919286,2024-03-07,9.45
8778,17557,2023-05-08,30.45
8779,3434,2024-11-11,9.45
8780,16787,2024-02-04,9.45
8781,562,2024-08-09,82.95
8782,14649,2024-07-08,30.45
8783,2289,2024-11-10,9.45
8784,10465,2024-08-09,82.95
8785,19504,2024-11-12,82.95
8786,15641,2024-12-09,30.45
8787,5552,2023-04-09,208.95
8788,17404,2024-05-07,9.45
8789,17262,2023-11-03,30.45
8790,4419,2024-09-08,30.45
8791,1938,2024-12-06,9.45
8792,19464,2023-08-03,208.95
8793,10235,2024-12-08,30.45
8794,8816,2024-10-03,9.45
8795,11051,2023-04-09,9.45
8796,16947,2024-04-10,30.45
8797,19842,2024-04-06,82.95
8798,112,2023-07-01,82.95
8799,14225,2024-05-09,30.45
8800,3518,2024-10-12,9.45
8801,8036,2024-07-06,9.45
8802,18562,2023-05-05,9.45
8803,7998,2024-11-05,9.45
8804,17263,2023-12-11,30.45
8805,12194,2023-10-10,82.95
8806,2679,2024-05-04,208.95
8807,19631,2024-09-08,9.45
8808,6922,2024-09-01,9.45
8809,2331,2023-03-09,82.95
8810,3412,2024-06-09,9.45
8811,14870,2024-02-11,9.45
8812,12440,2024-07-12,60.9
8813,2301,2024-04-06,30.45
8814,1922,2024-10-05,208.95
8815,8941,2024-11-07,9.45
8816,9511,2024-03-08,208.95
8817,12485,2024-07-02,9.45
8818,2296,2023-11-12,30.45
8819,10204,2024-06-08,9.45
8820,16713,2024-08-08,208.95
8821,3880,2023-07-04,9.45
8822,3207,2024-08-10,30.45
8823,15668,2024-03-09,30.45
8824,8649,2024-04-06,30.45
8825,19170,2024-04-12,82.95
8826,8802,2023-08-09,9.45
8827,14433,2024-08-06,30.45
8828,16756,2024-10-02,9.45
8829,8624,2023-09-06,9.45
8830,12028,2023-09-12,9.45
8831,9671,2024-10-10,9.45
8832,1418,2024-11-06,9.45
8833,17783,2024-11-11,82.95
8834,8972,2023-08-06,30.45
8835,3241,2024-07-08,60.9
8836,13400,2023-10-07,208.95
8837,19257,2024-12-03,30.45
8838,13678,2024-04-02,9.45
8839,6822,2023-09-03,9.45
8840,1155,2024-09-04,9.45
8841,299,2024-06-05,30.45
8842,11101,2023-09-09,9.45
8843,15151,2024-12-05,30.45
8844,15235,2024-10-02,82.95
8845,19497,2024-04-09,82.95
8846,2486,2024-04-01,9.45
8847,9084,2024-01-04,9.45
8848,11216,2023-10-06,30.45
8849,14654,2024-12-02,30.45
8850,9890,2024-12-11,9.45
8851,15549,2024-09-03,9.45
8852,8188,2024-10-04,30.45
8853,17935,2023-11-09,9.45
8854,3981,2024-07-09,9.45
8855,4423,2023-08-04,82.95
8856,10594,2024-10-09,9.45
8857,6574,2024-05-06,30.45
8858,13457,2024-10-04,9.45
8859,12239,2024-12-05,30.45
8860,2570,2024-08-10,30.45
8861,8081,2023-02-07,208.95
8862,17329,2023-05-03,30.45
8863,10062,2024-05-03,82.95
8864,18254,2024-01-04,9.45
8865,4136,2024-06-07,82.95
8866,17605,2024-03-03,208.95
8867,20529,2024-08-09,82.95
8868,4545,2023-10-02,30.45
8869,4278,2024-10-10,82.95
8870,15804,2024-07-09,208.95
8871,16244,2024-12-07,9.45
8872,19175,2024-09-10,82.95
8873,13758,2023-12-07,9.45
8874,114,2023-09-05,82.95
8875,8145,2024-10-01,30.45
8876,18589,2023-12-08,30.45
8877,10967,2024-06-10,82.95
8878,6916,2024-08-05,30.45
8879,16525,2023-06-11,82.95
8880,9564,2024-01-05,30.45
8881,14657,2023-09-10,9.45
8882,13964,2024-12-06,9.45
8883,1882,2024-11-07,30.45
8884,1550,2024-10-06,9.45
8885,7745,2024-01-11,9.45
8886,12062,2024-05-08,9.45
8887,5848,2024-05-11,208.95
8888,3303,2024-09-04,30.45
8889,14546,2023-11-09,9.45
8890,16948,2024-05-09,30.45
8891,13991,2024-09-01,208.95
8892,6940,2024-07-10,9.45
8893,6078,2024-03-12,9.45
8894,19944,2024-01-09,9.45
8895,20281,2024-10-02,30.45
8896,14554,2024-07-08,9.45
8897,20238,2024-09-05,208.95
8898,15541,2024-01-09,9.45
8899,6379,2024-05-07,30.45
8900,12283,2023-07-01,9.45
8901,14575,2024-02-10,30.45
8902,16957,2023-06-03,30.45
8903,11526,2024-10-09,9.45
8904,14897,2024-10-08,82.95
8905,7230,2023-11-06,30.45
8906,9443,2023-08-06,9.45
8907,10645,2024-03-01,9.45
8908,16067,2024-10-08,30.45
8909,18633,2023-11-04,82.95
8910,9820,2024-01-08,9.45
8911,5410,2023-04-04,9.45
8912,2895,2024-06-08,82.95
8913,10851,2024-08-05,30.45
8914,18737,2024-10-08,2207.18
8915,14732,2023-07-11,9.45
8916,13324,2024-07-09,9.45
8917,12810,2024-02-11,30.45
8918,94,2023-07-06,82.95
8919,2035,2024-04-02,9.45
8920,13022,2023-12-01,9.45
8921,16834,2024-10-03,30.45
8922,17345,2024-09-03,30.45
8923,2794,2024-08-08,208.95
8924,18805,2024-08-08,30.45
8925,5349,2023-01-09,82.95
8926,19749,2024-05-02,9.45
8927,10276,2023-12-09,9.45
8928,9253,2024-12-10,30.45
8929,6835,2024-05-08,9.45
8930,2634,2024-02-07,9.45
8931,16543,2024-06-11,82.95
8932,5041,2023-08-02,82.95
8933,2673,2023-11-05,208.95
8934,8293,2024-05-03,82.95
8935,15041,2023-09-11,9.45
8936,16362,2024-11-08,82.95
8937,9389,2024-09-04,9.45
8938,19640,2024-08-09,208.95
8939,9391,2024-11-08,9.45
8940,16147,2024-07-05,417.9
8941,2332,2023-04-08,82.95
8942,14692,2024-07-08,30.45
8943,9994,2023-12-01,208.95
8944,8516,2024-07-05,9.45
8945,11473,2023-07-05,30.45
8946,2727,2024-01-07,9.45
8947,16844,2023-11-05,82.95
8948,6543,2023-08-03,30.45
8949,4409,2023-11-07,30.45
8950,1514,2024-05-08,9.45
8951,1537,2023-09-06,9.45
8952,15683,2024-10-05,30.45
8953,3276,2024-06-07,9.45
8954,16364,2023-03-11,208.95
8955,12289,2024-01-03,9.45
8956,8268,2024-02-03,30.45
8957,1923,2024-11-09,208.95
8958,17365,2024-08-05,30.45
8959,17770,2024-12-02,82.95
8960,353,2024-07-04,30.45
8961,1727,,208.95
8962,15512,2024-10-03,30.45
8963,3797,2024-09-10,82.95
8964,11306,2023-07-07,9.45
8965,14019,2024-04-10,9.45
8966,9367,2024-12-07,82.95
8967,1713,2024-09-06,208.95
8968,1190,2024-04-02,9.45
8969,16263,2024-11-05,208.95
8970,3495,2024-08-01,30.45
8971,3507,2024-01-07,9.45
8972,7431,2024-02-11,82.95
8973,5294,2024-02-06,30.45
8974,9486,2024-07-04,9.45
8975,13911,2024-12-05,9.45
8976,3673,2024-10-05,30.45
8977,15219,2024-05-08,9.45
8978,5321,2023-11-09,82.95
8979,13278,2024-09-05,82.95
8980,19439,2024-12-07,9.45
8981,3972,2024-09-08,9.45
8982,16237,2024-05-07,9.45
8983,12,2024-10-04,30.45
8984,17389,2024-11-10,9.45
8985,16224,2024-12-09,9.45
8986,4093,2024-05-03,9.45
8987,11654,2024-12-03,9.45
8988,15608,2024-05-07,30.45
8989,18046,2024-11-03,82.95
8990,11612,2024-06-12,30.45
8991,11934,2024-11-05,30.45
8992,12032,2023-06-05,82.95
8993,9419,2024-12-08,30.45
8994,6818,2023-05-10,9.45
8995,15415,2024-08-04,30.45
8996,8419,2024-01-07,82.95
8997,15946,2024-11-01,9.45
8998,13155,2023-10-05,82.95
8999,12203,2024-07-06,82.95
9000,9516,2024-08-08,208.95
9001,10600,2023-07-07,30.45
9002,8346,,9.45
9003,11472,2023-06-10,30.45
9004,154,2023-09-06,9.45
9005,16216,2024-04-07,9.45
9006,6913,2024-05-05,30.45
9007,11192,2024-07-09,82.95
9008,13257,2023-06-06,9.45
9009,2495,2023-05-07,9.45
9010,13330,2024-04-05,9.45
9011,19763,2024-11-09,9.45
9012,1657,2024-04-03,9.45
9013,15040,2023-08-04,9.45
9014,18538,2024-08-01,9.45
9015,3613,2024-09-07,9.45
9016,15327,2024-04-07,9.45
9017,1063,2024-03-11,30.45
9018,15383,2024-10-07,9.45
9019,19030,2024-07-04,9.45
9020,8382,2024-07-06,30.45
9021,11680,2023-06-01,9.45
9022,9766,2023-12-10,9.45
9023,12376,2024-04-06,9.45
9024,5838,2024-04-03,9.45
9025,18585,2024-10-06,30.45
9026,8372,2023-09-06,30.45
9027,6489,2024-11-06,9.45
9028,4995,2024-04-04,30.45
9029,11908,2024-02-08,82.95
9030,7063,2023-12-10,9.45
9031,11104,2023-12-07,9.45
9032,13449,2024-02-12,9.45
9033,13334,2024-08-09,9.45
9034,60,2024-11-03,9.45
9035,16791,2024-06-07,9.45
9036,5992,2023-08-08,208.95
9037,12082,2024-11-04,82.95
9038,9332,2024-11-01,82.95
9039,17062,2023-05-06,9.45
9040,12668,2024-04-08,208.95
9041,5119,2024-06-05,9.45
9042,8970,2023-06-07,30.45
9043,20268,2024-07-04,82.95
9044,898,2023-07-05,9.45
9045,12495,2024-10-02,30.45
9046,11186,2024-01-08,82.95
9047,6927,2023-06-08,9.45
9048,6099,2023-12-10,9.45
9049,12477,2023-11-05,9.45
9050,18845,2024-12-08,9.45
9051,9814,2023-07-05,9.45
9052,4172,2023-08-03,9.45
9053,4853,2024-01-06,30.45
9054,5858,,30.45
9055,18966,2023-05-07,82.95
9056,902,2023-11-05,9.45
9057,1593,2024-10-03,30.45
9058,11441,2024-01-09,30.45
9059,7268,2023-12-03,9.45
9060,7877,2023-08-02,208.95
9061,14068,,9.45
9062,9691,2023-04-08,82.95
9063,1912,2023-12-03,208.95
9064,13716,2024-02-11,30.45
9065,6746,2024-07-09,9.45
9066,16772,2024-06-06,82.95
9067,11036,2023-12-06,208.95
9068,1770,2023-06-02,82.95
9069,19420,2024-05-06,9.45
9070,7201,2024-08-05,30.45
9071,3220,2024-06-06,9.45
9072,9232,2024-08-05,82.95
9073,4143,2023-02-07,30.45
9074,3321,2023-07-12,9.45
9075,19272,2024-12-07,30.45
9076,8692,2023-09-02,9.45
9077,13919,2024-05-06,30.45
9078,20026,2024-07-10,9.45
9079,17063,2023-06-02,9.45
9080,2274,2024-12-02,9.45
9081,5222,2024-07-07,9.45
9082,15454,2023-09-08,9.45
9083,5503,2024-12-07,30.45
9084,5896,2024-07-02,82.95
9085,14534,2023-09-03,30.45
9086,14698,2023-09-12,9.45
9087,19396,2024-01-04,30.45
9088,4668,2024-07-08,9.45
9089,6358,2024-06-05,30.45
9090,5307,2024-11-04,82.95
9091,1889,2023-11-02,30.45
9092,11489,2024-11-09,30.45
9093,7452,2024-08-05,208.95
9094,18058,2024-01-10,9.45
9095,8199,2024-08-09,30.45
9096,17133,2024-12-03,30.45
9097,7458,2023-08-06,30.45
9098,5460,2024-09-06,82.95
9099,4655,2023-06-08,9.45
9100,14397,2024-10-06,208.95
9101,6735,2024-09-05,9.45
9102,9878,2024-12-07,9.45
9103,18393,2023-05-03,9.45
9104,8079,2023-07-08,82.95
9105,16294,2024-12-12,9.45
9106,6996,2024-09-06,9.45
9107,9242,2024-01-08,30.45
9108,15693,2024-09-04,208.95
9109,16518,2024-12-11,208.95
9110,20091,2024-04-08,30.45
9111,15447,2023-02-02,9.45
9112,19755,2024-11-12,9.45
9113,11485,2024-07-10,30.45
9114,18227,2024-08-03,30.45
9115,5820,2024-06-03,82.95
9116,8836,2023-07-09,82.95
9117,17898,2024-01-05,30.45
9118,11052,2023-05-11,9.45
9119,20454,2023-08-06,82.95
9120,3036,2024-10-02,30.45
9121,16070,2023-06-04,30.45
9122,17565,2024-01-05,30.45
9123,8284,2024-09-04,82.95
9124,17183,2024-05-06,9.45
9125,4103,2023-10-03,82.95
9126,10782,2023-10-09,82.95
9127,6068,2024-02-06,30.45
9128,8440,2024-02-04,30.45
9129,17735,2024-09-08,9.45
9130,4102,2023-09-03,82.95
9131,6400,2024-06-05,82.95
9132,1100,2024-06-08,82.95
9133,7826,2024-09-05,30.45
9134,8519,2024-10-11,9.45
9135,13565,2024-11-03,30.45
9136,6415,2024-06-03,82.95
9137,13992,2024-10-02,208.95
9138,6871,2024-11-08,82.95
9139,1771,2023-07-06,82.95
9140,10720,2024-10-05,82.95
9141,17694,2024-03-03,30.45
9142,1843,2024-09-09,82.95
9143,10783,2023-11-04,82.95
9144,10607,2024-02-06,30.45
9145,14153,2023-09-09,9.45
9146,18755,2024-08-08,30.45
9147,10853,2024-10-03,30.45
9148,17316,2024-01-03,9.45
9149,19604,2024-11-10,9.45
9150,573,2024-07-09,30.45
9151,14368,2024-05-11,82.95
9152,8665,2024-04-08,9.45
9153,12084,2024-06-08,30.45
9154,4802,2024-08-03,9.45
9155,31,2023-11-08,82.95
9156,7025,2024-04-09,82.95
9157,5466,2023-06-04,9.45
9158,15581,2024-04-06,30.45
9159,17438,2024-06-11,9.45
9160,5804,2024-05-03,9.45
9161,10825,2023-08-02,30.45
9162,8445,2024-07-06,30.45
9163,10821,2023-04-03,30.45
9164,17181,2024-11-10,9.45
9165,15507,2024-05-11,30.45
9166,7827,2024-10-07,30.45
9167,10102,2024-10-08,208.95
9168,2676,2024-02-02,208.95
9169,8620,2023-04-07,82.95
9170,2661,2024-09-08,9.45
9171,16086,2024-10-09,30.45
9172,16735,2024-02-08,9.45
9173,5012,2023-03-09,9.45
9174,13108,2024-12-05,9.45
9175,12658,2024-03-03,9.45
9176,15267,2024-09-11,82.95
9177,156,2023-11-03,9.45
9178,11366,2024-04-08,82.95
9179,10045,2024-02-08,30.45
9180,2823,2024-09-01,9.45
9181,8434,2023-08-01,30.45
9182,908,2024-05-05,9.45
9183,2379,2024-04-05,9.45
9184,3525,2023-12-11,9.45
9185,16178,2024-11-07,30.45
9186,19828,2024-05-05,208.95
9187,14056,2024-11-11,9.45
9188,12750,2023-08-10,9.45
9189,11224,2024-06-07,30.45
9190,19593,2024-06-05,30.45
9191,1381,2024-05-07,30.45
9192,19394,2023-11-08,30.45
9193,6015,2024-03-05,9.45
9194,18853,2024-06-08,30.45
9195,18172,2024-04-10,9.45
9196,20269,2024-08-10,82.95
9197,5492,2024-09-01,82.95
9198,8490,2024-11-11,9.45
9199,10384,2023-06-09,30.45
9200,11517,2024-09-04,30.45
9201,4318,2024-06-04,82.95
9202,17206,2024-08-12,208.95
9203,3211,2024-12-04,30.45
9204,7399,2023-07-10,9.45
9205,13055,2024-07-03,9.45
9206,5399,2024-05-09,82.95
9207,5562,2024-02-09,208.95
9208,6150,2024-07-10,18.9
9209,7537,2024-01-02,30.45
9210,8566,2024-12-01,9.45
9211,9113,2024-01-02,30.45
9212,15371,2023-10-05,9.45
9213,4222,2024-06-03,30.45
9214,14597,2024-04-05,208.95
9215,2512,2024-10-09,9.45
9216,9467,2023-12-09,9.45
9217,14842,2024-11-08,9.45
9218,19598,2024-11-03,30.45
9219,10322,2024-04-06,9.45
9220,18026,2023-03-03,82.95
9221,411,2024-03-04,9.45
9222,2050,2023-05-09,9.45
9223,3751,2024-09-02,9.45
9224,17332,2023-08-07,30.45
9225,18731,2024-11-03,82.95
9226,2082,2023-12-08,82.95
9227,20516,2024-06-09,208.95
9228,14910,2023-07-08,9.45
9229,2657,2024-05-02,9.45
9230,13207,2024-10-04,82.95
9231,3664,2024-01-10,30.45
9232,16863,2023-06-12,9.45
9233,15354,2024-10-08,30.45
9234,19844,2024-06-03,82.95
9235,17195,2023-10-15,30.45
9236,18747,2024-12-05,82.95
9237,7277,2024-09-03,9.45
9238,13760,2024-02-10,9.45
9239,3805,,82.95
9240,6110,2024-10-04,9.45
9241,7748,2024-04-10,9.45
9242,8645,2023-12-09,30.45
9243,17353,2023-08-06,30.45
9244,8907,2024-06-05,208.95
9245,14268,2024-07-05,82.95
9246,4646,2024-04-07,30.45
9247,7056,2024-12-10,30.45
9248,14999,2023-07-03,9.45
9249,1779,2024-03-06,82.95
9250,18378,2023-11-09,30.45
9251,39,2024-07-07,82.95
9252,6776,2023-08-08,30.45
9253,18761,2023-12-10,9.45
9254,7191,2023-10-10,30.45
9255,6686,2023-08-02,9.45
9256,12102,2024-06-10,30.45
9257,3830,2023-11-04,9.45
9258,7002,2023-12-04,82.95
9259,18253,2023-12-09,9.45
9260,20538,2024-05-06,30.45
9261,14990,2024-09-03,9.45
9262,16218,2024-06-04,9.45
9263,2151,2023-10-06,30.45
9264,642,2024-08-13,9.45
9265,2701,2024-10-03,82.95
9266,10881,2024-02-02,30.45
9267,7829,2024-12-09,30.45
9268,14852,2024-08-02,208.95
9269,19441,2023-05-04,9.45
9270,4837,2024-01-04,9.45
9271,16212,2023-12-10,9.45
9272,5863,2024-10-06,30.45
9273,2633,2024-01-03,9.45
9274,6813,2024-10-01,82.95
9275,5946,2024-10-07,9.45
9276,1958,2024-11-09,82.95
9277,6063,2023-09-09,30.45
9278,14220,2023-12-10,30.45
9279,13503,2024-11-11,82.95
9280,18772,2024-11-03,9.45
9281,11452,2024-12-06,30.45
9282,13050,2024-02-08,9.45
9283,4818,2024-03-09,9.45
9284,937,2024-11-05,82.95
9285,10923,2023-07-03,82.95
9286,12428,2024-11-03,82.95
9287,16130,2024-12-04,30.45
9288,7510,2024-08-09,9.45
9289,4886,2024-06-03,9.45
9290,10277,2024-01-02,9.45
9291,13185,2024-07-04,9.45
9292,6997,2024-10-04,9.45
9293,20513,2024-11-03,82.95
9294,454,2023-10-02,9.45
9295,2519,2023-06-05,9.45
9296,46,2024-04-08,9.45
9297,12007,2024-02-08,9.45
9298,8983,2024-07-07,30.45
9299,1105,2024-11-11,82.95
9300,5266,2024-01-08,9.45
9301,17046,2023-10-05,30.45
9302,3583,2024-07-09,9.45
9303,5454,2024-03-03,82.95
9304,16314,2024-06-06,30.45
9305,6539,2024-09-12,30.45
9306,2168,2023-06-09,9.45
9307,6975,2023-09-11,82.95
9308,12955,2023-09-05,30.45
9309,2358,2024-01-05,82.95
9310,6805,2024-12-11,9.45
9311,15749,2023-08-06,30.45
9312,6578,2024-09-07,30.45
9313,6392,2023-10-05,82.95
9314,7161,2024-09-09,30.45
9315,3603,2024-10-04,9.45
9316,16227,2023-07-04,9.45
9317,11294,2024-11-10,82.95
9318,14207,2024-12-04,30.45
9319,12042,2024-06-09,9.45
9320,10014,2024-10-07,9.45
9321,5017,2023-08-06,9.45
9322,14788,2024-07-12,417.9
9323,18784,2024-01-11,9.45
9324,7098,2024-07-07,9.45
9325,10085,2024-11-07,30.45
9326,10999,2024-03-12,9.45
9327,9413,2024-06-10,30.45
9328,18876,2023-11-07,82.95
9329,18752,2024-05-03,30.45
9330,14704,2024-03-08,9.45
9331,14985,2024-04-10,9.45
9332,1124,2024-09-06,30.45
9333,10766,,9.45
9334,5028,2024-07-01,18.9
9335,15711,2024-10-11,30.45
9336,1910,2023-10-09,208.95
9337,4112,2024-07-09,82.95
9338,18398,2023-10-09,9.45
9339,18631,2023-09-07,82.95
9340,3769,2024-06-07,9.45
9341,12346,2023-11-04,82.95
9342,11342,2024-10-05,9.45
9343,20301,2024-02-05,9.45
9344,966,2024-11-09,9.45
9345,275,2024-09-12,9.45
9346,8299,2024-11-12,82.95
9347,5659,2024-10-03,30.45
9348,4128,2023-10-03,82.95
9349,12635,2024-09-05,30.45
9350,10889,2024-10-10,30.45
9351,13969,2023-05-06,9.45
9352,19469,2024-01-07,208.95
9353,4548,2024-01-10,30.45
9354,13190,2024-12-08,9.45
9355,19141,2023-05-08,82.95
9356,5870,2024-02-02,30.45
9357,19490,2023-09-09,82.95
9358,7608,2024-11-04,30.45
9359,423,2024-04-03,9.45
9360,4775,2024-08-07,82.95
9361,2100,2024-08-11,9.45
9362,7420,2024-08-09,9.45
9363,2215,2024-01-04,30.45
9364,7172,2023-11-09,9.45
9365,5024,2024-03-05,9.45
9366,7755,2024-11-04,9.45
9367,14587,2024-03-07,30.45
9368,4574,2024-08-06,82.95
9369,7093,2024-02-08,9.45
9370,18626,2023-04-09,82.95
9371,9272,2024-11-09,82.95
9372,18790,2024-07-11,9.45
9373,19964,2023-09-09,9.45
9374,10865,2024-01-09,82.95
9375,6310,2024-05-12,30.45
9376,776,2024-07-05,60.9
9377,6454,2024-03-12,30.45
9378,19916,2024-11-05,208.95
9379,15901,2023-08-03,30.45
9380,1561,2023-02-09,82.95
9381,2748,2023-06-07,9.45
9382,11155,2024-06-08,30.45
9383,19904,2023-11-03,208.95
9384,15301,2023-11-04,82.95
9385,4485,2024-06-12,208.95
9386,2662,2024-10-11,9.45
9387,8660,2023-09-06,85.37
9388,7156,2024-04-04,30.45
9389,16353,2024-02-04,82.95
9390,19392,2023-09-08,30.45
9391,6073,2023-10-11,9.45
9392,7721,2024-04-06,9.45
9393,9858,2023-07-08,208.95
9394,8478,2023-11-07,9.45
9395,13138,2024-09-03,30.45
9396,18851,2024-04-06,30.45
9397,15270,2024-12-03,82.95
9398,9317,2024-04-07,82.95
9399,19484,2024-07-07,18.9
9400,18088,2023-09-08,9.45
9401,18408,2024-08-11,9.45
9402,14880,2024-12-03,9.45
9403,715,2024-05-11,9.45
9404,9913,2023-11-02,82.95
9405,19011,2024-07-08,9.45
9406,17799,2024-10-08,30.45
9407,16545,2024-08-08,82.95
9408,18265,2024-12-05,9.45
9409,19453,2024-05-03,9.45
9410,5433,2024-03-03,9.45
9411,18309,2024-03-07,30.45
9412,829,2024-10-05,30.45
9413,4531,2023-11-06,30.45
9414,9646,2023-09-08,30.45
9415,14336,2023-07-10,82.95
9416,15669,2024-04-04,30.45
9417,8370,2023-07-07,30.45
9418,16939,2024-10-05,82.95
9419,11471,2024-12-11,9.45
9420,1239,2024-11-05,30.45
9421,7309,2023-09-03,9.45
9422,9257,2023-08-08,82.95
9423,5795,2024-08-12,82.95
9424,18313,2024-07-06,30.45
9425,7145,2024-11-05,9.45
9426,17849,2024-09-11,30.45
9427,3375,2024-12-02,9.45
9428,17944,2024-08-04,9.45
9429,5799,2024-12-02,82.95
9430,12072,2024-10-05,9.45
9431,15250,2023-04-03,82.95
9432,1752,2024-01-08,30.45
9433,6229,2024-07-08,30.45
9434,14024,2024-09-07,9.45
9435,2024,2024-10-03,9.45
9436,7724,2024-07-08,9.45
9437,5063,2024-07-10,82.95
9438,18363,2024-07-04,9.45
9439,19110,2024-06-03,30.45
9440,13802,2024-11-06,9.45
9441,5112,2023-11-06,9.45
9442,99,2023-12-10,82.95
9443,6991,2024-04-07,9.45
9444,7601,2024-10-08,30.45
9445,9219,2024-10-02,9.45
9446,1139,2023-05-03,9.45
9447,8269,2024-03-05,30.45
9448,10633,2024-06-03,208.95
9449,11947,2024-11-09,9.45
9450,2602,2024-05-02,30.45
9451,3891,2024-06-07,9.45
9452,6906,2024-06-04,9.45
9453,7918,2024-05-12,30.45
9454,9685,2024-10-04,30.45
9455,15856,2023-11-09,9.45
9456,13385,2023-11-07,208.95
9457,19838,2023-12-02,82.95
9458,20338,2024-06-02,30.45
9459,14792,2024-11-07,208.95
9460,16799,2023-12-04,9.45
9461,9236,2024-12-07,82.95
9462,7065,2024-02-09,9.45
9463,18491,2023-11-09,9.45
9464,623,2024-07-06,18.9
9465,1874,2024-09-07,9.45
9466,631,2023-04-01,30.45
9467,12176,2024-02-04,208.95
9468,16349,2023-10-10,82.95
9469,1856,2024-10-10,30.45
9470,13775,2024-04-08,30.45
9471,7171,2023-10-06,9.45
9472,6877,2024-11-06,30.45
9473,5464,2023-04-04,9.45
9474,325,2024-02-05,9.45
9475,3005,2023-09-11,30.45
9476,12911,2024-06-03,9.45
9477,16598,2023-06-03,9.45
9478,16678,2023-11-08,208.95
9479,17390,2024-12-08,9.45
9480,6866,2024-06-07,82.95
9481,15706,2024-05-06,30.45
9482,6016,2024-04-05,9.45
9483,7344,2024-07-07,30.45
9484,16599,2023-07-07,9.45
9485,3775,2024-12-05,9.45
9486,959,2024-04-02,9.45
9487,3212,2023-10-08,9.45
9488,20242,2024-03-07,82.95
9489,3881,2023-08-10,9.45
9490,12251,2024-05-10,9.45
9491,1458,2024-05-10,30.45
9492,6357,2024-05-01,30.45
9493,15311,2024-09-05,82.95
9494,4687,2024-07-02,18.9
9495,20107,2023-10-08,208.95
9496,16945,2024-02-08,30.45
9497,2170,2023-08-09,9.45
9498,15831,2024-01-06,9.45
9499,4973,2024-01-11,9.45
9500,18130,2024-11-07,30.45
9501,12563,2023-09-06,82.95
9502,8556,2024-02-07,9.45
9503,10105,2024-05-04,82.95
9504,14337,2023-08-10,82.95
9505,14694,2024-09-08,30.45
9506,2588,2024-03-03,9.45
9507,17856,2024-05-08,30.45
9508,17315,2023-12-08,9.45
9509,15511,2024-09-12,30.45
9510,7356,2024-08-04,82.95
9511,10552,2024-10-04,9.45
9512,14682,2024-10-08,9.45
9513,14673,2024-08-08,30.45
9514,16495,2023-11-05,82.95
9515,4665,2024-04-07,9.45
9516,3281,2024-11-10,9.45
9517,18056,2023-11-03,9.45
9518,20071,2024-08-11,30.45
9519,13500,2024-08-11,82.95
9520,17179,2024-09-09,9.45
9521,1776,2023-12-05,82.95
9522,12055,2023-10-06,9.45
9523,3248,2024-04-05,208.95
9524,18898,2024-08-07,9.45
9525,12421,2024-04-08,82.95
9526,20447,2024-11-04,82.95
9527,427,2023-11-29,30.45
9528,752,2024-06-01,30.45
9529,4902,2024-12-07,82.95
9530,16142,2024-02-06,208.95
9531,14641,2024-12-06,9.45
9532,19578,2023-03-05,30.45
9533,18654,2024-07-02,9.45
9534,6797,2024-11-02,30.45
9535,2658,2024-06-10,9.45
9536,13943,2024-08-11,30.45
9537,3653,2024-08-08,82.95
9538,13755,2023-09-11,9.45
9539,18341,2024-07-07,9.45
9540,10575,2024-08-04,9.45
9541,14555,2024-08-04,9.45
9542,19217,2024-03-08,82.95
9543,13831,2023-11-10,82.95
9544,818,2023-11-06,30.45
9545,12181,2024-07-10,208.95
9546,7434,2024-05-03,82.95
9547,10939,2024-11-03,82.95
9548,7273,2024-05-07,9.45
9549,6447,,30.45
9550,8910,2024-09-12,208.95
9551,4203,2024-09-05,9.45
9552,17130,2024-09-07,30.45
9553,3565,2023-01-03,9.45
9554,6517,2024-04-07,30.45
9555,9710,2024-11-07,82.95
9556,4622,2024-02-02,9.45
9557,3340,2024-03-07,30.45
9558,15848,2024-05-11,82.95
9559,13668,2024-09-05,9.45
9560,8255,2024-11-04,30.45
9561,6367,2024-04-09,82.95
9562,17283,2024-01-10,30.45
9563,19984,2024-12-04,30.45
9564,11046,2024-10-08,208.95
9565,18565,2023-08-02,9.45
9566,5147,2023-12-06,9.45
9567,9663,2024-02-06,9.45
9568,12162,2024-12-09,30.45
9569,5748,2023-11-03,30.45
9570,13587,2024-09-09,9.45
9571,13111,2023-03-06,82.95
9572,12648,2023-05-02,9.45
9573,20345,2024-06-05,82.95
9574,11610,2024-11-10,9.45
9575,955,2023-12-03,9.45
9576,12057,2023-12-08,9.45
9577,10012,2024-08-07,9.45
9578,12545,2024-07-07,30.45
9579,20140,2023-07-08,9.45
9580,14722,2024-04-08,9.45
9581,12033,2023-07-08,82.95
9582,12204,2024-08-05,82.95
9583,15170,2024-07-04,208.95
9584,5625,2024-10-10,82.95
9585,5514,2023-09-09,208.95
9586,4426,2023-11-09,82.95
9587,8550,2023-08-10,9.45
9588,12952,2024-11-03,208.95
9589,10914,2024-04-10,9.45
9590,12383,2024-11-07,9.45
9591,14050,2024-05-09,9.45
9592,13057,2024-09-12,9.45
9593,2314,2023-09-09,82.95
9594,1613,2024-02-05,30.45
9595,18214,2024-12-07,30.45
9596,19062,2024-09-06,82.95
9597,2987,2024-11-02,82.95
9598,16199,2024-11-10,82.95
9599,2508,2024-06-08,9.45
9600,5605,2024-10-01,9.45
9601,14310,2023-12-09,9.45
9602,8844,2024-03-03,82.95
9603,18185,2024-12-02,30.45
9604,730,2024-06-07,208.95
9605,2750,2023-08-03,9.45
9606,5773,2024-01-08,30.45
9607,18579,2024-10-10,9.45
9608,6837,2024-07-11,9.45
9609,16561,2024-01-05,9.45
9610,12877,2024-12-05,9.45
9611,9071,2024-05-09,9.45
9612,1473,2023-05-11,82.95
9613,1501,2024-08-06,208.95
9614,1048,2023-11-09,208.95
9615,14331,2024-09-11,30.45
9616,1868,2024-03-05,9.45
9617,3732,2024-12-03,82.95
9618,14730,2024-12-03,9.45
9619,13300,2024-11-05,9.45
9620,16335,2024-06-05,82.95
9621,20307,2024-08-06,9.45
9622,10428,2024-10-08,9.45
9623,15023,2024-11-07,82.95
9624,17361,2024-04-04,30.45
9625,14382,2024-10-11,9.45
9626,16169,2024-02-09,30.45
9627,19851,2024-07-07,9.45
9628,10797,2024-02-04,30.45
9629,19823,2023-12-09,208.95
9630,1431,2024-01-04,30.45
9631,12830,2024-06-07,30.45
9632,1909,2023-09-06,208.95
9633,11379,2023-08-03,9.45
9634,15823,2024-12-07,9.45
9635,19775,2024-03-05,9.45
9636,15863,2024-06-06,9.45
9637,906858,2024-12-09,82.95
9638,4184,2024-08-10,9.45
9639,3167,2024-06-04,82.95
9640,4496,2024-04-02,9.45
9641,5811,2024-12-05,9.45
9642,17009,2024-01-10,82.95
9643,3809,2024-02-08,82.95
9644,15784,2024-01-09,30.45
9645,16145,2024-05-09,208.95
9646,8847,2024-06-10,82.95
9647,18350,2023-06-07,9.45
9648,11929,2024-06-03,30.45
9649,18572,2024-03-06,9.45
9650,17261,2024-12-11,30.45
9651,13005,2023-11-12,9.45
9652,8635,2024-08-12,9.45
9653,1479,2023-11-05,82.95
9654,19511,2024-03-07,82.95
9655,17222,2024-09-08,9.45
9656,4042,2024-04-05,82.95
9657,18221,2024-07-08,30.45
9658,19045,2024-11-07,82.95
9659,9106,2024-08-05,9.45
9660,5212,2023-09-09,9.45
9661,4139,2024-09-05,82.95
9662,16137,2023-12-21,208.95
9663,12081,2024-10-08,82.95
9664,15824,2023-06-06,9.45
9665,16234,2024-02-08,9.45
9666,19097,2023-05-08,30.45
9667,12250,2024-04-09,9.45
9668,19368,2024-03-03,82.95
9669,10836,2023-10-09,30.45
9670,10401,2024-11-03,30.45
9671,4375,2024-12-05,82.95
9672,11080,2023-11-07,30.45
9673,8256,2024-12-07,30.45
9674,11528,2024-12-03,9.45
9675,3978,2024-04-05,9.45
9676,19107,2024-03-03,30.45
9677,12024,2024-11-03,9.45
9678,20369,2024-11-08,9.45
9679,15960,2023-11-04,9.45
9680,3879,2023-06-02,9.45
9681,8393,2023-10-05,9.45
9682,3823,2024-11-06,30.45
9683,18048,2023-03-06,9.45
9684,2578,2023-05-09,9.45
9685,18500,2024-08-08,9.45
9686,7570,2024-12-04,30.45
9687,4091,2024-03-04,9.45
9688,7511,2024-09-10,9.45
9689,6589,2023-12-02,9.45
9690,5953,2023-07-07,30.45
9691,2198,2024-07-12,208.95
9692,16160,2024-08-01,9.45
9693,7781,2024-10-05,9.45
9694,2642,2024-10-06,9.45
9695,1397,2024-06-11,82.95
9696,4040,,82.95
9697,1022,2023-10-02,9.45
9698,20109,2023-12-04,208.95
9699,18435,2024-06-05,9.45
9700,295,2024-02-03,30.45
9701,1331,2023-11-05,9.45
9702,6610,2024-10-09,9.45
9703,17686,2024-05-02,9.45
9704,6164,2024-12-11,30.45
9705,8654,2024-09-08,30.45
9706,6020,2024-08-12,9.45
9707,4554,2024-07-08,30.45
9708,14169,2023-04-10,82.95
9709,2230,2023-04-11,30.45
9710,8991,2024-10-03,82.95
9711,15086,2024-10-06,9.45
9712,18941,2024-08-10,9.45
9713,14293,2024-10-02,9.45
9714,10218,2024-02-03,30.45
9715,20503,2023-12-05,208.95
9716,3834,2024-03-03,9.45
9717,14398,2024-11-04,208.95
9718,1523,2024-06-05,82.95
9719,3631,2024-12-03,82.95
9720,1429,2023-11-03,30.45
9721,16302,2024-04-03,9.45
9722,5793,2024-06-08,82.95
9723,13117,2024-08-11,208.95
9724,18191,2023-12-09,9.45
9725,8755,2024-08-11,9.45
9726,7017,2023-08-10,82.95
9727,15406,2024-10-08,30.45
9728,3739,2023-09-10,9.45
9729,2149,2023-08-10,30.45
9730,8063,2024-04-12,9.45
9731,20457,2024-08-10,82.95
9732,11451,2024-11-09,30.45
9733,43,2024-11-06,82.95
9734,15537,2023-09-04,9.45
9735,15472,2024-03-06,9.45
9736,7803,2023-04-03,30.45
9737,15048,2024-04-10,9.45
9738,8906,2024-05-08,208.95
9739,14558,2025-01-02,9.45
9740,3026,2023-12-11,30.45
9741,5694,2023-10-03,30.45
9742,3529,2024-04-03,9.45
9743,3917,2024-09-07,9.45
9744,420,2024-01-06,9.45
9745,20099,2024-12-06,30.45
9746,11150,2024-01-11,30.45
9747,9545,2024-06-05,9.45
9748,10406,2024-01-03,9.45
9749,11588,2024-04-10,208.95
9750,15263,2024-05-04,82.95
9751,7023,2024-02-08,82.95
9752,13963,2024-11-08,9.45
9753,17487,2023-03-04,9.45
9754,136,2024-07-11,30.45
9755,3228,2023-06-08,30.45
9756,2502,2023-12-05,9.45
9757,14706,2024-05-06,9.45
9758,3526,2024-01-03,9.45
9759,14717,2023-11-08,9.45
9760,3162,2023-10-03,82.95
9761,7224,2023-05-08,30.45
9762,14136,2024-03-06,9.45
9763,16069,2024-12-05,30.45
9764,12759,2024-05-02,9.45
9765,2778,2024-12-02,82.95
9766,12449,2023-11-06,9.45
9767,14440,2023-03-05,30.45
9768,3473,2023-11-11,82.95
9769,15098,2024-04-10,30.45
9770,11892,2024-05-05,9.45
9771,5507,2024-11-06,9.45
9772,9116,2024-04-06,30.45
9773,16707,2024-02-02,208.95
9774,5304,2024-08-03,82.95
9775,8092,2024-01-12,208.95
9776,5046,2024-01-10,82.95
9777,3716,2024-08-09,30.45
9778,10591,2024-07-09,9.45
9779,4576,2024-10-08,82.95
9780,15735,2024-07-09,82.95
9781,7723,2024-06-05,9.45
9782,8811,2024-05-02,9.45
9783,10089,2023-03-07,9.45
9784,1595,2024-12-10,30.45
9785,14470,2024-09-12,9.45
9786,9660,2023-11-10,9.45
9787,20067,2024-04-09,30.45
9788,17337,2024-01-03,30.45
9789,2144,2024-10-05,30.45
9790,3291,2024-05-03,30.45
9791,15111,2024-06-03,82.95
9792,10254,2023-08-08,9.45
9793,7421,2024-09-03,9.45
9794,10033,2024-05-11,9.45
9795,6344,2024-01-12,9.45
9796,11922,2023-11-04,30.45
9797,13491,2024-12-02,9.45
9798,3790,2024-03-05,82.95
9799,6966,2024-12-10,30.45
9800,10801,2024-06-04,30.45
9801,13662,2024-03-11,9.45
9802,4319,2024-07-01,82.95
9803,8539,2024-10-04,30.45
9804,8502,2024-02-11,82.95
9805,13309,2024-10-04,9.45
9806,11846,2023-10-04,9.45
9807,13756,2023-10-09,9.45
9808,9358,2024-03-08,82.95
9809,10409,2024-04-03,9.45
9810,8721,2024-08-08,9.45
9811,2098,2024-06-10,9.45
9812,13976,2023-12-06,9.45
9813,13707,2024-11-03,30.45
9814,9496,2024-08-04,30.45
9815,14702,2024-01-05,9.45
9816,12367,2024-12-04,30.45
9817,11772,2023-12-10,9.45
9818,16429,2024-09-11,9.45
9819,17476,2024-03-07,82.95
9820,9408,2024-01-03,30.45
9821,12476,2023-10-04,9.45
9822,6252,2024-06-10,82.95
9823,1733,2023-09-02,208.95
9824,11593,2024-09-08,208.95
9825,2389,2023-10-03,82.95
9826,16660,2024-03-12,30.45
9827,13535,2024-02-05,30.45
9828,14105,2024-02-10,30.45
9829,951,2023-08-12,9.45
9830,1102,2024-08-07,82.95
9831,12197,2024-01-08,82.95
9832,8400,2024-05-09,9.45
9833,19425,2024-10-10,9.45
9834,19491,2023-10-03,82.95
9835,11943,2024-07-12,9.45
9836,17323,2024-08-08,9.45
9837,9436,2024-06-12,9.45
9838,7499,2024-09-10,82.95
9839,13814,2024-06-08,9.45
9840,17992,2024-11-04,30.45
9841,9041,2023-07-05,9.45
9842,659,2024-05-03,9.45
9843,19122,2023-07-09,9.45
9844,18949,2023-09-02,30.45
9845,7331,2024-12-10,9.45
9846,5618,2024-03-09,82.95
9847,13318,2024-01-04,9.45
9848,6005,2024-09-04,208.95
9849,4896,2024-06-04,82.95
9850,13074,2024-08-02,30.45
9851,3328,2024-02-05,9.45
9852,4432,2024-05-10,82.95
9853,11618,2024-12-09,30.45
9854,10734,2024-12-11,9.45
9855,19367,2024-02-03,82.95
9856,8458,2023-08-05,30.45
9857,1675,2024-10-04,208.95
9858,9821,2024-02-03,9.45
9859,2587,2024-02-11,9.45
9860,7233,2024-02-03,30.45
9861,4421,2024-11-10,30.45
9862,6800,2024-07-11,9.45
9863,2834,2024-04-03,9.45
9864,8689,2023-06-09,9.45
9865,9433,2024-03-06,9.45
9866,4150,2023-09-11,242.69
9867,9595,2024-05-11,30.45
9868,19006,2024-02-10,9.45
9869,7000,2023-10-10,82.95
9870,4979,2024-07-10,18.9
9871,5961,2024-03-03,30.45
9872,12833,2024-09-09,30.45
9873,6431,2024-06-07,82.95
9874,16709,2024-04-07,208.95
9875,19329,2023-08-03,9.45
9876,1671,2024-06-11,208.95
9877,13189,2024-11-05,9.45
9878,19077,2023-06-01,82.95
9879,13453,2024-06-06,9.45
9880,2973,2024-12-01,82.95
9881,194,2023-03-07,208.95
9882,16675,2024-11-05,30.45
9883,3197,2023-10-08,30.45
9884,7494,2024-12-10,30.45
9885,2969,2024-08-12,82.95
9886,3391,2024-07-04,60.9
9887,18184,2024-11-05,30.45
9888,10750,2024-03-07,208.95
9889,11476,2023-10-05,30.45
9890,1603,2024-11-07,82.95
9891,16736,2024-03-03,9.45
9892,5559,2023-11-05,208.95
9893,12460,2024-10-11,9.45
9894,15780,2023-09-07,30.45
9895,11456,2024-07-02,9.45
9896,10755,2024-08-10,208.95
9897,12104,2024-08-05,30.45
9898,15457,2023-12-11,9.45
9899,20142,2023-09-06,9.45
9900,16672,2024-08-10,30.45
9901,7131,2023-09-02,9.45
9902,15058,2024-03-05,30.45
9903,15635,,30.45
9904,17832,2024-09-03,30.45
9905,8584,2024-04-05,9.45
9906,12335,2024-10-09,82.95
9907,18774,2023-03-06,9.45
9908,16650,2024-09-16,208.95
9909,5553,2023-05-03,208.95
9910,15020,2024-08-04,82.95
9911,1940,2023-05-06,82.95
9912,11110,2024-06-11,9.45
9913,2204,2023-02-05,30.45
9914,4752,2023-10-03,208.95
9915,18485,2024-10-08,9.45
9916,10482,2024-10-09,9.45
9917,12279,2023-03-11,9.45
9918,3314,2024-12-08,9.45
9919,18446,2024-08-09,9.45
9920,5412,2023-06-07,9.45
9921,13102,2024-06-03,9.45
9922,4978,2024-06-08,9.45
9923,8583,2024-03-04,9.45
9924,8173,2023-07-07,30.45
9925,5720,2024-12-02,82.95
9926,17913,2024-01-10,82.95
9927,510,2024-02-10,82.95
9928,3177,2024-07-08,9.45
9929,16797,2024-12-08,9.45
9930,13937,2024-02-01,30.45
9931,14751,2023-06-02,30.45
9932,1968,2024-09-05,30.45
9933,13821,2024-04-01,30.45
9934,17462,2024-03-07,9.45
9935,1240,2024-12-04,30.45
9936,6385,2024-11-11,30.45
9937,18837,2024-11-12,9.45
9938,9397,2023-07-08,82.95
9939,16866,2023-09-04,9.45
9940,5537,2024-06-04,30.45
9941,4165,2024-12-09,30.45
9942,3095,2024-09-03,30.45
9943,18998,2023-06-04,9.45
9944,11012,2023-10-10,30.45
9945,621,2024-11-08,82.95
9946,14229,2024-09-04,30.45
9947,4750,2023-08-05,208.95
9948,16769,2024-03-07,82.95
9949,2292,2023-07-02,30.45
9950,6381,2024-07-08,30.45
9951,15970,2024-09-08,9.45
9952,1920,2024-08-09,208.95
9953,20329,2024-09-06,9.45
9954,3256,2024-12-06,208.95
9955,4380,2023-08-08,208.95
9956,14718,2023-12-12,9.45
9957,969,2024-04-12,82.95
9958,5105,2024-06-02,9.45
9959,3994,2024-01-02,30.45
9960,4637,2024-12-07,82.95
9961,15695,2024-11-05,208.95
9962,1525,2024-08-04,82.95
9963,408,2023-12-06,9.45
9964,19586,2023-11-02,30.45
9965,7202,2024-09-10,30.45
9966,8319,2024-02-03,9.45
9967,3926,2024-04-09,30.45
9968,4916,2024-08-26,30.45
9969,331,2024-08-03,9.45
9970,4460,2024-08-07,9.45
9971,9754,2024-09-11,30.45
9972,7029,2024-08-03,82.95
9973,4388,2024-04-02,208.95
9974,12602,2024-02-07,9.45
9975,13212,2024-09-05,9.45
9976,48,2024-06-11,9.45
9977,12629,2024-03-06,30.45
9978,4047,2024-09-09,82.95
9979,20546,2024-01-06,208.95
9980,14394,2024-07-10,208.95
9981,6057,,30.45
9982,3638,2024-09-09,9.45
9983,17395,2023-10-07,30.45
9984,2980,2024-04-06,82.95
9985,13670,2024-11-01,9.45
9986,17587,2024-02-02,9.45
9987,2840,2024-10-07,9.45
9988,9451,2024-04-08,9.45
9989,19626,2024-11-06,9.45
9990,18498,2024-06-05,9.45
9991,2798,2024-12-08,208.95
9992,6522,2024-09-01,30.45
9993,9628,2024-07-09,9.45
9994,3910,2024-02-11,9.45
9995,19064,2024-11-04,82.95
9996,1119,2024-04-07,30.45
9997,6314,2024-09-02,30.45
9998,10324,2024-06-03,9.45
9999,1737,2024-01-05,208.95
10000,15639,2024-10-08,30.45
10001,5182,2024-07-05,9.45
10002,8405,2024-10-11,9.45
10003,755,2024-09-07,30.45
10004,19336,2024-03-04,9.45
10005,11185,2023-12-10,82.95
10006,2825,2024-11-09,9.45
10007,19105,2024-01-10,30.45
10008,4127,2024-12-10,82.95
10009,4559,2024-12-03,30.45
10010,15588,2024-11-07,30.45
10011,11644,2024-02-07,9.45
10012,14211,2024-08-04,9.45
10013,9797,2024-07-07,30.45
10014,1902,2024-12-10,30.45
10015,9122,2024-10-07,30.45
10016,8379,2024-04-12,30.45
10017,6236,2023-12-05,30.45
10018,10419,2024-01-03,9.45
10019,9611,2024-11-03,82.95
10020,1035,2024-11-05,9.45
10021,4145,2023-04-08,30.45
10022,9520,2024-12-02,208.95
10023,14079,2024-09-09,9.45
10024,1759,2024-08-05,30.45
10025,10601,2023-08-05,30.45
10026,20320,2024-04-02,30.45
10027,11491,2024-04-05,30.45
10028,12368,2023-08-08,9.45
10029,763,2024-10-10,30.45
10030,15631,2024-02-06,30.45
10031,6328,2024-06-09,9.45
10032,14811,2024-07-11,30.45
10033,8901,2024-12-03,9.45
10034,9474,2024-11-05,9.45
10035,3745,2024-03-08,9.45
10036,9078,2024-12-11,9.45
10037,2528,2024-03-03,9.45
10038,12329,2024-04-11,82.95
10039,1043,2023-06-05,208.95
10040,14719,2024-01-09,9.45
10041,6025,2024-02-12,30.45
10042,14334,2024-12-05,30.45
10043,7377,2024-08-01,30.45
10044,10682,2024-08-10,9.45
10045,5615,2023-12-08,82.95
10046,16908,2023-12-02,30.45
10047,3554,2024-12-02,82.95
10048,9238,2023-09-11,30.45
10049,10844,2024-06-11,30.45
10050,13475,2023-08-05,9.45
10051,11466,2024-07-09,9.45
10052,19388,2023-05-11,30.45
10053,8176,2023-10-04,30.45
10054,20250,2024-11-10,82.95
10055,8417,2023-11-03,82.95
10056,20137,2024-12-07,82.95
10057,2162,2024-09-05,30.45
10058,5564,2024-04-12,208.95
10059,10307,2024-07-08,18.9
10060,11745,2024-08-05,9.45
10061,15145,2024-06-11,30.45
10062,12282,2023-06-07,9.45
10063,18335,2024-01-04,9.45
10064,7130,2023-08-09,9.45
10065,4347,2024-04-11,9.45
10066,17300,2024-06-07,208.95
10067,3484,2024-10-12,82.95
10068,19539,2023-11-11,82.95
10069,10675,2024-10-01,30.45
10070,987,2024-10-12,208.95
10071,13335,2024-10-26,9.45
10072,3322,2023-08-10,9.45
10073,15094,2023-12-05,30.45
10074,19,2024-05-10,82.95
10075,12890,2024-04-11,30.45
10076,13018,2024-12-08,9.45
10077,1731,2023-07-12,208.95
10078,18531,2024-09-04,1663.64
10079,5479,2024-07-12,9.45
10080,4336,2024-10-05,9.45
10081,2491,2024-09-11,9.45
10082,5853,2024-10-11,208.95
10083,12661,2024-08-26,9.45
10084,9884,2024-06-11,9.45
10085,4457,2024-05-10,9.45
10086,4017,2024-08-03,208.95
10087,12723,2023-03-07,208.95
10088,1449,,18.9
10089,14785,2024-04-11,208.95
10090,11710,2024-02-10,9.45
10091,1529,2024-12-10,82.95
10092,8249,2024-05-06,30.45
10093,17878,2024-05-09,9.45
10094,13036,2024-05-10,30.45
10095,738,2023-04-06,30.45
10096,2594,2024-09-06,9.45
10097,6854,2024-08-11,82.95
10098,6128,2024-08-03,82.95
10099,3396,2024-12-08,30.45
10100,15292,2024-11-05,82.95
10101,2070,2024-08-09,82.95
10102,7978,2024-03-08,30.45
10103,3040,2024-04-06,30.45
10104,3943,2023-10-10,82.95
10105,16075,2023-11-11,30.45
10106,3941,2023-08-08,82.95
10107,6480,2024-02-07,9.45
10108,10432,2023-09-04,9.45
10109,2323,2024-06-09,82.95
10110,9062,2023-08-06,9.45
10111,9682,2024-07-09,30.45
10112,16159,2024-07-06,9.45
10113,16036,2024-06-08,30.45
10114,8594,2024-05-08,30.45
10115,12569,2024-03-07,82.95
10116,1693,2023-10-06,9.45
10117,6189,2023-11-08,30.45
10118,11554,2024-05-08,9.45
10119,6861,2024-01-02,82.95
10120,2608,2024-11-07,30.45
10121,12933,2024-06-04,30.45
10122,13853,2024-09-03,9.45
10123,19061,2024-08-07,82.95
10124,5346,,30.45
10125,18218,2024-04-10,30.45
10126,28,2023-08-08,82.95
10127,12523,2023-12-01,30.45
10128,9275,2024-01-06,9.45
10129,19046,2024-12-10,82.95
10130,10422,2024-04-04,9.45
10131,8242,2023-10-11,30.45
10132,9629,2024-08-03,9.45
10133,14201,2024-06-03,30.45
10134,7519,2023-07-02,9.45
10135,18682,2024-06-06,82.95
10136,4867,2024-04-06,9.45
10137,5971,2023-10-06,30.45
10138,14208,2024-05-07,9.45
10139,12936,2024-09-03,30.45
10140,1174,2024-02-04,9.45
10141,3131,2024-10-08,9.45
10142,6903,2024-10-03,30.45
10143,16419,2023-11-06,9.45
10144,13248,2024-04-06,208.95
10145,18291,2024-02-06,9.45
10146,7064,2024-01-02,9.45
10147,1641,2024-02-03,9.45
10148,10514,2024-05-07,30.45
10149,15442,2024-09-08,9.45
10150,16641,2023-10-09,208.95
10151,12593,2023-05-04,9.45
10152,16387,2023-10-01,9.45
10153,10968,2024-07-06,82.95
10154,4635,2024-10-03,82.95
10155,15859,2024-02-11,9.45
10156,13517,2024-05-09,82.95
10157,11432,2024-07-09,30.45
10158,6477,2023-11-01,9.45
10159,19457,2024-09-10,9.45
10160,9557,2023-06-03,30.45
10161,822,2024-03-03,30.45
10162,19900,2024-11-05,9.45
10163,10911,2024-01-12,9.45
10164,9488,2024-09-07,9.45
10165,13471,2023-04-04,9.45
10166,2452,2023-11-10,82.95
10167,16879,2024-10-09,9.45
10168,5477,2024-05-09,9.45
10169,12987,2024-04-04,30.45
10170,11422,2024-12-03,9.45
10171,15896,2023-03-02,30.45
10172,16918,2024-10-10,30.45
10173,1601,2024-09-07,82.95
10174,7472,2024-10-09,30.45
10175,11505,2024-03-03,9.45
10176,589,2024-08-09,9.45
10177,3962,2023-11-07,9.45
10178,19625,2024-10-05,9.45
10179,20272,2024-11-10,82.95
10180,11823,2024-12-10,9.45
10181,18083,2024-12-12,30.45
10182,237,2023-04-07,208.95
10183,14226,2024-06-07,30.45
10184,16902,2023-06-05,30.45
10185,8523,2024-01-02,82.95
10186,5384,2024-05-10,30.45
10187,16978,2023-03-09,9.45
10188,794,2024-05-03,30.45
10189,18972,2023-11-05,82.95
10190,4354,2024-11-08,9.45
10191,2627,2023-12-10,30.45
10192,18882,2023-04-06,9.45
10193,8985,2024-09-09,30.45
10194,5019,2023-10-06,9.45
10195,11178,2023-05-07,82.95
10196,12939,2024-12-07,30.45
10197,10732,2024-10-06,9.45
10198,7982,2024-07-09,30.45
10199,15313,2024-11-05,82.95
10200,11704,2023-08-08,9.45
10201,16304,2024-06-06,9.45
10202,7493,2024-11-06,30.45
10203,11977,2024-08-09,9.45
10204,17581,2024-08-09,208.95
10205,15480,2024-11-10,9.45
10206,17122,2024-11-06,30.45
10207,14217,2023-09-06,30.45
10208,20024,2024-05-06,9.45
10209,3542,2023-12-09,82.95
10210,8195,2024-12-22,9.45
10211,17661,2024-02-08,9.45
10212,9695,2023-08-06,82.95
10213,5984,2024-11-02,30.45
10214,9726,2024-03-05,30.45
10215,9471,2024-08-07,9.45
10216,16431,2024-11-11,9.45
10217,10701,2024-06-08,9.45
10218,6645,2023-05-09,9.45
10219,5103,2024-04-12,9.45
10220,12256,,9.45
10221,6616,2024-05-09,9.45
10222,15931,2023-08-06,9.45
10223,11628,2024-05-02,208.95
10224,6697,2024-07-09,9.45
10225,2838,2024-08-04,9.45
10226,2038,2024-07-07,9.45
10227,14898,2024-11-12,82.95
10228,3149,2024-07-02,165.9
10229,3742,2023-12-06,9.45
10230,20052,2024-09-10,82.95
10231,13290,2024-08-05,30.45
10232,4846,2024-10-12,9.45
10233,20186,2024-05-04,9.45
10234,4525,2024-09-03,9.45
10235,6790,2024-10-10,30.45
10236,10487,2024-06-03,30.45
10237,15853,2023-08-03,9.45
10238,8626,2023-11-09,9.45
10239,14454,2024-05-08,30.45
10240,3756,2024-06-04,30.45
10241,5403,2024-09-02,82.95
10242,3890,2024-05-03,9.45
10243,17662,2024-03-04,9.45
10244,2805,2024-08-11,82.95
10245,11071,2024-12-04,9.45
10246,17445,2024-05-03,30.45
10247,3499,2023-03-08,9.45
10248,1260,2024-12-05,82.95
10249,17553,2024-10-10,30.45
10250,15678,2024-05-08,30.45
10251,1291,2024-02-09,9.45
10252,13141,2024-12-03,30.45
10253,409,2024-01-03,9.45
10254,4772,2024-11-10,82.95
10255,3672,2024-09-10,30.45
10256,11277,2024-03-10,9.45
10257,17308,2024-10-01,30.45
10258,16938,2024-09-07,82.95
10259,9243,2024-02-06,30.45
10260,17813,2024-10-04,9.45
10261,8593,2024-04-08,30.45
10262,3727,2024-07-04,82.95
10263,3679,2023-06-08,9.45
10264,4148,2023-07-04,30.45
10265,10549,2024-07-02,9.45
10266,5989,2023-05-09,208.95
10267,15879,,30.45
10268,3622,2024-03-09,82.95
10269,6142,2023-11-12,9.45
10270,1172,2023-12-04,9.45
10271,8876,2024-12-02,9.45
10272,5455,2024-04-08,82.95
10273,769,2023-12-05,30.45
10274,11697,2024-11-05,9.45
10275,10292,2023-12-05,9.45
10276,7913,2024-11-02,82.95
10277,14147,2023-03-12,9.45
10278,365,2023-11-06,30.45
10279,5446,2023-07-03,82.95
10280,15160,2023-09-03,208.95
10281,104,2024-05-07,82.95
10282,18575,2024-06-08,9.45
10283,8182,2024-04-11,30.45
10284,4064,2024-03-09,9.45
10285,9260,2023-11-09,82.95
10286,2349,2024-09-04,82.95
10287,18057,2023-12-07,9.45
10288,249,2024-04-03,208.95
10289,3097,2024-11-03,30.45
10290,18703,2023-05-04,30.45
10291,4262,2024-10-05,30.45
10292,10871,2024-07-06,82.95
10293,3108,2025-02-07,82.95
10294,706,2024-07-04,82.95
10295,14453,2024-04-10,30.45
10296,18978,2024-05-07,82.95
10297,5485,2024-02-10,82.95
10298,17338,,30.45
10299,9524,2024-01-09,30.45
10300,16003,2024-10-03,82.95
10301,9983,2024-03-10,30.45
10302,805,2024-04-04,9.45
10303,9398,2023-08-02,82.95
10304,9005,2024-02-10,9.45
10305,4944,2023-09-10,9.45
10306,13797,2024-06-04,9.45
10307,5701,2023-05-05,82.95
10308,2829,2023-11-02,9.45
10309,5120,2024-07-09,9.45
10310,18418,2024-06-07,82.95
10311,19570,2024-07-08,9.45
10312,16382,2024-09-11,208.95
10313,7669,2023-05-04,9.45
10314,1081,2023-10-05,9.45
10315,10193,2024-04-02,82.95
10316,13260,2023-09-07,9.45
10317,19673,2024-07-03,9.45
10318,15524,2024-11-09,82.95
10319,17488,2023-04-03,9.45
10320,9589,2023-11-05,30.45
10321,6953,2023-11-06,30.45
10322,10368,2024-11-05,30.45
10323,1308,2023-10-06,9.45
10324,16269,2024-11-04,9.45
10325,3619,2023-12-05,82.95
10326,10956,2024-03-04,82.95
10327,13225,2024-05-05,9.45
10328,1950,2024-03-03,82.95
10329,4584,2023-10-05,9.45
10330,7903,2024-01-07,82.95
10331,1732,2023-08-09,208.95
10332,12452,2024-02-09,9.45
10333,6066,2023-12-09,30.45
10334,11194,2024-09-03,82.95
10335,19894,2024-05-02,9.45
10336,8805,2023-11-12,9.45
10337,9862,2023-11-11,208.95
10338,12821,2024-06-07,82.95
10339,17702,2024-11-05,30.45
10340,20247,2024-08-05,82.95
10341,13869,2024-07-02,18.9
10342,9073,2024-07-04,9.45
10343,11765,2023-05-10,9.45
10344,3685,2023-12-08,9.45
10345,15684,2024-11-08,30.45
10346,18600,2024-11-08,30.45
10347,2439,2024-10-08,30.45
10348,4882,2024-02-03,9.45
10349,17739,2023-01-05,9.45
10350,2308,2024-11-10,30.45
10351,14077,2024-07-11,18.9
10352,11084,2024-03-03,30.45
10353,14839,2024-08-11,9.45
10354,4543,2024-11-11,30.45
10355,8668,2024-05-10,9.45
10356,2345,2024-05-04,82.95
10357,35,2024-03-11,82.95
10358,13509,2023-09-07,82.95
10359,19365,2023-12-06,82.95
10360,11617,2024-11-04,30.45
10361,8462,2023-12-04,30.45
10362,6810,2024-07-06,82.95
10363,3947,2024-02-10,82.95
10364,5292,2023-12-08,30.45
10365,16176,2024-09-08,30.45
10366,2245,2024-07-04,30.45
10367,7975,2023-12-02,30.45
10368,10412,2024-07-05,18.9
10369,8098,2024-07-07,208.95
10370,17252,2024-03-06,30.45
10371,14765,2024-08-04,30.45
10372,5881,2023-04-05,82.95
10373,4922,2024-11-04,30.45
10374,9173,2024-05-07,9.45
10375,865,2024-06-03,9.45
10376,6330,2024-08-01,9.45
10377,278,2024-12-07,9.45
10378,17327,2024-12-08,9.45
10379,2521,2023-08-02,9.45
10380,2932,2024-06-06,82.95
10381,12270,2024-04-09,9.45
10382,3156,2023-04-08,82.95
10383,4113,2024-08-08,82.95
10384,18730,2024-10-08,82.95
10385,2316,2023-11-04,82.95
10386,20038,2023-07-05,82.95
10387,20035,2023-04-10,82.95
10388,8598,2024-09-07,30.45
10389,277,2024-11-08,9.45
10390,5214,2023-11-05,9.45
10391,20034,2023-03-03,82.95
10392,8378,2024-03-03,30.45
10393,13344,2023-10-02,30.45
10394,5878,2024-10-11,30.45
10395,17383,2024-05-09,9.45
10396,669,2023-05-09,9.45
10397,2728,2024-02-08,9.45
10398,13890,2023-03-04,9.45
10399,20334,2024-02-03,30.45
10400,9156,2024-10-11,208.95
10401,9290,2023-09-07,30.45
10402,18047,2024-12-09,82.95
10403,19999,2024-08-06,30.45
10404,14813,2024-09-06,30.45
10405,16552,2023-04-10,9.45
10406,12327,2024-02-07,82.95
10407,11602,2024-03-10,9.45
10408,14672,2024-12-02,9.45
10409,5827,2023-05-07,9.45
10410,7812,2024-01-04,30.45
10411,52,2024-10-04,9.45
10412,1049,2023-12-06,208.95
10413,1864,2024-09-09,208.95
10414,12466,2024-04-06,30.45
10415,9420,2024-08-03,30.45
10416,11804,2024-11-10,9.45
10417,6635,2024-05-09,208.95
10418,4848,2024-12-04,9.45
10419,13125,2023-08-09,30.45
10420,15940,2024-05-03,9.45
10421,18208,2024-06-12,30.45
10422,19790,2024-12-04,9.45
10423,4820,2024-05-08,9.45
10424,8026,2024-06-12,82.95
10425,16473,2023-03-04,30.45
10426,5039,2023-06-03,82.95
10427,15866,2024-09-09,9.45
10428,19486,2024-09-04,9.45
10429,18284,2023-07-06,9.45
10430,6521,2024-08-05,30.45
10431,2821,2024-07-11,9.45
10432,17774,2024-02-02,82.95
10433,11897,2024-10-04,9.45
10434,6173,2023-11-08,82.95
10435,5016,2023-07-11,9.45
10436,10900,2024-10-08,208.95
10437,19009,2024-05-07,9.45
10438,1895,2024-05-11,30.45
10439,1320,2024-10-12,9.45
10440,4760,2024-06-02,208.95
10441,900204,2024-01-06,208.95
10442,15401,2024-05-07,30.45
10443,8169,2023-03-05,30.45
10444,15378,2024-05-01,9.45
10445,4335,2024-09-04,9.45
10446,8734,2024-02-01,82.95
10447,19279,2024-08-04,9.45
10448,9287,2023-06-07,30.45
10449,1,2023-11-09,30.45
10450,19732,2024-02-11,30.45
10451,17335,2023-11-07,30.45
10452,3469,2023-07-09,82.95
10453,13899,2023-12-09,9.45
10454,4744,2023-02-03,208.95
10455,4440,2023-09-03,208.95
10456,3747,2024-05-02,9.45
10457,13686,2024-12-09,9.45
10458,5497,2024-06-04,30.45
10459,1638,2023-11-10,9.45
10460,11093,2024-12-10,30.45
10461,5632,2023-05-04,30.45
10462,1622,2024-11-03,30.45
10463,3371,2024-08-09,9.45
10464,3514,2024-06-04,9.45
10465,9652,2023-03-08,9.45
10466,14190,2024-07-11,82.95
10467,13771,2023-12-11,30.45
10468,1324,2023-04-04,9.45
10469,13487,2024-08-07,9.45
10470,10901,2024-11-03,208.95
10471,9898,2024-06-11,9.45
10472,14178,,82.95
10473,7392,2024-06-12,9.45
10474,18116,2023-09-07,30.45
10475,186,2024-11-09,30.45
10476,13253,2024-09-04,208.95
10477,2447,2023-06-04,82.95
10478,19705,2023-12-03,9.45
10479,10918,2024-08-04,9.45
10480,5604,2024-09-10,9.45
10481,12253,2024-07-09,9.45
10482,7514,2024-12-05,9.45
10483,18468,2024-11-03,9.45
10484,16183,2023-07-04,82.95
10485,3353,2024-07-07,82.95
10486,10559,2023-10-04,82.95
10487,15813,2024-02-09,9.45
10488,4003,2024-10-11,30.45
10489,19197,2024-09-05,82.95
10490,7538,2024-02-06,30.45
10491,15748,2024-12-09,30.45
10492,5133,2024-04-06,208.95
10493,15206,2023-04-08,9.45
10494,19859,2023-10-08,30.45
10495,14596,2024-12-07,30.45
10496,14463,2024-07-08,82.95
10497,15671,2024-06-02,30.45
10498,10162,2024-08-05,82.95
10499,4697,2024-03-03,9.45
10500,19044,2024-10-07,82.95
10501,5608,2023-05-04,82.95
10502,3538,2023-08-06,82.95
10503,4808,2023-05-03,9.45
10504,14841,2024-10-03,9.45
10505,5599,2024-04-01,9.45
10506,2034,2024-03-05,9.45
10507,14768,2024-11-06,30.45
10508,11640,2023-10-10,9.45
10509,12171,2023-09-06,208.95
10510,7763,2024-02-08,82.95
10511,17280,2023-10-08,30.45
10512,1340,2024-08-01,9.45
10513,13721,2024-07-02,30.45
10514,361,2024-07-10,82.95
10515,9977,2023-09-03,30.45
10516,6843,,30.45
10517,16217,2024-05-07,9.45
10518,19554,2024-06-06,30.45
10519,15894,2023-01-03,30.45
10520,1447,2024-05-06,9.45
10521,11692,2024-06-07,9.45
10522,2330,2023-02-01,82.95
10523,3462,2024-07-09,9.45
10524,10438,2024-03-11,9.45
10525,14944,2024-09-05,9.45
10526,19710,2024-05-07,9.45
10527,9856,2023-05-08,208.95
10528,2435,2024-06-09,30.45
10529,8175,2023-09-08,30.45
10530,17516,2024-04-06,82.95
10531,7704,2023-10-02,30.45
10532,13052,2024-04-02,9.45
10533,4770,2024-09-10,82.95
10534,9550,2024-11-07,9.45
10535,16501,2024-05-09,82.95
10536,5951,2023-05-04,30.45
10537,12841,2024-01-03,9.45
10538,15840,2024-10-11,9.45
10539,2693,2024-12-09,30.45
10540,15362,2024-09-03,9.45
10541,6266,2024-02-10,30.45
10542,4201,2024-07-05,9.45
10543,17749,2023-11-10,9.45
10544,10618,2024-04-06,30.45
10545,16450,2023-11-05,82.95
10546,1000,2023-11-02,30.45
10547,17429,2023-09-11,9.45
10548,4681,2024-01-03,9.45
10549,1666,2024-01-09,208.95
10550,1237,2024-09-11,30.45
10551,7384,2023-10-10,9.45
10552,3443,2024-01-11,30.45
10553,10686,2024-12-04,9.45
10554,6740,2024-01-03,9.45
10555,3758,2024-08-09,30.45
10556,17373,2024-07-08,30.45
10557,11360,2023-10-02,82.95
10558,12592,2023-04-08,9.45
10559,1796,2024-08-02,82.95
10560,2191,2023-12-09,208.95
10561,2506,2024-04-05,9.45
10562,3404,2024-09-03,9.45
10563,12359,2024-12-01,82.95
10564,15544,2024-04-10,9.45
10565,14482,2024-05-02,30.45
10566,8376,2024-01-05,30.45
10567,20224,2024-11-01,9.45
10568,2105,2023-01-11,30.45
10569,11706,,9.45
10570,16850,2024-05-06,82.95
10571,13931,2024-11-04,82.95
10572,12142,2024-07-07,9.45
10573,17050,2024-02-04,30.45
10574,16150,2024-10-04,208.95
10575,17083,2023-05-01,208.95
10576,9414,2024-07-06,30.45
10577,13194,2023-09-05,82.95
10578,17657,2023-10-10,9.45
10579,11509,2024-01-05,30.45
10580,19800,2024-08-08,30.45
10581,5156,2024-09-06,9.45
10582,6615,2024-04-07,9.45
10583,9845,2024-02-10,82.95
10584,16253,2024-04-01,9.45
10585,3897,2024-12-05,9.45
10586,10086,2024-12-04,30.45
10587,11481,2024-03-01,30.45
10588,3964,2024-01-04,9.45
10589,3991,2024-12-09,82.95
10590,8049,2024-05-05,9.45
10591,8065,2024-06-02,9.45
10592,11496,2024-09-06,30.45
10593,12863,2024-07-05,82.95
10594,1736,2023-12-04,208.95
10595,6995,2024-08-05,9.45
10596,3564,2024-12-01,9.45
10597,9742,2024-05-06,82.95
10598,19135,2024-08-08,9.45
10599,4016,2024-07-11,208.95
10600,18621,2024-08-07,82.95
10601,11069,2024-10-11,9.45
10602,18816,2023-08-03,9.45
10603,19733,2024-03-12,30.45
10604,3939,2024-12-10,82.95
10605,17586,2024-01-06,9.45
10606,12580,2024-01-04,9.45
10607,4466,2024-03-10,9.45
10608,2752,2023-10-03,9.45
10609,13996,2023-06-08,9.45
10610,19282,2024-11-09,9.45
10611,5759,2024-10-09,30.45
10612,11380,2023-09-02,9.45
10613,10269,2024-11-11,9.45
10614,11862,2023-08-03,30.45
10615,16478,2023-08-12,30.45
10616,20500,2023-11-10,82.95
10617,13768,2024-10-01,9.45
10618,18742,2024-07-09,82.95
10619,15925,2024-10-08,82.95
10620,13292,2024-10-04,30.45
10621,19274,2024-03-05,9.45
10622,4342,2023-11-04,9.45
10623,4394,2023-10-07,9.45
10624,16603,2023-11-06,9.45
10625,8564,2024-10-07,9.45
10626,5892,2024-03-05,82.95
10627,10710,2023-12-09,82.95
10628,736,2023-02-05,30.45
10629,14734,2023-09-11,9.45
10630,19267,2024-07-09,30.45
10631,1451,2024-09-09,9.45
10632,6936,2024-03-10,9.45
10633,15234,2024-09-04,82.95
10634,18584,2024-09-04,30.45
10635,12257,2024-11-02,9.45
10636,10068,2024-11-10,82.95
10637,11354,2023-04-02,82.95
10638,10697,2024-02-10,9.45
10639,4049,2024-11-02,82.95
10640,3871,2024-07-01,82.95
10641,18659,2024-12-04,9.45
10642,19580,2023-05-03,30.45
10643,1762,2024-11-05,30.45
10644,10389,2023-11-02,30.45
10645,19793,2024-01-01,30.45
10646,18930,2023-09-02,9.45
10647,14903,2024-07-06,30.45
10648,354,2023-12-04,82.95
10649,12041,2024-05-10,9.45
10650,2707,2024-07-04,30.45
10651,9264,2024-03-12,82.95
10652,9316,2024-03-05,82.95
10653,4158,2024-05-09,30.45
10654,9645,2023-08-09,30.45
10655,569,2024-03-05,30.45
10656,18002,2023-09-08,82.95
10657,856,2024-12-07,30.45
10658,10220,2024-04-08,30.45
10659,9254,2023-05-04,82.95
10660,4526,2024-10-05,9.45
10661,18843,2024-10-07,9.45
10662,13201,2024-04-12,82.95
10663,12625,2023-11-04,30.45
10664,15495,2023-05-11,30.45
10665,5374,2023-07-10,30.45
10666,7646,2024-08-12,208.95
10667,16670,2024-06-05,30.45
10668,12493,2024-08-06,30.45
10669,2702,2024-11-04,82.95
10670,10483,2024-11-02,9.45
10671,8283,2024-08-04,82.95
10672,351,2024-05-06,30.45
10673,9142,2024-06-03,82.95
10674,4269,2024-01-11,82.95
10675,17533,2024-09-09,30.45
10676,18913,2024-12-10,30.45
10677,4070,2024-09-05,9.45
10678,3168,2024-07-10,82.95
10679,12976,2024-06-07,30.45
10680,18888,2023-10-01,9.45
10681,1400,2024-09-10,82.95
10682,5172,2024-08-07,208.95
10683,20383,2024-12-09,9.45
10684,12838,2023-10-05,9.45
10685,14318,2024-08-04,9.45
10686,13628,2024-06-01,208.95
10687,3522,2023-09-05,9.45
10688,3952,2024-07-09,82.95
10689,12130,2024-11-05,9.45
10690,12097,2024-01-10,30.45
10691,13893,2023-06-12,9.45
10692,8571,2024-02-07,208.95
10693,4413,2024-03-03,30.45
10694,6501,2024-08-04,82.95
10695,2207,2023-05-12,30.45
10696,6699,2024-09-04,9.45
10697,4383,2023-11-11,208.95
10698,576,2024-10-02,30.45
10699,16410,2024-07-03,9.45
10700,14887,2023-12-04,82.95
10701,1596,2024-04-07,82.95
10702,1702,2024-07-05,9.45
10703,17110,2023-11-08,30.45
10704,16936,2024-07-05,82.95
10705,6238,2024-02-04,30.45
10706,7558,2023-12-09,30.45
10707,467,2024-11-02,9.45
10708,498,2023-02-06,82.95
10709,16853,2024-08-06,82.95
10710,12649,2023-06-04,9.45
10711,20171,2023-05-07,9.45
10712,13740,2024-05-01,30.45
10713,9993,2023-11-04,208.95
10714,404,2023-08-02,9.45
10715,18148,2023-05-05,30.45
10716,19696,2024-08-07,208.95
10717,3699,2023-03-06,30.45
10718,902538,2024-06-03,9.45
10719,15913,2024-04-04,9.45
10720,14424,2023-11-05,30.45
10721,7411,2024-07-05,9.45
10722,4911,2023-12-10,30.45
10723,18053,2023-08-08,9.45
10724,9138,2024-02-10,82.95
10725,3099,2024-03-05,82.95
10726,3406,2024-11-07,9.45
10727,5285,2024-12-02,9.45
10728,8198,2024-07-09,30.45
10729,2831,2024-01-03,9.45
10730,12551,2023-06-05,82.95
10731,14037,2024-06-12,208.95
10732,20045,2024-02-07,82.95
10733,7871,2023-02-08,208.95
10734,20131,2024-06-11,82.95
10735,12189,2023-05-01,82.95
10736,7773,2024-12-11,82.95
10737,13519,2024-07-11,82.95
10738,13424,2023-11-06,82.95
10739,1814,2024-11-12,30.45
10740,14906,2024-10-11,30.45
10741,15850,2023-05-10,9.45
10742,15305,2024-03-09,82.95
10743,8398,2024-03-05,9.45
10744,993,2024-02-11,82.95
10745,4161,2024-08-09,30.45
10746,13784,2023-05-08,9.45
10747,9315,2024-02-11,82.95
10748,15937,2024-02-06,9.45
10749,9487,2024-08-05,9.45
10750,17972,2023-03-09,30.45
10751,4648,2024-06-04,30.45
10752,17802,2023-11-08,9.45
10753,6305,2024-02-11,30.45
10754,14379,2024-07-10,9.45
10755,17823,2024-07-03,9.45
10756,6037,2023-05-09,30.45
10757,9619,2024-10-09,30.45
10758,15482,2023-07-02,82.95
10759,12748,2024-11-09,208.95
10760,6716,2023-09-09,82.95
10761,8416,2023-10-03,82.95
10762,15556,,9.45
10763,6816,2023-03-08,9.45
10764,17842,2024-02-03,30.45
10765,15137,2023-10-03,30.45
10766,2359,2024-02-05,82.95
10767,14466,2024-10-06,82.95
10768,9669,2024-08-09,9.45
10769,12400,2024-07-11,417.9
10770,8341,2024-04-07,9.45
10771,9121,2024-09-10,30.45
10772,14829,2024-05-08,9.45
10773,3285,2023-11-03,30.45
10774,7543,2024-07-04,30.45
10775,3043,2024-07-07,30.45
10776,15501,2023-11-06,30.45
10777,7218,2024-11-10,30.45
10778,7552,2023-06-04,30.45
10779,17676,2024-09-06,30.45
10780,264,2023-10-01,9.45
10781,3125,2024-04-11,9.45
10782,5548,2024-09-01,9.45
10783,3139,2023-09-05,82.95
10784,7211,2024-04-07,30.45
10785,9770,2024-04-04,9.45
10786,6760,2024-03-04,82.95
10787,3623,2024-04-04,82.95
10788,19070,2024-07-01,208.95
10789,4540,2024-08-04,30.45
10790,6329,2024-07-07,9.45
10791,12906,2024-01-07,9.45
10792,18879,2024-02-04,82.95
10793,8201,2024-10-05,30.45
10794,1424,2023-06-06,30.45
10795,3018,2024-10-11,30.45
10796,14060,2023-05-08,9.45
10797,16969,2024-06-03,9.45
10798,1246,2024-06-07,9.45
10799,926,2023-12-08,82.95
10800,10103,2024-11-02,208.95
10801,6281,2023-10-03,30.45
10802,14685,2023-12-09,30.45
10803,20362,2024-04-08,9.45
10804,11677,2023-09-09,30.45
10805,18992,2024-09-07,9.45
10806,20365,2024-07-07,9.45
10807,5341,2024-05-12,30.45
10808,8147,2024-12-09,30.45
10809,12815,2024-07-11,60.9
10810,4617,2023-09-09,9.45
10811,12763,2024-09-03,9.45
10812,5981,2024-08-04,30.45
10813,8995,2023-09-05,30.45
10814,2468,2023-03-06,9.45
10815,10447,2024-12-11,9.45
10816,19060,2024-07-03,82.95
10817,20158,2024-03-03,30.45
10818,13304,2024-05-10,9.45
10819,8597,2024-08-06,30.45
10820,957,2024-02-09,9.45
10821,5882,2023-05-10,82.95
10822,18907,2024-06-02,30.45
10823,15661,2023-08-07,30.45
10824,17081,2024-12-04,9.45
10825,16105,2024-08-04,82.95
10826,9132,2024-06-07,9.45
10827,5753,2024-04-07,30.45
10828,380,2023-08-01,30.45
10829,16777,2024-11-03,82.95
10830,1972,2023-08-03,30.45
10831,8498,2023-10-05,82.95
10832,9916,2024-02-09,82.95
10833,3107,2024-11-09,82.95
10834,3877,2023-04-10,9.45
10835,5505,2024-09-03,9.45
10836,1185,2023-11-05,9.45
10837,641,2024-04-05,9.45
10838,20344,2024-12-01,30.45
10839,12994,2024-11-11,30.45
10840,1698,2024-03-10,9.45
10841,16023,2023-05-06,30.45
10842,17558,2023-06-05,30.45
10843,19541,2024-01-07,82.95
10844,9625,2024-04-08,9.45
10845,6240,2024-04-05,30.45
10846,18348,2023-04-02,9.45
10847,1870,2024-05-03,9.45
10848,2355,2023-10-09,82.95
10849,9157,2024-11-06,208.95
10850,19477,2024-09-07,208.95
10851,2660,2024-10-06,9.45
10852,8050,2024-06-12,9.45
10853,3515,2024-07-06,18.9
10854,5785,2023-10-09,82.95
10855,10842,2024-04-07,30.45
10856,4071,2024-10-11,9.45
10857,12226,2024-08-06,30.45
10858,7546,2024-10-02,30.45
10859,12641,2024-06-07,9.45
10860,2918,2024-08-09,82.95
10861,19777,2024-05-01,9.45
10862,190,2024-10-04,30.45
10863,10215,2023-11-05,30.45
10864,991,2023-12-11,82.95
10865,6512,2023-11-05,30.45
10866,13529,2024-11-02,30.45
10867,4929,2024-12-06,9.45
10868,3265,2024-04-04,9.45
10869,17747,2023-09-09,9.45
10870,5107,2024-08-09,9.45
10871,11971,2024-09-09,9.45
10872,1196,2024-10-06,9.45
10873,13308,2024-09-03,9.45
10874,14886,2023-11-03,82.95
10875,20225,2024-12-04,9.45
10876,2929,2024-03-01,82.95
10877,17407,2024-08-12,9.45
10878,19427,2024-12-01,9.45
10879,1834,2023-12-02,82.95
10880,13452,2024-05-06,9.45
10881,18819,2023-11-01,9.45
10882,17301,2024-07-01,208.95
10883,811,2024-10-01,9.45
10884,1811,2024-08-01,30.45
10885,7379,2024-10-08,30.45
10886,10001,2024-07-02,417.9
10887,13347,2024-01-02,30.45
10888,2989,2023-08-08,9.45
10889,18937,2024-04-08,9.45
10890,11423,2023-10-03,30.45
10891,4241,2024-06-03,9.45
10892,6077,2024-02-10,9.45
10893,4794,2024-08-10,9.45
10894,20144,2023-11-06,9.45
10895,14981,2023-12-02,9.45
10896,13272,2024-03-07,82.95
10897,19635,2024-03-07,208.95
10898,19915,2024-10-03,208.95
10899,13941,2024-06-07,30.45
10900,4628,2024-08-11,9.45
10901,3161,2023-09-07,82.95
10902,8192,2024-07-07,18.9
10903,20517,2024-09-06,9.45
10904,6227,2024-05-04,30.45
10905,5188,2023-09-10,30.45
10906,19924,2023-12-04,9.45
10907,13164,2024-07-12,82.95
10908,4300,2024-07-05,82.95
10909,6634,2024-04-10,208.95
10910,10305,2024-05-12,9.45
10911,17521,2024-02-08,9.45
10912,2092,2024-10-03,82.95
10913,13685,2024-11-05,9.45
10914,13404,2024-02-03,208.95
10915,12199,2024-03-02,82.95
10916,3430,,9.45
10917,4374,2024-11-04,82.95
10918,10943,2024-06-11,30.45
10919,10810,2024-04-02,9.45
10920,14222,2024-02-12,30.45
10921,18513,2023-09-06,30.45
10922,4975,2024-03-07,9.45
10923,6925,2024-12-10,9.45
10924,16898,2023-02-03,30.45
10925,15395,2024-08-10,9.45
10926,6387,2024-08-08,9.45
10927,6621,2024-10-06,9.45
10928,6026,2024-03-03,30.45
10929,20012,2024-11-11,30.45
10930,1937,2024-11-02,9.45
10931,11462,2024-03-08,9.45
10932,3017,2024-09-03,30.45
10933,10864,2023-12-01,82.95
10934,12387,2024-09-01,9.45
10935,16236,2024-04-06,9.45
10936,19641,2024-09-03,208.95
10937,129,2023-12-01,30.45
10938,3687,2024-02-04,9.45
10939,15961,2023-12-07,9.45
10940,7644,2024-06-11,208.95
10941,725,2024-01-09,208.95
10942,3204,2024-05-05,30.45
10943,15555,2023-09-04,9.45
10944,16720,2024-07-08,165.9
10945,4595,2024-09-03,9.45
10946,4561,2023-07-02,82.95
10947,1531,2024-02-11,82.95
10948,10489,2024-08-09,30.45
10949,2474,2023-09-05,9.45
10950,4299,2024-06-11,82.95
10951,4195,2024-01-01,9.45
10952,20183,2024-02-12,9.45
10953,3218,2024-04-07,9.45
10954,5721,2023-02-05,9.45
10955,6855,,82.95
10956,14162,2024-06-03,9.45
10957,19581,2023-06-05,30.45
10958,2461,2024-08-05,82.95
10959,10960,2024-07-09,82.95
10960,10517,2024-08-10,30.45
10961,8938,2024-08-12,9.45
10962,18561,2024-12-05,82.95
10963,16624,2024-03-03,9.45
10964,12850,2024-10-05,9.45
10965,8855,2023-03-02,9.45
10966,15487,2023-05-06,30.45
10967,19601,2024-08-11,9.45
10968,17921,2024-09-10,506.63
10969,1791,2024-03-11,82.95
10970,14576,2024-03-08,30.45
10971,5519,2024-02-05,208.95
10972,17419,2023-11-10,9.45
10973,3163,2023-11-06,82.95
10974,6807,2024-04-03,82.95
10975,13867,2024-05-02,9.45
10976,11039,2024-03-08,208.95
10977,9418,2024-11-07,30.45
10978,18861,2024-08-03,30.45
10979,2770,2024-04-12,82.95
10980,19389,2023-06-06,30.45
10981,15240,2024-03-04,30.45
10982,13798,2024-07-11,9.45
10983,8233,2024-10-02,82.95
10984,20340,2024-08-06,30.45
10985,5444,2023-07-28,82.95
10986,19288,2024-05-08,9.45
10987,3006,2023-10-06,30.45
10988,7075,2024-12-10,9.45
10989,20164,2024-09-06,30.45
10990,18611,2023-10-08,82.95
10991,2954,2024-12-11,9.45
10992,15380,2024-07-02,9.45
10993,8359,2024-02-02,9.45
10994,13035,2024-04-07,30.45
10995,4717,2024-02-12,30.45
10996,3198,2023-11-07,30.45
10997,3170,,82.95
10998,7868,2024-11-05,9.45
10999,19853,2024-09-02,9.45
11000,17988,2024-07-02,30.45
11001,18662,2024-08-05,9.45
11002,9023,2023-11-04,9.45
11003,10910,2023-12-12,9.45
11004,17052,2024-04-11,30.45
11005,18041,2024-06-12,82.95
11006,13001,2024-09-08,9.45
11007,345,2023-11-07,30.45
11008,16487,2024-05-05,30.45
11009,12103,2024-07-04,30.45
11010,20206,2024-04-08,9.45
11011,10511,2024-02-12,30.45
11012,15369,2023-08-09,109.18
11013,20351,2024-12-01,82.95
11014,8202,2024-11-08,30.45
11015,11713,2024-05-07,9.45
11016,15535,2023-09-10,9.45
11017,10574,,9.45
11018,10727,2024-10-07,9.45
11019,7603,2024-12-10,30.45
11020,12840,2023-12-03,9.45
11021,1062,2024-02-05,30.45
11022,10828,2023-11-09,30.45
11023,13412,2024-10-08,208.95
11024,6067,2024-01-10,30.45
11025,3066,2023-04-03,30.45
11026,525,2023-05-09,30.45
11027,11629,2024-06-09,208.95
11028,19024,2024-01-06,9.45
11029,18775,2023-04-07,9.45
11030,1517,2024-08-05,9.45
11031,6601,2024-12-07,9.45
11032,15518,2024-05-03,82.95
11033,16929,2024-11-07,30.45
11034,11847,2023-11-06,9.45
11035,260,2023-06-05,9.45
11036,5757,2024-08-11,30.45
11037,16677,2023-10-08,208.95
11038,9537,2024-05-04,30.45
11039,17961,2024-03-10,30.45
11040,17267,2024-04-05,30.45
11041,1072,2024-12-08,30.45
11042,13285,2024-03-09,30.45
11043,785,2023-08-06,30.45
11044,12812,2024-04-06,30.45
11045,7413,2024-09-11,9.45
11046,14261,2024-10-04,30.45
11047,4108,2024-03-10,82.95
11048,1417,2024-10-07,9.45
11049,14935,2023-12-04,9.45
11050,20438,2023-12-09,9.45
11051,6684,2023-06-06,9.45
11052,10430,2024-12-07,9.45
11053,9288,2023-07-02,30.45
11054,2562,2024-07-07,9.45
11055,16297,2023-11-11,9.45
11056,6398,2024-04-09,82.95
11057,13881,2024-06-04,82.95
11058,13120,2024-11-10,208.95
11059,14801,2023-09-03,30.45
11060,3083,2024-09-06,30.45
11061,4667,2024-06-03,9.45
11062,18062,2023-03-10,30.45
11063,13077,2024-11-03,30.45
11064,9592,2024-05-06,30.45
11065,15260,2024-02-06,82.95
11066,693,2024-08-11,9.45
11067,10096,2024-12-10,9.45
11068,10339,2024-06-01,9.45
11069,16505,2024-09-07,82.95
11070,16025,2023-07-06,30.45
11071,647,2024-10-11,9.45
11072,7889,2024-08-05,208.95
11073,3318,2024-08-11,9.45
11074,15592,2023-12-04,82.95
11075,13643,2024-11-11,9.45
11076,10025,2023-09-09,9.45
11077,3339,2024-02-04,30.45
11078,1849,2024-03-07,30.45
11079,18210,2024-08-02,30.45
11080,12678,2023-11-04,30.45
11081,9590,2023-12-09,30.45
11082,19470,2024-02-08,208.95
11083,5522,2024-05-09,208.95
11084,9697,2023-10-10,82.95
11085,2402,2023-08-08,82.95
11086,10678,2024-04-01,9.45
11087,12533,2024-10-04,30.45
11088,10894,2024-04-02,208.95
11089,8540,2024-11-02,30.45
11090,19767,2023-07-10,9.45
11091,1112,2023-09-09,30.45
11092,17672,2024-05-10,30.45
11093,10854,2024-11-03,30.45
11094,267,2024-01-06,9.45
11095,11121,2024-07-07,82.95
11096,15966,2024-05-02,9.45
11097,7578,2024-03-04,9.45
11098,12814,2024-06-10,30.45
11099,17545,2024-02-11,30.45
11100,3308,2024-06-03,9.45
11101,7848,2024-09-03,82.95
11102,3760,2024-10-04,30.45
11103,17129,2024-08-08,30.45
11104,8532,2024-10-04,82.95
11105,5284,2024-11-08,9.45
11106,5,2024-03-09,30.45
11107,5600,2024-05-03,9.45
11108,12372,2023-12-11,9.45
11109,16041,2024-11-02,30.45
11110,11349,2024-10-04,30.45
11111,10158,2024-04-06,82.95
11112,17602,2023-12-11,208.95
11113,2069,2024-12-11,9.45
11114,17143,2024-08-10,30.45
11115,11446,2024-06-03,30.45
11116,11995,2024-05-08,9.45
11117,394,2024-10-03,30.45
11118,18739,2024-12-07,208.95
11119,19685,2023-09-03,208.95
11120,13866,2024-04-07,9.45
11121,2591,2024-06-09,9.45
11122,16352,2024-01-02,82.95
11123,13358,,30.45
11124,7525,2024-01-04,9.45
11125,151,2023-06-05,9.45
11126,13987,2025-02-19,9.45
11127,19104,2023-12-04,30.45
11128,12246,2023-12-05,9.45
11129,3478,2024-04-07,82.95
11130,1604,2024-12-02,82.95
11131,10302,2024-10-05,9.45
11132,8332,2023-07-07,9.45
11133,6389,2024-10-11,9.45
11134,4555,2024-08-08,30.45
11135,5383,2024-04-06,30.45
11136,55,2024-06-02,9.45
11137,11902,2024-03-03,208.95
11138,19310,2023-06-08,30.45
11139,2779,2023-05-03,208.95
11140,16786,2024-01-06,9.45
11141,3852,2024-08-06,9.45
11142,18426,2023-09-09,9.45
11143,14175,2023-10-04,82.95
11144,11659,2024-11-07,30.45
11145,20244,2024-05-09,82.95
11146,13361,2023-10-08,9.45
11147,20448,2024-10-10,9.45
11148,4705,2024-07-08,30.45
11149,4028,2024-10-07,208.95
11150,11211,2024-09-05,30.45
11151,17416,2023-08-05,9.45
11152,14479,2024-02-07,30.45
11153,14182,2024-05-04,82.95
11154,4753,2023-11-06,208.95
11155,15739,2024-11-04,82.95
11156,19209,2024-12-06,30.45
11157,4472,2024-09-03,9.45
11158,6374,2024-12-25,82.95
11159,18645,2024-11-08,82.95
11160,18781,2023-10-05,9.45
11161,8543,2024-06-12,9.45
11162,19391,2023-08-03,30.45
11163,17058,2024-10-07,30.45
11164,6834,2024-04-03,9.45
11165,4267,,82.95
11166,5498,2024-07-01,30.45
11167,13007,2024-01-11,9.45
11168,20124,2023-11-07,82.95
11169,4280,2024-12-05,82.95
11170,19979,2024-07-09,30.45
11171,13276,2024-07-06,82.95
11172,1897,2024-07-08,30.45
11173,15504,2024-02-05,30.45
11174,8705,2024-10-03,9.45
11175,8150,2024-07-11,30.45
11176,4872,2024-09-06,9.45
11177,7682,2024-06-10,9.45
11178,4755,2024-01-09,208.95
11179,5712,2024-04-09,82.95
11180,2484,2024-02-02,9.45
11181,11738,2024-12-04,9.45
11182,16820,2024-06-07,82.95
11183,950,2023-07-03,9.45
11184,430,2023-12-05,199.27
11185,9376,2023-08-04,9.45
11186,15620,2023-03-04,30.45
11187,1443,2024-01-03,9.45
11188,14291,2024-08-07,9.45
11189,11870,2024-04-06,30.45
11190,13268,2024-05-03,9.45
11191,3295,2024-09-11,30.45
11192,20491,2024-12-06,208.95
11193,4640,2024-10-09,9.45
11194,4268,2023-12-02,82.95
11195,16708,2024-03-09,208.95
11196,5571,2024-11-03,208.95
11197,6121,2024-01-04,82.95
11198,17816,2024-08-05,30.45
11199,6908,2024-08-03,9.45
11200,18547,2023-10-04,82.95
11201,4823,2024-08-05,9.45
11202,3282,2024-12-04,9.45
11203,4020,2024-11-03,208.95
11204,18543,2023-06-08,82.95
11205,2826,2024-12-11,9.45
11206,18387,2024-08-09,30.45
11207,2260,2024-06-10,30.45
11208,1201,2023-09-11,82.95
11209,16126,2024-08-09,30.45
11210,6828,2023-10-05,9.45
11211,8495,2023-07-04,82.95
11212,5736,2024-05-11,9.45
11213,11536,2023-02-07,9.45
11214,12685,2024-06-12,30.45
11215,14764,2024-07-09,30.45
11216,19923,2023-11-10,9.45
11217,15171,2024-08-09,208.95
11218,13815,2024-07-09,9.45
11219,8005,2023-09-05,208.95
11220,8487,2024-08-07,9.45
11221,20233,2024-04-01,208.95
11222,12509,2024-03-10,9.45
11223,6420,2024-11-04,82.95
11224,10654,2024-12-05,9.45
11225,15562,2024-04-11,9.45
11226,914,2024-11-01,9.45
11227,10602,2023-09-02,30.45
11228,3007,2023-11-06,30.45
11229,12912,2024-07-02,9.45
11230,8912,2024-11-02,208.95
11231,7561,2024-03-08,30.45
11232,16482,2023-12-06,30.45
11233,17696,2024-05-01,30.45
11234,15453,2023-08-09,9.45
11235,3196,2024-12-03,9.45
11236,18854,2024-07-03,30.45
11237,4641,2024-11-07,9.45
11238,5875,2024-07-10,30.45
11239,18144,2024-10-03,30.45
11240,3413,2024-07-04,9.45
11241,18617,2024-04-08,82.95
11242,10396,2024-06-08,30.45
11243,19877,2024-08-09,9.45
11244,8391,2023-08-01,9.45
11245,5328,2024-06-07,82.95
11246,19636,2024-04-07,208.95
11247,20036,2023-05-02,82.95
11248,14822,2023-10-01,9.45
11249,17003,2023-07-03,82.95
11250,4412,2024-02-08,30.45
11251,1370,2023-10-06,30.45
11252,11420,2024-10-03,9.45
11253,14052,2024-07-08,9.45
11254,4123,2024-08-10,82.95
11255,533,2024-01-01,30.45
11256,7765,2024-04-11,82.95
11257,16737,2024-04-06,9.45
11258,3731,2024-11-08,82.95
11259,17715,2024-07-09,30.45
11260,14545,2023-10-05,9.45
11261,11369,2024-07-10,165.9
11262,9034,2024-10-04,9.45
11263,7727,2024-10-04,9.45
11264,16449,2023-10-07,82.95
11265,7772,2024-11-04,82.95
11266,19663,2023-09-03,9.45
11267,9449,2024-02-07,9.45
11268,3127,2024-06-08,9.45
11269,5633,2023-06-04,30.45
11270,9594,2024-04-07,30.45
11271,3905,2023-09-09,9.45
11272,12338,2023-03-11,82.95
11273,19037,2024-03-09,82.95
11274,14687,2024-02-07,30.45
11275,6565,2023-07-01,30.45
11276,8536,2024-07-01,60.9
11277,13024,2024-02-07,9.45
11278,8149,2024-06-08,30.45
11279,3456,2024-01-04,9.45
11280,2575,2023-02-06,9.45
11281,6772,2023-04-06,30.45
11282,11953,2024-08-08,9.45
11283,3405,2024-10-06,9.45
11284,14684,2024-12-10,9.45
11285,1911,2023-11-10,208.95
11286,15552,,9.45
11287,2366,2024-09-06,82.95
11288,7448,2024-10-09,30.45
11289,13698,2024-12-04,9.45
11290,6352,2024-09-11,9.45
11291,7902,2023-12-11,82.95
11292,5756,2024-07-02,30.45
11293,10007,2024-03-08,9.45
11294,7658,2023-09-02,9.45
11295,13436,2024-11-07,82.95
11296,20299,2023-12-05,9.45
11297,3862,2023-10-12,82.95
11298,1249,2024-09-07,9.45
11299,19482,2024-05-06,9.45
11300,18928,2023-07-06,9.45
11301,15989,2024-06-05,9.45
11302,5032,2024-11-06,9.45
11303,4187,2024-11-04,9.45
11304,17539,2023-08-08,30.45
11305,2791,2024-05-10,208.95
11306,5649,2024-10-07,30.45
11307,3272,2024-11-10,9.45
11308,11061,2024-02-10,9.45
11309,2819,2024-05-11,9.45
11310,10371,2024-01-10,9.45
11311,14395,2024-08-10,208.95
11312,15069,2023-05-06,9.45
11313,502,2023-06-09,82.95
11314,8992,2024-11-04,82.95
11315,3737,2023-07-04,9.45
11316,7750,2024-06-11,9.45
11317,5920,2023-11-02,82.95
11318,4833,2023-09-06,9.45
11319,14984,,9.45
11320,15538,2023-10-05,9.45
11321,6488,2024-10-07,9.45
11322,2708,2024-08-05,30.45
11323,19108,2024-04-01,30.45
11324,7453,2024-09-07,208.95
11325,11079,2024-12-04,208.95
11326,14595,2024-11-07,30.45
11327,11986,2023-08-06,9.45
11328,12128,2024-09-07,9.45
11329,3077,2024-03-06,30.45
11330,4766,2024-12-03,208.95
11331,17542,2023-11-12,30.45
11332,7681,2024-05-05,9.45
11333,4191,2024-09-05,30.45
11334,17039,2024-08-04,9.45
11335,3629,2024-10-02,82.95
11336,9281,2024-07-06,9.45
11337,2733,2024-07-09,9.45
11338,1074,2023-03-07,9.45
11339,3086,2024-12-06,30.45
11340,17907,2024-10-07,30.45
11341,88,2023-07-10,9.45
11342,17654,2023-07-05,9.45
11343,8444,2024-06-03,30.45
11344,13751,2023-05-04,9.45
11345,9760,2023-05-08,9.45
11346,6090,2024-09-02,30.45
11347,18364,2024-08-06,9.45
11348,16493,2024-11-09,30.45
11349,6710,2024-07-08,417.9
11350,7623,2024-05-09,9.45
11351,40,2024-08-09,82.95
11352,20128,2024-03-02,82.95
11353,19032,2024-09-09,9.45
11354,7637,2024-06-03,9.45
11355,17067,2023-10-05,9.45
11356,17725,2023-11-12,9.45
11357,15734,2024-06-03,82.95
11358,19199,2024-11-06,82.95
11359,8470,2024-08-05,30.45
11360,15900,2023-09-01,30.45
11361,900,2023-09-01,9.45
11362,16897,2023-01-08,30.45
11363,7227,2023-08-10,30.45
11364,4733,2024-02-05,9.45
11365,4578,2024-12-03,82.95
11366,13972,2023-08-11,9.45
11367,14048,2024-03-02,9.45
11368,7709,2024-03-11,30.45
11369,16934,2024-05-04,82.95
11370,5726,2023-07-07,9.45
11371,3944,2023-11-08,82.95
11372,16909,2024-01-12,30.45
11373,4450,2024-07-12,208.95
11374,4226,2024-10-02,30.45
11375,9795,2024-05-05,30.45
11376,10303,2024-11-10,9.45
11377,7588,2023-09-08,30.45
11378,5365,2024-05-08,82.95
11379,4746,2023-04-04,208.95
11380,596,2024-03-08,30.45
11381,3683,2023-10-03,9.45
11382,11864,2024-01-14,30.45
11383,16914,2024-06-08,30.45
11384,4377,2023-05-05,208.95
11385,9337,2024-04-07,9.45
11386,9689,2023-02-01,82.95
11387,7246,2024-10-04,9.45
11388,14429,2024-04-06,30.45
11389,17175,2024-05-04,9.45
11390,18190,2023-11-10,9.45
11391,16483,2024-01-03,30.45
11392,7358,2024-10-09,82.95
11393,3923,2024-01-02,30.45
11394,14296,2024-01-11,30.45
11395,16612,2024-08-03,9.45
11396,11272,2023-10-04,9.45
11397,7134,2023-12-06,9.45
11398,18077,2024-06-07,30.45
11399,13153,2023-08-07,82.95
11400,10767,2024-06-05,9.45
11401,1982,2024-06-11,30.45
11402,19249,2024-11-09,9.45
11403,5001,2024-02-04,30.45
11404,7869,2024-12-04,109.05
11405,9298,2024-05-06,30.45
11406,7204,2024-11-09,30.45
11407,17417,2023-09-03,9.45
11408,5082,2024-06-02,9.45
11409,18444,2024-06-08,9.45
11410,8818,2024-12-08,9.45
11411,20095,2024-08-08,30.45
11412,6306,2024-03-07,30.45
11413,4487,2024-08-10,208.95
11414,6879,2023-04-07,82.95
11415,4730,2023-11-02,9.45
11416,210,2024-07-10,208.95
11417,2985,2024-09-04,82.95
11418,11633,2024-10-10,208.95
11419,14726,2024-08-05,9.45
11420,17528,2024-09-02,9.45
11421,9971,2024-07-09,9.45
11422,4492,2023-12-07,9.45
11423,19370,2024-05-09,82.95
11424,816,2023-09-01,30.45
11425,1073,2023-02-10,9.45
11426,4782,2023-08-10,9.45
11427,10768,2024-07-04,9.45
11428,1794,2024-06-12,82.95
11429,19088,2024-05-09,82.95
11430,20425,2024-06-10,9.45
11431,7613,2024-06-01,9.45
11432,3765,2024-02-08,9.45
11433,13089,2024-01-09,9.45
11434,15265,2024-10-18,165.9
11435,10475,2024-03-10,9.45
11436,15536,2023-08-12,9.45
11437,1757,2024-06-03,30.45
11438,4935,2024-07-06,30.45
11439,1378,2024-02-01,30.45
11440,7951,2023-06-03,30.45
11441,20100,2023-03-02,208.95
11442,13302,2024-03-12,9.45
11443,2473,2023-08-06,9.45
11444,15519,2024-06-08,82.95
11445,3524,2023-11-09,9.45
11446,5727,2023-08-04,9.45
11447,12231,2024-04-10,30.45
11448,15979,2023-08-12,9.45
11449,10476,2024-04-10,9.45
11450,1817,2024-01-11,30.45
11451,8390,2024-02-09,208.95
11452,4678,2023-10-06,9.45
11453,15705,2024-04-12,30.45
11454,20484,2024-09-06,30.45
11455,1799,2024-11-11,82.95
11456,12680,2024-01-10,30.45
11457,19708,2024-03-05,9.45
11458,183,2024-08-09,30.45
11459,3208,2024-09-04,30.45
11460,7516,2023-04-06,9.45
11461,9831,2024-12-10,9.45
11462,5254,2024-08-12,30.45
11463,4830,2023-06-06,9.45
11464,16727,2023-06-03,9.45
11465,5187,2024-12-04,9.45
11466,1345,2024-01-06,208.95
11467,6566,2023-08-08,30.45
11468,11781,2024-08-07,9.45
11469,7492,2024-10-02,30.45
11470,19474,2024-06-03,208.95
11471,6484,2024-06-11,9.45
11472,8614,2024-10-03,9.45
11473,7616,2024-09-10,9.45
11474,961,2024-06-06,9.45
11475,5134,2024-05-06,208.95
11476,12242,2023-08-09,9.45
11477,4396,2023-12-10,9.45
11478,3811,2024-04-11,82.95
11479,6882,2023-07-03,82.95
11480,13311,2024-12-06,9.45
11481,11871,2024-05-03,30.45
11482,3986,2024-12-02,9.45
11483,3034,2024-08-03,30.45
11484,20453,2023-09-04,9.45
11485,1356,2024-12-05,208.95
11486,12479,2024-01-05,9.45
11487,5803,2024-04-11,9.45
11488,19327,2024-11-06,30.45
11489,16728,2023-07-04,9.45
11490,4734,2024-03-03,9.45
11491,13738,2024-03-05,30.45
11492,19618,2024-03-06,9.45
11493,5243,2024-04-04,9.45
11494,14773,2023-04-02,208.95
11495,19475,2024-07-02,208.95
11496,18923,2024-09-10,30.45
11497,11300,2024-09-07,9.45
11498,7738,2023-06-03,9.45
11499,13353,2024-07-06,60.9
11500,10013,2024-09-12,9.45
11501,15022,2024-10-10,82.95
11502,3847,2024-03-09,9.45
11503,12813,,30.45
11504,14371,2024-08-12,82.95
11505,13181,2024-03-01,9.45
11506,12101,2024-05-02,30.45
11507,15935,2023-12-07,9.45
11508,742,2023-08-05,30.45
11509,7651,2023-02-01,9.45
11510,2051,2023-06-04,9.45
11511,6706,2024-10-03,30.45
11512,14307,2024-12-06,30.45
11513,5546,2024-07-03,9.45
11514,20069,2024-06-02,30.45
11515,527,2023-07-06,30.45
11516,2467,2023-02-08,92.78
11517,2923,2023-09-10,82.95
11518,15033,2024-11-11,30.45
11519,5627,2024-12-10,82.95
11520,1610,2023-11-10,30.45
11521,13456,2024-09-04,9.45
11522,6983,2024-05-01,82.95
11523,724,2023-12-03,208.95
11524,3801,2023-06-07,82.95
11525,3768,2024-05-05,9.45
11526,8714,2024-01-07,9.45
11527,1415,2024-08-06,9.45
11528,18006,2024-01-06,82.95
11529,6224,2024-02-07,30.45
11530,1516,2024-10-19,9.45
11531,15298,2023-08-10,82.95
11532,20123,2023-10-05,82.95
11533,18956,2024-04-02,30.45
11534,14518,2024-10-11,82.95
11535,19216,2024-02-04,82.95
11536,4137,2024-07-08,82.95
11537,1809,2024-06-07,30.45
11538,15648,2024-05-10,9.45
11539,16618,2023-09-07,9.45
11540,462,2024-06-09,9.45
11541,4180,,9.45
11542,16282,2023-12-06,9.45
11543,14295,2024-12-04,9.45
11544,10940,2024-12-10,82.95
11545,17660,2024-01-11,9.45
11546,20325,2024-09-10,30.45
11547,7685,2024-09-03,9.45
11548,3304,2024-10-06,30.45
11549,3132,2024-11-02,9.45
11550,16973,2024-10-03,9.45
11551,18155,2023-12-12,30.45
11552,19113,2024-09-04,30.45
11553,17276,2023-06-10,30.45
11554,10593,2024-09-07,9.45
11555,4816,2024-01-09,9.45
11556,20049,2024-06-05,82.95
11557,12604,2024-04-07,9.45
11558,8738,2024-06-10,82.95
11559,15174,2024-11-09,208.95
11560,17466,2024-07-04,18.9
11561,18647,2023-12-03,9.45
11562,9020,2024-10-07,9.45
11563,13934,2023-11-09,30.45
11564,17152,2024-07-12,208.95
11565,9579,2023-11-12,82.95
11566,4909,2023-10-02,30.45
11567,17243,2024-12-05,82.95
11568,10624,2024-10-05,30.45
11569,19347,2023-07-08,30.45
11570,17756,2024-06-05,9.45
11571,11179,2023-06-05,82.95
11572,9560,2023-09-08,30.45
11573,388,2024-04-02,30.45
11574,14917,2024-02-06,9.45
11575,1111,2023-08-02,30.45
11576,9352,2024-07-05,18.9
11577,6108,2024-08-01,9.45
11578,16746,2023-12-01,9.45
11579,18542,2024-12-12,9.45
11580,1908,2023-08-02,208.95
11581,17700,2024-09-02,30.45
11582,12230,2024-12-04,30.45
11583,13432,2024-07-07,82.95
11584,1532,2024-03-09,82.95
11585,16463,2024-03-02,9.45
11586,17932,2024-10-10,9.45
11587,10909,2023-11-03,9.45
11588,8348,2024-11-05,9.45
11589,16510,2024-04-04,208.95
11590,4974,2024-02-10,9.45
11591,15168,2024-05-04,208.95
11592,15829,2023-11-10,9.45
11593,5205,2023-02-10,9.45
11594,3039,2024-03-09,30.45
11595,5964,2024-06-04,30.45
11596,5682,2024-05-07,30.45
11597,14863,2023-07-09,9.45
11598,10405,2023-12-09,9.45
11599,19111,2024-07-08,30.45
11600,12361,2024-06-04,30.45
11601,20059,2024-06-05,30.45
11602,19683,2023-07-05,208.95
11603,5287,2023-07-06,30.45
11604,13490,2024-11-05,9.45
11605,10028,2023-12-06,9.45
11606,564,2024-10-05,82.95
11607,14873,2024-05-08,9.45
11608,13856,2023-05-09,30.45
11609,10123,2024-12-11,9.45
11610,9555,2023-04-02,30.45
11611,17555,2024-12-10,30.45
11612,5707,2023-11-09,82.95
11613,19338,2024-05-04,9.45
11614,8056,2024-12-09,9.45
11615,6718,2023-11-03,82.95
11616,11410,2023-12-08,9.45
11617,8123,2024-06-03,30.45
11618,7816,2024-05-08,30.45
11619,11470,2024-11-07,9.45
11620,16138,2023-10-07,208.95
11621,494,2024-10-06,9.45
11622,12384,2024-12-03,9.45
11623,9425,2024-05-03,208.95
11624,13450,2024-03-08,9.45
11625,18981,2024-08-04,82.95
11626,4904,2023-05-11,30.45
11627,1445,2024-03-02,9.45
11628,14671,2024-11-08,9.45
11629,6086,2024-12-18,9.45
11630,19315,2023-11-10,30.45
11631,5883,2023-06-04,82.95
11632,16425,2024-05-10,9.45
11633,18696,2024-10-10,208.95
11634,3071,2023-09-05,30.45
11635,16972,2024-09-03,9.45
11636,15010,2024-06-12,9.45
11637,19112,2024-08-05,30.45
11638,192,2024-12-09,30.45
11639,6698,2024-08-07,9.45
11640,18982,2024-09-03,82.95
11641,7735,2024-11-10,30.45
11642,13034,2024-12-04,9.45
11643,13781,2024-10-01,30.45
11644,18701,2023-03-03,30.45
11645,6450,,30.45
11646,18926,2024-12-06,30.45
11647,2928,2024-02-04,82.95
11648,5517,2023-12-10,208.95
11649,6050,2024-06-10,30.45
11650,19925,2024-01-11,9.45
11651,10434,2023-11-09,9.45
11652,9732,2024-09-07,30.45
11653,3738,2023-08-03,9.45
11654,13914,2023-12-04,30.45
11655,13554,2024-05-08,9.45
11656,19798,2024-06-03,30.45
11657,8577,2024-08-07,208.95
11658,19868,2024-07-05,30.45
11659,5472,2023-12-04,9.45
11660,8371,2023-08-02,30.45
11661,11307,2023-08-09,9.45
11662,13405,2024-03-03,208.95
11663,3662,2023-11-10,30.45
11664,18202,2023-12-10,30.45
11665,3297,2024-11-01,30.45
11666,1884,2023-06-08,30.45
11667,3828,2023-09-08,9.45
11668,9459,2024-12-05,9.45
11669,134,2024-05-05,30.45
11670,6590,2024-01-01,9.45
11671,5857,2024-04-03,30.45
11672,8170,2023-04-04,30.45
11673,4917,2024-06-07,30.45
11674,8887,2024-06-05,30.45
11675,3009,2024-01-06,30.45
11676,12764,2024-10-03,9.45
11677,10730,2024-08-07,9.45
11678,2325,2024-08-09,82.95
11679,14894,2024-07-03,82.95
11680,15237,2024-12-08,82.95
11681,9386,2024-06-08,9.45
11682,7874,2023-05-09,208.95
11683,4046,2024-08-06,82.95
11684,7990,2023-09-04,82.95
11685,19124,2023-09-09,9.45
11686,16089,2024-04-04,82.95
11687,3361,2024-05-09,9.45
11688,14345,2024-04-08,82.95
11689,9507,2023-11-12,208.95
11690,250,2024-05-09,208.95
11691,635,2023-08-03,30.45
11692,3968,2024-05-07,9.45
11693,18456,2024-05-11,30.45
11694,18558,2024-09-07,82.95
11695,1494,2024-08-07,9.45
11696,150,2024-12-06,9.45
11697,4435,2024-08-02,82.95
11698,12738,2024-06-04,208.95
11699,6165,2023-03-05,82.95
11700,3337,2024-11-03,9.45
11701,17573,2024-09-09,30.45
11702,696,2024-11-07,9.45
11703,7900,2023-10-11,82.95
11704,12266,2024-10-06,82.95
11705,11088,2024-07-09,30.45
11706,8392,2023-09-03,9.45
11707,13421,2024-12-05,82.95
11708,15030,2024-08-06,30.45
11709,4057,2024-06-10,82.95
11710,2614,2023-12-02,9.45
11711,3079,2024-05-08,30.45
11712,15384,2024-11-04,9.45
11713,13954,2024-02-07,9.45
11714,792,2024-03-09,30.45
11715,20135,2024-10-12,82.95
11716,15225,2024-11-09,9.45
11717,8744,2024-12-09,82.95
11718,10059,2024-02-10,82.95
11719,3223,2024-09-07,9.45
11720,15127,2023-08-04,9.45
11721,11475,2023-09-02,30.45
11722,16368,2023-07-03,208.95
11723,2093,2024-11-07,82.95
11724,8448,2024-10-02,30.45
11725,4013,2024-04-02,208.95
11726,17174,2024-04-02,9.45
11727,18803,2024-06-09,30.45
11728,2479,2023-09-11,9.45
11729,5175,2024-11-09,208.95
11730,15872,2024-09-05,82.95
11731,18386,2024-07-04,60.9
11732,15083,2024-07-06,9.45
11733,2101,2024-09-05,9.45
11734,4661,2023-12-04,9.45
11735,11094,2023-02-04,9.45
11736,11748,2024-11-08,9.45
11737,870,2024-11-08,9.45
11738,10287,2024-11-11,9.45
11739,17821,2024-05-06,9.45
11740,958,2024-03-05,9.45
11741,6485,2024-07-06,9.45
11742,16119,2024-08-02,30.45
11743,19675,2024-09-09,9.45
11744,2518,2023-05-05,9.45
11745,12800,2023-07-01,30.45
11746,11095,2023-03-07,9.45
11747,10692,2024-10-03,30.45
11748,907814,2024-03-03,30.45
11749,2782,2023-08-10,208.95
11750,19890,2024-01-05,9.45
11751,9796,2024-06-04,30.45
11752,6643,2023-03-03,9.45
11753,20011,2024-10-09,30.45
11754,4701,2024-03-06,30.45
11755,5527,2024-10-12,208.95
11756,5388,2024-09-01,30.45
11757,2970,2024-09-01,82.95
11758,9329,2024-08-04,82.95
11759,18252,2023-11-08,9.45
11760,7014,2024-12-02,82.95
11761,973,2024-08-01,82.95
11762,20003,2024-12-05,30.45
11763,2946,2024-04-10,9.45
11764,13590,2024-12-06,9.45
11765,7371,2024-02-05,30.45
11766,14778,2023-09-03,208.95
11767,921,2024-08-07,9.45
11768,3254,2024-10-09,2004.75
11769,19381,2024-10-07,30.45
11770,852,2024-08-03,30.45
11771,16685,2024-06-07,208.95
11772,12093,2023-09-06,30.45
11773,7586,2024-11-09,9.45
11774,6829,2023-11-07,9.45
11775,828,2024-09-10,30.45
11776,222,2024-08-06,82.95
11777,8784,2023-10-06,82.95
11778,3482,2024-08-08,82.95
11779,14164,2024-08-07,9.45
11780,11091,2024-10-09,30.45
11781,3995,2024-02-09,30.45
11782,19667,2024-01-09,9.45
11783,16943,2023-12-01,30.45
11784,7807,2023-08-02,30.45
11785,15892,2024-05-11,30.45
11786,13039,2024-08-06,30.45
11787,5322,2023-12-09,82.95
11788,2465,2024-12-10,82.95
11789,1798,2024-10-03,82.95
11790,7833,2023-06-08,82.95
11791,598,2024-05-03,30.45
11792,7560,2024-02-05,30.45
11793,18746,2024-11-06,82.95
11794,4981,2024-09-11,9.45
11795,20350,2024-11-04,82.95
11796,5337,2024-01-10,30.45
11797,6390,2024-11-03,9.45
11798,15794,2024-11-04,30.45
11799,7988,2023-07-07,82.95
11800,2908,2024-03-07,9.45
11801,19235,2023-09-07,9.45
11802,915,2024-12-04,9.45
11803,18090,2024-08-07,9.45
11804,13259,2023-08-03,9.45
11805,15974,2023-03-02,9.45
11806,19442,2023-06-05,9.45
11807,5622,2024-07-03,82.95
11808,16842,2023-09-06,82.95
11809,9373,2024-09-09,9.45
11810,10048,2024-05-04,30.45
11811,16442,2024-11-10,208.95
11812,7742,2023-10-06,9.45
11813,17885,2024-12-08,9.45
11814,19695,2024-07-06,208.95
11815,3287,2024-01-11,30.45
11816,919165,2023-11-06,82.95
11817,13446,2023-11-11,9.45
11818,18553,2024-04-08,82.95
11819,6184,2023-12-02,30.45
11820,16247,2024-07-11,30.45
11821,7606,2024-09-07,30.45
11822,12829,2024-05-02,30.45
11823,2068,2024-11-05,9.45
11824,11805,2024-12-06,9.45
11825,14093,2024-02-03,9.45
11826,5866,2023-10-04,30.45
11827,9149,2024-03-10,208.95
11828,1125,2024-10-07,30.45
11829,3624,2024-05-09,82.95
11830,16502,2024-06-08,82.95
11831,19354,2024-02-02,30.45
11832,11280,2024-06-05,9.45
11833,2370,2023-07-08,9.45
11834,269,2024-03-02,9.45
11835,2028,2024-09-10,9.45
11836,892,2024-10-03,208.95
11837,14998,2023-06-07,9.45
11838,13087,2023-11-10,9.45
11839,9708,2024-09-06,82.95
11840,8846,2024-05-04,82.95
11841,16571,2024-11-05,9.45
11842,1116,2024-01-09,30.45
11843,11673,2023-05-05,30.45
11844,1466,2024-06-03,82.95
11845,4839,2024-03-07,9.45
11846,8526,2024-04-04,82.95
11847,17464,2024-05-06,9.45
11848,12071,2024-09-05,9.45
11849,9989,2024-09-05,30.45
11850,15093,2023-11-10,30.45
11851,6785,2024-05-06,30.45
11852,1385,2024-09-01,30.45
11853,10250,2024-09-11,30.45
11854,311,2024-10-07,9.45
11855,10299,2024-07-11,9.45
11856,8290,2024-02-01,82.95
11857,6166,2023-04-07,82.95
11858,5253,2024-07-05,30.45
11859,6060,2023-06-04,30.45
11860,356,2024-02-05,82.95
11861,12761,2024-07-08,18.9
11862,7228,2023-09-06,30.45
11863,15497,2023-07-09,30.45
11864,19074,2024-11-10,208.95
11865,4323,2024-11-05,82.95
11866,18798,2024-01-02,30.45
11867,14639,2024-10-06,9.45
11868,14445,2023-08-03,30.45
11869,18336,2024-02-02,9.45
11870,10233,2024-10-04,30.45
11871,12689,2024-10-04,30.45
11872,8785,2023-11-11,82.95
11873,17048,2023-12-10,269.15
11874,7022,2024-01-09,82.95
11875,3674,2024-11-06,30.45
11876,20501,2024-12-06,9.45
11877,2397,2024-06-09,82.95
11878,4,2024-02-04,30.45
11879,5174,2024-10-09,208.95
11880,9336,2024-03-03,9.45
11881,20051,2024-08-08,82.95
11882,6151,2024-08-07,9.45
11883,16046,2024-05-05,9.45
11884,7116,2024-01-07,30.45
11885,16763,2023-12-04,9.45
11886,12744,2024-12-05,208.95
11887,16839,,30.45
11888,2965,2024-04-06,82.95
11889,18106,2024-11-06,30.45
11890,1310,2023-12-02,9.45
11891,9002,2023-11-05,9.45
11892,2027,2024-08-05,9.45
11893,17117,2024-06-04,30.45
11894,5367,2024-07-11,82.95
11895,5504,2024-08-06,9.45
11896,8420,2024-02-05,82.95
11897,15150,2024-11-08,30.45
11898,665,2024-11-04,9.45
11899,13989,2024-07-08,208.95
11900,17720,2024-12-04,30.45
11901,5513,2023-08-07,208.95
11902,1887,2023-09-10,30.45
11903,9927,2024-01-08,82.95
11904,10704,2024-09-03,9.45
11905,2568,2024-06-06,30.45
11906,7200,2024-07-05,30.45
11907,11021,2024-07-10,30.45
11908,9784,2023-06-09,30.45
11909,5219,2024-04-04,9.45
11910,16235,2024-03-07,9.45
11911,4349,2024-06-03,9.45
11912,2986,2024-10-02,82.95
11913,5698,2024-02-03,30.45
11914,1250,2024-10-06,9.45
11915,20196,2023-06-07,9.45
11916,1143,2023-09-10,9.45
11917,10627,2023-12-09,208.95
11918,12827,2024-12-04,82.95
11919,4126,2024-11-12,82.95
11920,968,2024-03-06,82.95
11921,15063,2024-08-03,30.45
11922,19328,2024-12-11,30.45
11923,14510,2024-02-09,82.95
11924,8154,,30.45
11925,1414,2024-07-01,9.45
11926,16541,2024-04-11,82.95
11927,9889,2024-11-01,9.45
11928,6547,2023-12-05,30.45
11929,1148,2024-02-03,9.45
11930,5437,2024-07-03,18.9
11931,7549,2023-03-06,30.45
11932,17469,2024-10-07,9.45
11933,2543,2024-11-07,9.45
11934,19779,2024-07-07,9.45
11935,17795,2024-06-05,30.45
11936,8003,2023-07-10,208.95
11937,12233,2024-06-12,30.45
11938,15221,2024-07-03,9.45
11939,13660,2024-12-06,9.45
11940,9609,2024-09-09,82.95
11941,689,2024-04-08,9.45
11942,19699,2024-11-12,208.95
11943,12803,2023-07-08,30.45
11944,7794,2024-05-02,30.45
11945,20506,2023-12-06,30.45
11946,8708,2023-07-07,9.45
11947,7012,2024-10-05,82.95
11948,2567,2024-12-12,9.45
11949,908113,2023-08-07,30.45
11950,4281,2024-02-06,9.45
11951,7153,2024-01-01,30.45
11952,19976,2024-04-06,30.45
11953,14775,2023-06-05,208.95
11954,8289,2024-01-08,82.95
11955,18768,2024-07-04,9.45
11956,1502,2024-09-11,208.95
11957,15995,2024-12-11,9.45
11958,3512,2024-04-06,9.45
11959,717,2024-07-06,9.45
11960,8054,2024-10-02,9.45
11961,2776,2024-10-07,82.95
11962,19080,2023-09-09,82.95
11963,17453,2023-06-07,9.45
11964,9401,2023-11-06,82.95
11965,470,2023-08-05,9.45
11966,8225,2024-10-04,9.45
11967,3586,2024-10-08,9.45
11968,13653,2024-05-08,9.45
11969,80,2024-09-06,82.95
11970,10617,2024-12-06,30.45
11971,6583,2023-06-05,9.45
11972,2716,,30.45
11973,20279,2024-08-09,30.45
11974,16546,2024-09-05,82.95
11975,12839,2023-11-03,9.45
11976,10548,2024-06-09,9.45
11977,6277,2023-06-09,30.45
11978,15342,2023-10-05,30.45
11979,17738,2024-12-04,9.45
11980,17359,2024-02-09,30.45
11981,15460,2024-03-09,9.45
11982,7864,2024-07-09,9.45
11983,7430,2024-01-11,82.95
11984,3142,2023-12-12,82.95
11985,11941,2024-05-09,9.45
11986,20270,2024-09-07,82.95
11987,4502,2024-10-04,9.45
11988,804,,9.45
11989,17901,2024-04-03,30.45
11990,19337,2024-04-08,9.45
11991,14170,2023-05-11,82.95
11992,14087,2023-08-03,9.45
11993,2509,2024-07-07,9.45
11994,244,2023-11-06,208.95
11995,2713,2024-01-10,30.45
11996,4739,2024-08-03,9.45
11997,12923,2023-08-11,30.45
11998,4008,2024-10-04,82.95
11999,15282,2024-01-08,82.95
12000,14899,2024-12-07,82.95
12001,18840,2024-07-06,9.45
12002,7914,2024-12-08,82.95
12003,911886,2024-10-03,9.45
12004,9411,2024-04-03,30.45
12005,14577,2024-04-11,30.45
12006,11939,2024-03-10,9.45
12007,7444,2024-06-10,30.45
12008,10629,2024-02-10,208.95
12009,20341,2024-09-03,30.45
12010,7177,2024-04-08,9.45
12011,17512,2023-12-09,82.95
12012,9775,2024-09-07,9.45
12013,12579,2023-12-04,9.45
12014,10625,2024-11-06,30.45
12015,20187,2024-06-10,9.45
12016,14273,2024-12-10,82.95
12017,12392,2024-06-03,82.95
12018,12414,2024-11-10,9.45
12019,19042,2024-08-08,82.95
12020,20356,2023-10-03,9.45
12021,2644,2024-12-09,9.45
12022,2269,2024-07-06,9.45
12023,6402,2024-08-03,82.95
12024,12669,2024-05-03,208.95
12025,19613,2023-10-07,9.45
12026,19432,2024-10-05,30.45
12027,18098,2024-03-07,30.45
12028,9744,2024-07-08,82.95
12029,8627,2023-12-06,9.45
12030,9461,2023-06-04,9.45
12031,10916,2024-06-06,9.45
12032,11955,2024-10-09,9.45
12033,698,2023-11-03,82.95
12034,10709,2023-11-05,82.95
12035,7662,2024-01-10,9.45
12036,20232,2024-03-10,208.95
12037,3878,2023-05-04,9.45
12038,19054,2024-01-06,82.95
12039,4385,2024-01-04,208.95
12040,5673,2024-07-09,30.45
12041,19481,2024-04-06,9.45
12042,16971,2024-08-10,9.45
12043,8479,2023-12-07,9.45
12044,9216,2024-07-06,9.45
12045,2049,2024-12-08,9.45
12046,7225,2023-06-08,30.45
12047,4623,2024-03-10,9.45
12048,1227,2023-11-06,30.45
12049,13930,2024-10-05,82.95
12050,19040,2024-06-10,82.95
12051,12963,2024-05-10,30.45
12052,18262,2024-11-01,9.45
12053,941,2024-01-01,30.45
12054,6948,2023-06-05,30.45
12055,1960,2024-01-07,30.45
12056,9095,2023-09-06,9.45
12057,18401,2024-01-09,9.45
12058,6159,2024-07-09,30.45
12059,1131,2024-05-08,30.45
12060,2339,2023-11-05,82.95
12061,5385,2024-06-07,30.45
12062,14757,2023-12-07,30.45
12063,8691,2023-08-03,9.45
12064,4352,2024-09-07,9.45
12065,7885,2024-04-02,208.95
12066,17772,2023-12-04,82.95
12067,2084,2024-02-10,82.95
12068,14946,2024-11-04,9.45
12069,5277,2024-12-05,9.45
12070,13440,2023-05-07,9.45
12071,4048,2024-10-08,82.95
12072,18432,2024-03-03,9.45
12073,20,2024-06-10,82.95
12074,20456,2024-08-10,9.45
12075,20305,2024-06-08,9.45
12076,9489,2024-10-03,9.45
12077,8867,2024-03-11,9.45
12078,15930,2023-07-04,9.45
12079,15141,2024-02-09,30.45
12080,17468,2024-11-25,9.45
12081,774,2024-05-01,30.45
12082,8246,2024-02-02,30.45
12083,14320,2024-10-04,9.45
12084,8900,2024-11-03,9.45
12085,9639,2024-08-03,30.45
12086,12141,2024-06-05,9.45
12087,17079,2024-10-08,9.45
12088,18630,2023-08-04,82.95
12089,19264,2024-04-03,30.45
12090,10385,2023-07-06,30.45
12091,14251,2023-12-02,30.45
12092,15343,2023-11-06,30.45
12093,2942,,9.45
12094,16278,2023-08-05,9.45
12095,12423,2024-06-07,82.95
12096,13806,2023-10-08,9.45
12097,15386,2023-11-12,9.45
12098,18795,2024-12-10,9.45
12099,20227,2023-10-11,208.95
12100,16331,2024-02-04,82.95
12101,15207,2023-05-08,9.45
12102,1245,2024-05-10,9.45
12103,3352,2024-06-06,82.95
12104,5495,2024-12-02,82.95
12105,3158,2023-06-10,82.95
12106,13718,2024-04-12,30.45
12107,9009,2024-06-02,9.45
12108,12941,2023-12-05,208.95
12109,17619,2024-06-09,30.45
12110,6105,2024-06-07,9.45
12111,2231,2023-05-08,30.45
12112,4244,2024-09-02,9.45
12113,8843,2024-02-03,82.95
12114,9601,2024-11-04,30.45
12115,11923,2023-12-12,30.45
12116,6893,2024-06-03,82.95
12117,18628,2023-06-05,82.95
12118,1141,2023-07-08,9.45
12119,16267,2024-09-03,9.45
12120,1826,2024-10-07,30.45
12121,7144,2024-10-08,9.45
12122,12537,2023-11-11,30.45
12123,1461,2024-08-04,30.45
12124,16629,2024-08-06,9.45
12125,2166,2023-04-07,9.45
12126,3620,2024-01-03,82.95
12127,5629,2023-02-06,30.45
12128,19233,2023-07-11,9.45
12129,3343,2024-06-02,30.45
12130,11285,2024-11-07,9.45
12131,20132,2024-07-08,82.95
12132,1186,2023-12-05,9.45
12133,18044,2024-09-07,82.95
12134,8713,2023-12-08,9.45
12135,6495,2024-02-09,82.95
12136,7917,2024-04-08,30.45
12137,20462,2024-09-03,82.95
12138,7195,2024-02-12,30.45
12139,7518,2023-06-07,9.45
12140,17402,2024-03-08,9.45
12141,8071,2024-12-08,9.45
12142,6371,2024-08-10,82.95
12143,19273,2024-02-04,9.45
12144,11568,2024-03-11,9.45
12145,15614,2024-07-04,9.45
12146,2007,2024-06-08,208.95
12147,3841,2024-10-09,9.45
12148,4491,2024-12-05,208.95
12149,12673,2024-09-06,208.95
12150,17626,2023-10-05,82.95
12151,10466,2024-09-04,82.95
12152,12529,2024-06-04,30.45
12153,15577,2023-12-07,30.45
12154,16096,2024-11-10,82.95
12155,16284,2024-02-05,9.45
12156,15717,2024-05-09,30.45
12157,8839,2023-10-05,82.95
12158,8737,2024-05-03,82.95
12159,21,2024-07-04,82.95
12160,9475,2024-12-03,9.45
12161,1103,2024-09-05,82.95
12162,7897,2023-07-06,82.95
12163,18636,2024-02-04,82.95
12164,5474,2024-02-04,9.45
12165,15809,2024-12-05,208.95
12166,17943,2024-07-07,9.45
12167,3945,,82.95
12168,14309,2023-11-07,9.45
12169,6709,2024-06-05,208.95
12170,20442,2024-05-05,30.45
12171,5572,2024-12-02,208.95
12172,13488,2024-09-02,9.45
12173,9954,2023-02-04,9.45
12174,14559,2024-12-07,9.45
12175,9948,2024-07-03,9.45
12176,1907,2023-07-09,208.95
12177,4245,2024-10-10,9.45
12178,6909,2024-09-03,9.45
12179,15520,2024-07-03,82.95
12180,15847,2024-04-10,82.95
12181,20213,2024-11-03,9.45
12182,16233,2024-01-07,9.45
12183,1470,2024-10-06,82.95
12184,5890,2024-01-02,82.95
12185,6546,2023-11-03,30.45
12186,16132,2023-04-08,208.95
12187,11901,2024-02-07,208.95
12188,1808,2024-05-11,30.45
12189,15963,2024-02-03,9.45
12190,16864,2023-07-07,9.45
12191,11969,2024-07-05,9.45
12192,16953,2024-10-10,30.45
12193,11442,2024-02-08,30.45
12194,8455,2024-12-05,82.95
12195,15379,2024-06-02,9.45
12196,208,2024-05-02,208.95
12197,11006,2024-10-10,9.45
12198,1685,2024-05-03,9.45
12199,3605,2024-12-08,9.45
12200,15816,2024-05-03,9.45
12201,460,2024-04-07,9.45
12202,18134,2024-06-05,30.45
12203,16397,2024-08-06,9.45
12204,5824,2024-10-03,82.95
12205,18594,2024-05-01,30.45
12206,8677,2024-01-07,30.45
12207,744,2023-10-05,30.45
12208,5623,2024-08-02,82.95
12209,6134,2023-03-06,9.45
12210,20252,2023-03-02,82.95
12211,7909,2024-07-08,165.9
12212,16018,,9.45
12213,10097,2024-05-03,208.95
12214,4536,2024-04-11,30.45
12215,16752,2024-06-06,9.45
12216,16829,2024-05-08,30.45
12217,5295,2024-03-03,30.45
12218,8161,2024-06-09,208.95
12219,3364,2024-08-11,9.45
12220,17920,2024-08-05,82.95
12221,9678,2024-03-08,30.45
12222,17256,2024-07-11,30.45
12223,15146,2024-07-10,30.45
12224,554,2023-12-09,82.95
12225,14408,2023-11-03,30.45
12226,3713,2024-05-03,30.45
12227,10719,2024-09-10,82.95
12228,10044,2024-01-08,30.45
12229,10020,2023-04-04,9.45
12230,389,2024-05-08,30.45
12231,16684,2024-05-06,208.95
12232,4799,2024-05-09,9.45
12233,8834,2023-05-04,82.95
12234,11932,2024-09-08,30.45
12235,3195,2024-11-10,9.45
12236,19780,2024-08-03,9.45
12237,4970,2023-10-05,9.45
12238,4952,2024-05-02,9.45
12239,14332,2024-10-04,30.45
12240,2901,2024-12-10,82.95
12241,15130,2023-11-10,9.45
12242,4613,2023-05-10,9.45
12243,10586,2024-02-09,9.45
12244,9228,2024-10-04,9.45
12245,5100,2024-01-05,9.45
12246,15685,2024-12-09,30.45
12247,469,2023-07-06,9.45
12248,4925,2024-08-11,9.45
12249,13062,2023-08-08,30.45
12250,13027,2024-05-05,9.45
12251,5676,2024-10-05,30.45
12252,11975,2024-06-03,9.45
12253,15182,2024-03-03,30.45
12254,6825,2024-02-07,30.45
12255,17344,2024-08-06,30.45
12256,14287,2024-04-09,9.45
12257,9846,2024-03-02,82.95
12258,14743,2024-06-03,9.45
12259,13743,2024-08-06,30.45
12260,11522,2024-06-09,9.45
12261,13301,2024-12-09,9.45
12262,10907,2023-09-12,9.45
12263,12639,2024-04-11,9.45
12264,2715,2024-03-04,30.45
12265,9798,2024-08-07,30.45
12266,13526,2024-08-02,30.45
12267,14002,2023-12-03,9.45
12268,1263,2023-10-03,9.45
12269,6924,2024-11-04,9.45
12270,8452,2024-09-01,82.95
12271,6889,2024-02-02,82.95
12272,4671,2024-10-03,9.45
12273,74,2024-03-04,82.95
12274,7675,2023-11-06,9.45
12275,13447,2023-12-05,9.45
12276,8287,2024-12-09,82.95
12277,10689,2023-11-05,208.95
12278,2824,2024-10-03,9.45
12279,7283,2023-04-02,9.45
12280,4551,2024-04-09,30.45
12281,16893,2024-09-09,9.45
12282,10778,2023-06-04,82.95
12283,9176,2024-08-10,9.45
12284,10078,2024-04-07,30.45
12285,920324,2024-08-03,30.45
12286,8587,2024-07-12,18.9
12287,20080,2023-12-03,30.45
12288,6486,2024-08-01,9.45
12289,5379,2024-01-30,30.45
12290,2580,2023-07-09,9.45
12291,20481,2024-04-03,9.45
12292,11634,2024-11-03,208.95
12293,19624,2024-09-04,9.45
12294,1571,2023-12-06,82.95
12295,5160,2023-08-10,208.95
12296,12938,2024-11-05,30.45
12297,781,2024-12-05,30.45
12298,5834,2023-12-06,9.45
12299,13375,2024-12-09,9.45
12300,15381,2024-08-05,9.45
12301,17321,2024-06-06,9.45
12302,7450,2024-12-05,30.45
12303,6294,2024-11-10,30.45
12304,4235,2023-12-02,9.45
12305,9302,2024-09-09,30.45
12306,16171,2024-04-06,30.45
12307,16646,2024-03-08,208.95
12308,743,2023-09-08,30.45
12309,1188,2024-02-11,9.45
12310,10499,2024-06-12,82.95
12311,15297,2023-07-11,82.95
12312,12450,2023-12-04,9.45
12313,16225,2023-05-08,9.45
12314,14380,2024-08-03,9.45
12315,18049,2023-04-04,9.45
12316,14966,2024-07-07,165.9
12317,6724,2024-05-06,82.95
12318,18490,2023-10-06,9.45
12319,7402,2023-10-02,9.45
12320,4577,2024-11-08,82.95
12321,14067,2023-12-05,9.45
12322,1573,2024-02-11,82.95
12323,18233,2024-08-03,9.45
12324,10638,2024-11-10,208.95
12325,9110,2024-12-10,9.45
12326,10595,2024-11-06,9.45
12327,14583,2024-10-05,30.45
12328,17985,2024-04-03,30.45
12329,3096,2024-10-09,30.45
12330,4915,2024-04-08,30.45
12331,5987,2023-03-04,208.95
12332,11187,2024-02-04,82.95
12333,6944,2024-11-03,9.45
12334,1071,2024-11-08,30.45
12335,7382,2023-08-03,9.45
12336,10229,2024-06-07,30.45
12337,15948,2024-08-09,208.95
12338,9938,2025-01-19,82.95
12339,18687,2024-11-09,82.95
12340,12512,2024-06-07,9.45
12341,6961,2024-07-04,30.45
12342,7440,2024-11-09,82.95
12343,197,2023-06-06,208.95
12344,1789,2024-01-04,82.95
12345,17456,2023-09-03,9.45
12346,20280,2024-09-09,30.45
12347,2417,2024-11-08,82.95
12348,5424,2024-06-02,9.45
12349,3661,2023-10-03,30.45
12350,8002,2023-06-02,208.95
12351,19723,2024-12-11,208.95
12352,8388,2023-12-05,208.95
12353,1747,2024-11-06,208.95
12354,19284,2024-01-09,9.45
12355,17647,2024-12-05,30.45
12356,10169,2023-08-11,9.45
12357,1051,2024-02-05,208.95
12358,3053,2023-12-09,9.45
12359,3590,2023-09-03,9.45
12360,442,2024-12-04,30.45
12361,1746,2024-10-01,208.95
12362,14017,2024-02-09,9.45
12363,18381,2024-02-03,30.45
12364,3627,2024-08-04,82.95
12365,1844,2024-10-04,82.95
12366,13905,2024-06-04,9.45
12367,13082,2023-06-03,9.45
12368,2189,2023-10-06,208.95
12369,2335,2023-07-10,82.95
12370,1404,2023-09-09,9.45
12371,14417,2024-08-03,30.45
12372,7349,2024-12-08,30.45
12373,2457,2024-04-09,82.95
12374,11962,2023-12-06,9.45
12375,2493,2024-11-05,9.45
12376,8998,2023-07-09,9.45
12377,12483,2024-05-02,9.45
12378,4546,2023-11-05,30.45
12379,773,2024-04-11,30.45
12380,765,2024-12-04,30.45
12381,9747,2024-10-03,82.95
12382,6628,2024-11-10,30.45
12383,13876,2024-01-09,82.95
12384,5995,2023-11-01,208.95
12385,3189,2024-05-03,9.45
12386,3730,2024-10-07,82.95
12387,17699,2024-08-06,30.45
12388,10685,2024-11-09,9.45
12389,375,2024-09-08,30.45
12390,317,2023-06-08,9.45
12391,10531,2024-01-11,82.95
12392,2738,2024-12-01,9.45
12393,14203,2024-08-06,30.45
12394,4596,2024-10-07,9.45
12395,14167,2024-11-08,9.45
12396,11970,2024-08-03,9.45
12397,869,2024-10-03,9.45
12398,14357,2023-06-11,82.95
12399,12086,2024-08-02,30.45
12400,18177,2024-09-03,9.45
12401,11572,2024-07-01,18.9
12402,8773,2024-06-09,30.45
12403,18590,2024-01-03,30.45
12404,2208,2023-06-08,30.45
12405,19532,2023-04-05,82.95
12406,627,2024-11-05,9.45
12407,2607,2024-10-05,30.45
12408,19808,2023-12-05,208.95
12409,17765,2024-07-03,82.95
12410,8039,2024-10-10,9.45
12411,559,2024-05-03,82.95
12412,11159,2024-10-03,30.45
12413,245,2023-12-03,208.95
12414,10963,2024-10-02,82.95
12415,953,2023-10-02,9.45
12416,17331,2023-07-07,30.45
12417,16963,2023-12-01,30.45
12418,12437,2024-04-08,30.45
12419,19603,2024-10-07,9.45
12420,4552,2024-05-10,30.45
12421,10380,2024-10-05,9.45
12422,18814,2024-11-07,208.95
12423,7489,2024-07-04,60.9
12424,15399,2024-12-03,9.45
12425,15675,2024-10-10,30.45
12426,7207,2023-12-09,30.45
12427,14833,,9.45
12428,12710,2024-11-07,30.45
12429,5524,2024-07-09,208.95
12430,20527,2023-12-08,82.95
12431,8067,2024-08-03,9.45
12432,8768,2024-01-08,30.45
12433,10129,2024-03-01,82.95
12434,12484,2024-06-03,9.45
12435,19577,2023-02-03,30.45
12436,10164,,82.95
12437,8996,2023-10-07,30.45
12438,6258,2024-12-03,82.95
12439,2958,2023-09-09,82.95
12440,4270,2024-02-05,82.95
12441,18719,2024-09-11,30.45
12442,18994,2024-11-04,9.45
12443,18769,2024-08-04,9.45
12444,5318,2023-08-03,82.95
12445,13416,2024-07-12,82.95
12446,4614,2023-06-02,9.45
12447,17436,2024-04-02,9.45
12448,14413,2024-04-04,30.45
12449,2036,2024-05-03,9.45
12450,13984,2024-08-07,9.45
12451,11822,2024-11-07,9.45
12452,6814,2024-11-09,82.95
12453,9851,2024-08-10,82.95
12454,5551,2024-12-08,9.45
12455,19152,2024-04-07,82.95
12456,455,2023-11-10,9.45
12457,14747,2024-10-09,9.45
12458,16209,2023-09-10,9.45
12459,7217,2024-10-04,30.45
12460,11135,2024-08-02,30.45
12461,11297,2024-06-08,9.45
12462,16992,2024-05-08,9.45
12463,2307,2024-10-04,30.45
12464,18947,2023-07-11,30.45
12465,487,2023-12-03,9.45
12466,19810,2024-02-09,208.95
12467,12943,2024-02-03,208.95
12468,541,2024-09-07,30.45
12469,14782,2024-01-11,208.95
12470,18243,2024-09-05,30.45
12471,11737,2024-11-10,9.45
12472,9407,2023-12-03,30.45
12473,18977,2024-04-04,82.95
12474,12742,2024-10-03,208.95
12475,4968,2024-12-09,30.45
12476,20274,2024-03-02,30.45
12477,2897,2024-08-06,82.95
12478,13413,2024-11-09,208.95
12479,8990,2024-09-09,82.95
12480,4410,2023-12-08,30.45
12481,13345,2023-11-04,30.45
12482,15318,2023-07-06,9.45
12483,17114,2024-03-08,30.45
12484,19001,2023-09-07,9.45
12485,18242,2024-08-05,30.45
12486,18419,2024-07-09,82.95
12487,6419,2024-10-04,82.95
12488,6168,2023-06-08,82.95
12489,11504,2024-02-06,9.45
12490,4931,2024-03-05,30.45
12491,16907,2023-11-04,30.45
12492,14,2024-12-08,30.45
12493,13761,2024-03-02,9.45
12494,19237,2023-11-06,9.45
12495,4213,2024-06-09,82.95
12496,6647,2023-07-06,9.45
12497,14979,2023-10-10,9.45
12498,5675,2024-09-10,30.45
12499,11782,2024-09-05,9.45
12500,18566,2023-09-09,9.45
12501,6788,2024-08-03,30.45
12502,9586,2023-11-30,30.45
12503,1745,2024-09-06,208.95
12504,3492,2024-05-05,30.45
12505,4311,2023-11-09,82.95
12506,10246,2024-05-11,30.45
12507,11123,2024-09-04,82.95
12508,17560,2023-08-05,30.45
12509,2971,2024-10-11,82.95
12510,12112,2024-06-04,30.45
12511,3068,2023-06-10,30.45
12512,20352,2023-06-07,9.45
12513,8310,2024-06-02,9.45
12514,13338,2024-12-04,9.45
12515,3082,2024-08-05,30.45
12516,11682,2023-08-04,9.45
12517,3777,2023-02-11,82.95
12518,17480,2024-07-04,165.9
12519,11001,2024-05-07,9.45
12520,2497,2023-07-04,9.45
12521,14569,2024-12-09,9.45
12522,13235,2023-08-08,30.45
12523,11919,2023-08-02,30.45
12524,18135,2024-07-03,30.45
12525,18452,2024-01-07,30.45
12526,4007,2024-09-04,82.95
12527,12708,2024-09-08,30.45
12528,9867,2024-04-04,208.95
12529,16800,2024-01-05,9.45
12530,13753,2023-07-07,9.45
12531,1485,2024-05-03,82.95
12532,12935,2024-08-05,30.45
12533,18010,2024-05-04,82.95
12534,11276,2024-02-09,9.45
12535,18179,2024-11-02,9.45
12536,8083,2023-04-07,208.95
12537,10049,2024-06-05,30.45
12538,4602,2024-06-06,82.95
12539,18756,2024-09-04,30.45
12540,13583,2024-05-08,9.45
12541,14188,2024-11-04,82.95
12542,6963,2024-09-02,30.45
12543,18392,2023-04-02,9.45
12544,16584,2024-10-07,9.45
12545,3146,2024-04-05,82.95
12546,13921,2024-07-07,30.45
12547,9140,2024-04-09,82.95
12548,14772,2023-05-05,82.95
12549,15642,2023-11-04,9.45
12550,348,2024-02-02,30.45
12551,12808,2023-12-09,30.45
12552,10621,2024-07-09,60.9
12553,4088,2024-10-06,30.45
12554,9429,2024-09-08,208.95
12555,11438,2023-10-05,30.45
12556,18602,2024-07-09,9.45
12557,20524,2024-06-03,9.45
12558,12107,2024-11-03,30.45
12559,3817,2024-10-04,82.95
12560,7599,2024-08-09,30.45
12561,14820,2023-08-08,9.45
12562,14921,2024-06-10,9.45
12563,8369,2024-12-01,9.45
12564,4534,2024-02-08,30.45
12565,4397,2024-01-03,9.45
12566,800,,30.45
12567,2130,2024-03-05,30.45
12568,13618,2024-11-03,82.95
12569,8356,2023-11-01,9.45
12570,12353,2024-06-03,82.95
12571,13504,2024-12-09,82.95
12572,5839,2024-05-10,9.45
12573,5583,2024-08-08,30.45
12574,18384,2024-05-09,30.45
12575,11357,2023-07-09,82.95
12576,19576,2023-03-21,30.45
12577,8605,2024-01-06,9.45
12578,9326,2024-05-04,82.95
12579,10693,2024-11-11,30.45
12580,12934,2024-07-10,30.45
12581,2174,2023-12-04,9.45
12582,6100,2024-01-09,9.45
12583,8595,2024-06-10,30.45
12584,2706,2024-06-08,30.45
12585,20278,2024-07-08,30.45
12586,7286,2023-07-07,9.45
12587,9543,2024-11-08,30.45
12588,5689,2024-12-04,30.45
12589,11589,2024-05-08,208.95
12590,9981,2024-01-11,30.45
12591,14854,2024-10-02,208.95
12592,12776,2024-01-04,30.45
12593,2443,2023-02-09,82.95
12594,14798,2024-12-08,9.45
12595,16723,2024-10-09,82.95
12596,19462,2023-06-05,208.95
12597,2736,2024-10-03,9.45
12598,18728,2024-08-05,82.95
12599,18175,2024-07-10,9.45
12600,332,2024-09-11,9.45
12601,15882,2023-07-04,30.45
12602,19487,2024-10-05,9.45
12603,6613,2024-02-06,9.45
12604,12692,2024-06-10,9.45
12605,1854,2024-08-05,30.45
12606,18051,2023-06-07,9.45
12607,1087,2024-04-02,9.45
12608,11246,2023-09-07,9.45
12609,1841,2024-07-10,82.95
12610,932,2024-06-09,82.95
12611,13712,2023-10-09,30.45
12612,12147,2024-12-08,9.45
12613,5443,2023-04-09,82.95
12614,16605,2024-01-05,9.45
12615,17409,2024-10-07,9.45
12616,11607,2024-08-09,9.45
12617,4651,2024-09-07,30.45
12618,1184,2024-12-12,9.45
12619,14027,2024-12-07,9.45
12620,9255,2023-06-07,82.95
12621,11126,2024-12-01,82.95
12622,4716,2024-01-05,30.45
12623,4764,2024-10-05,208.95
12624,14606,2024-01-11,208.95
12625,12981,2024-11-05,30.45
12626,12671,2024-07-04,208.95
12627,18732,2024-12-08,82.95
12628,11576,2024-11-07,9.45
12629,5306,2024-10-06,82.95
12630,20364,2024-06-09,9.45
12631,6673,2024-02-06,30.45
12632,18359,2024-06-04,9.45
12633,262,2023-08-09,9.45
12634,14238,2024-09-09,30.45
12635,7408,2024-04-01,9.45
12636,16744,2024-11-04,9.45
12637,17413,2023-05-05,9.45
12638,9518,2024-10-12,208.95
12639,10781,2023-09-05,82.95
12640,9125,2023-11-08,9.45
12641,16517,2024-11-01,208.95
12642,12315,2024-09-03,30.45
12643,9850,2024-07-06,82.95
12644,15413,2024-06-07,30.45
12645,9082,2023-11-05,9.45
12646,14126,2024-04-05,30.45
12647,13208,2024-11-03,82.95
12648,1744,2024-08-09,208.95
12649,1018,2023-06-12,9.45
12650,9672,2024-11-02,9.45
12651,20494,2024-03-10,9.45
12652,17221,2024-08-02,9.45
12653,16007,2024-07-10,30.45
12654,5252,2024-06-06,30.45
12655,10841,2024-06-19,30.45
12656,5758,2024-09-06,30.45
12657,6183,2023-11-01,30.45
12658,4600,2024-04-04,82.95
12659,19741,2024-11-09,30.45
12660,15493,2023-11-09,30.45
12661,3533,2024-08-03,9.45
12662,17326,2024-11-11,9.45
12663,8602,2023-10-10,9.45
12664,1524,2024-07-09,82.95
12665,9384,2024-04-07,9.45
12666,16581,2024-07-10,9.45
12667,12758,2024-04-03,9.45
12668,4549,2024-02-05,30.45
12669,17360,2024-03-02,30.45
12670,7016,2023-07-10,82.95
12671,11393,2024-10-03,9.45
12672,14266,2024-05-08,82.95
12673,6235,2023-11-03,30.45
12674,10273,2023-09-01,9.45
12675,16748,2024-02-03,9.45
12676,12953,2024-12-11,208.95
12677,2021,2024-07-07,18.9
12678,6510,2023-09-05,30.45
12679,13961,2024-09-10,9.45
12680,2276,2023-10-07,9.45
12681,17477,2024-04-05,82.95
12682,17902,2024-05-06,30.45
12683,14264,2024-03-03,82.95
12684,7205,2024-12-09,30.45
12685,19748,2024-04-09,9.45
12686,17965,,30.45
12687,18249,2023-08-05,9.45
12688,181,2024-12-03,227.16
12689,8973,2023-09-07,30.45
12690,13769,2024-11-10,9.45
12691,5461,2024-10-05,82.95
12692,6504,2024-11-11,82.95
12693,912229,2024-11-06,30.45
12694,17036,2024-05-07,9.45
12695,7001,2023-11-03,82.95
12696,5484,2024-12-08,9.45
12697,13026,2024-04-06,9.45
12698,20337,2024-05-04,30.45
12699,15004,2023-12-10,9.45
12700,5950,2023-04-04,30.45
12701,11067,2024-08-03,9.45
12702,13564,2024-10-03,30.45
12703,8499,2023-11-04,82.95
12704,3061,2024-08-09,9.45
12705,2053,2023-08-06,9.45
12706,8930,2024-05-03,30.45
12707,7752,2024-08-10,9.45
12708,11856,2024-08-09,9.45
12709,13826,2024-09-04,30.45
12710,17841,2024-01-06,30.45
12711,10809,2024-03-12,9.45
12712,1300,2024-11-10,9.45
12713,11130,2024-03-02,30.45
12714,12618,2024-09-08,208.95
12715,12909,2024-04-09,9.45
12716,18230,2024-11-06,30.45
12717,13862,2023-11-05,30.45
12718,20342,2024-10-08,30.45
12719,5898,2024-09-03,82.95
12720,1028,2024-04-06,9.45
12721,19757,2024-05-07,9.45
12722,16705,2023-12-07,208.95
12723,5176,2024-12-08,208.95
12724,17989,2024-08-02,30.45
12725,15964,2024-03-09,9.45
12726,7272,2024-05-25,9.45
12727,11026,2024-12-08,30.45
12728,12263,2024-07-05,82.95
12729,4731,2023-12-07,9.45
12730,17310,2024-12-06,30.45
12731,5630,2023-03-07,30.45
12732,15653,2024-10-09,9.45
12733,14324,2024-02-03,30.45
12734,14007,2024-05-09,9.45
12735,9423,2024-11-09,30.45
12736,6158,2024-06-04,30.45
12737,1150,2024-04-01,9.45
12738,11779,2024-06-09,9.45
12739,7293,2024-02-08,9.45
12740,19582,2023-07-03,30.45
12741,15238,2024-01-10,30.45
12742,7947,2024-10-04,9.45
12743,5569,2024-09-03,208.95
12744,11718,2024-10-02,9.45
12745,16975,2024-12-02,9.45
12746,6336,2024-07-09,82.95
12747,14123,2024-01-06,30.45
12748,18544,2023-07-08,82.95
12749,12496,2024-11-04,30.45
12750,3773,2024-10-02,9.45
12751,20066,2024-03-07,30.45
12752,5302,2024-11-05,82.95
12753,8401,2024-06-06,9.45
12754,9490,2024-11-07,9.45
12755,2196,2024-05-08,208.95
12756,10332,2023-11-06,9.45
12757,10450,2023-05-10,82.95
12758,18124,2024-05-02,30.45
12759,12193,2023-09-04,82.95
12760,10335,2024-02-10,9.45
12761,11614,2024-08-10,30.45
12762,3839,2024-08-03,9.45
12763,6711,2024-08-06,208.95
12764,17109,2024-12-11,9.45
12765,5658,2024-09-03,30.45
12766,16894,2024-10-09,9.45
12767,15254,2023-08-11,82.95
12768,11543,2023-09-01,9.45
12769,18276,2024-08-05,9.45
12770,5535,2024-04-12,30.45
12771,13605,2024-11-07,9.45
12772,17928,2024-06-08,9.45
12773,2118,2024-02-05,30.45
12774,10736,2023-07-04,9.45
12775,15021,2024-09-02,82.95
12776,797,2024-08-06,30.45
12777,11492,2024-05-02,30.45
12778,8449,2024-11-05,30.45
12779,12548,2024-10-06,30.45
12780,7667,2024-06-10,9.45
12781,1580,2024-09-03,82.95
12782,11525,2024-09-03,9.45
12783,4367,2024-04-11,82.95
12784,1388,2024-12-03,30.45
12785,17056,2024-08-02,30.45
12786,5209,2023-06-10,9.45
12787,10257,2023-11-08,9.45
12788,17223,2023-04-11,82.95
12789,7779,2024-08-04,9.45
12790,10566,2024-05-10,82.95
12791,9066,2023-12-06,9.45
12792,7620,2024-07-06,9.45
12793,10725,2024-08-11,9.45
12794,9360,2024-05-06,82.95
12795,19255,2024-10-06,30.45
12796,13038,2024-07-06,30.45
12797,2313,2023-08-07,82.95
12798,5541,2024-10-05,30.45
12799,6650,2023-10-07,9.45
12800,5616,2024-01-08,82.95
12801,8994,2023-08-01,30.45
12802,16358,2024-07-10,82.95
12803,13715,2024-01-08,30.45
12804,8638,2024-11-08,9.45
12805,5372,2024-12-09,82.95
12806,13078,2024-12-03,30.45
12807,41,2024-09-04,82.95
12808,18082,2024-11-05,30.45
12809,11087,2024-06-03,30.45
12810,9774,2024-08-07,9.45
12811,15952,2024-12-06,208.95
12812,663,2024-09-06,9.45
12813,18092,2024-10-03,9.45
12814,3311,2024-09-07,9.45
12815,19023,2023-12-02,9.45
12816,16877,2024-08-09,9.45
12817,7405,2024-01-05,9.45
12818,8779,2024-12-11,30.45
12819,20485,2023-06-09,30.45
12820,20317,2024-01-04,30.45
12821,3126,2024-05-08,9.45
12822,11031,2024-11-09,208.95
12823,17191,2023-03-04,30.45
12824,17270,2024-07-06,30.45
12825,10668,2024-03-11,30.45
12826,17911,2023-11-02,82.95
12827,16649,2024-06-06,208.95
12828,16048,2024-07-11,18.9
12829,17629,2024-01-02,82.95
12830,20172,2023-06-06,9.45
12831,9957,2023-05-06,9.45
12832,100,2024-01-05,82.95
12833,11715,2024-09-01,18.9
12834,16116,2024-12-07,9.45
12835,7628,2023-09-07,9.45
12836,3792,2024-04-03,82.95
12837,7175,2024-02-04,9.45
12838,17307,2024-09-08,30.45
12839,8230,2024-07-08,82.95
12840,12666,2024-11-10,9.45
12841,19361,2024-09-03,30.45
12842,13158,2024-01-08,82.95
12843,9776,2024-10-03,9.45
12844,10760,2023-11-09,9.45
12845,16855,2024-10-01,82.95
12846,905,2024-02-03,9.45
12847,7702,2023-08-10,30.45
12848,9068,2024-02-05,9.45
12849,11824,2024-06-12,208.95
12850,4560,2023-06-05,82.95
12851,11837,2024-08-07,30.45
12852,3067,2023-05-10,30.45
12853,5639,2023-12-12,30.45
12854,3539,2023-09-07,82.95
12855,5663,2023-03-09,208.95
12856,17381,2024-03-05,9.45
12857,3105,2024-09-09,82.95
12858,10075,2024-01-08,30.45
12859,16156,2024-04-04,9.45
12860,6391,2024-12-08,9.45
12861,1925,2023-11-08,9.45
12862,19671,2024-05-07,9.45
12863,198,2023-07-10,208.95
12864,18166,2024-11-03,30.45
12865,11463,2024-04-06,9.45
12866,5282,2024-09-04,9.45
12867,6914,2024-06-06,30.45
12868,4317,2024-05-11,82.95
12869,14432,2024-07-10,30.45
12870,14980,2023-11-02,9.45
12871,4571,2024-05-04,82.95
12872,13372,2024-09-05,9.45
12873,14095,2024-04-02,9.45
12874,15776,2023-05-05,30.45
12875,8404,2024-09-04,9.45
12876,19905,2023-12-09,208.95
12877,5262,2023-09-06,9.45
12878,6780,2023-12-10,30.45
12879,19633,2024-11-07,9.45
12880,20139,2023-06-05,9.45
12881,14290,2024-07-05,9.45
12882,12988,2024-05-04,30.45
12883,5198,2024-04-10,30.45
12884,16822,2024-08-09,82.95
12885,9991,2024-11-02,30.45
12886,3560,2024-08-12,9.45
12887,19896,2024-07-08,18.9
12888,359,2024-05-07,82.95
12889,8082,2023-03-03,208.95
12890,15078,2024-02-06,9.45
12891,16512,2024-06-03,208.95
12892,9569,2024-06-03,30.45
12893,17371,2024-05-04,30.45
12894,13466,2024-10-06,208.95
12895,9712,2024-01-03,9.45
12896,16451,2023-12-02,82.95
12897,12795,2024-08-04,82.95
12898,13023,2024-01-08,9.45
12899,9331,2024-10-07,82.95
12900,11250,2023-11-10,9.45
12901,10088,2023-02-09,9.45
12902,13641,2024-09-09,9.45
12903,7718,2024-12-05,30.45
12904,4068,2024-07-02,9.45
12905,3181,2024-11-12,9.45
12906,12857,,82.95
12907,12601,2024-01-06,9.45
12908,3637,2024-08-06,9.45
12909,12488,2024-10-09,9.45
12910,15603,2023-12-07,30.45
12911,4259,2024-07-05,30.45
12912,2039,2024-08-08,9.45
12913,13063,2023-09-09,30.45
12914,17897,2023-12-09,30.45
12915,13477,2023-10-04,9.45
12916,14562,2023-07-02,82.95
12917,7194,2024-01-05,30.45
12918,11304,2023-05-07,9.45
12919,2862,2024-05-08,9.45
12920,8729,2023-09-05,82.95
12921,1057,2024-08-01,208.95
12922,7584,2024-09-06,9.45
12923,84,2023-03-05,9.45
12924,7454,2024-10-11,208.95
12925,2544,2024-12-04,9.45
12926,11399,2024-07-03,30.45
12927,15871,2024-08-07,82.95
12928,15322,2023-11-04,9.45
12929,8413,2023-07-03,82.95
12930,11714,2024-06-09,9.45
12931,13502,2024-10-07,82.95
12932,11015,2024-01-06,30.45
12933,4297,2024-04-04,82.95
12934,9729,2024-06-05,30.45
12935,12619,2024-10-09,208.95
12936,11951,2024-06-03,9.45
12937,18971,2023-10-02,82.95
12938,18644,2024-10-04,82.95
12939,3863,2023-11-09,82.95
12940,16578,2024-04-07,9.45
12941,6049,2024-05-07,30.45
12942,4231,2023-08-11,9.45
12943,8909,2024-08-11,208.95
12944,19265,2024-05-09,30.45
12945,6717,2023-10-02,82.95
12946,702,2024-03-07,82.95
12947,9399,2023-09-04,82.95
12948,610,2024-05-02,30.45
12949,15769,2023-08-03,82.95
12950,16108,2024-11-04,82.95
12951,9033,2024-09-03,9.45
12952,16273,2023-03-05,9.45
12953,16982,2023-07-03,9.45
12954,1696,2024-01-10,9.45
12955,2043,2024-12-10,9.45
12956,10819,2023-02-05,30.45
12957,15259,2024-01-05,82.95
12958,19225,2024-11-03,82.95
12959,10847,2024-09-05,30.45
12960,13537,2024-04-09,30.45
12961,14550,2024-03-08,9.45
12962,9939,2024-06-06,9.45
12963,9280,2024-06-05,9.45
12964,1803,2023-12-09,30.45
12965,8731,2023-11-11,82.95
12966,17029,2023-10-08,9.45
12967,8120,2024-03-06,30.45
12968,17491,2023-09-03,30.45
12969,5891,2024-02-03,82.95
12970,4912,2024-01-05,30.45
12971,7841,2024-02-09,82.95
12972,18895,2024-05-09,9.45
12973,2243,2024-05-10,30.45
12974,911,2024-08-05,9.45
12975,18938,2024-05-09,9.45
12976,19918,2023-06-04,9.45
12977,13638,2024-06-07,9.45
12978,3829,2023-10-07,9.45
12979,1649,2024-10-11,9.45
12980,12288,2023-12-10,9.45
12981,558,2024-04-07,82.95
12982,19451,2024-03-06,9.45
12983,2293,2023-08-10,30.45
12984,2229,2023-03-05,30.45
12985,3667,2024-04-04,30.45
12986,9279,2024-05-05,9.45
12987,254,2024-09-07,208.95
12988,10410,2024-05-06,9.45
12989,7950,2023-05-06,30.45
12990,5342,2024-06-12,30.45
12991,13654,2024-06-03,9.45
12992,10507,2023-10-05,30.45
12993,4029,2024-11-03,208.95
12994,14104,2024-01-05,30.45
12995,4959,2024-12-09,9.45
12996,10974,2023-02-10,208.95
12997,1611,2023-12-07,30.45
12998,17663,2024-04-07,9.45
12999,7461,2023-11-06,30.45
13000,13578,2024-10-08,9.45
13001,13094,2024-07-08,30.45
13002,7927,2023-02-12,9.45
13003,11627,2024-04-07,208.95
13004,8457,2023-07-04,30.45
13005,9450,2024-03-08,9.45
13006,16124,2024-06-06,30.45
13007,3656,2024-11-03,82.95
13008,6023,2024-11-05,9.45
13009,10203,2024-05-05,9.45
13010,4307,2023-07-07,82.95
13011,6047,2024-03-06,30.45
13012,17742,2023-04-04,9.45
13013,1652,2024-08-03,9.45
13014,10723,2024-06-03,9.45
13015,4891,2024-11-08,9.45
13016,5792,2024-05-07,82.95
13017,5554,2023-06-10,208.95
13018,4541,2024-09-05,30.45
13019,5825,2024-11-02,82.95
13020,12767,2024-06-11,9.45
13021,14527,2024-10-10,30.45
13022,10962,2024-09-06,82.95
13023,9457,2024-10-03,9.45
13024,3148,2024-06-09,82.95
13025,7582,2024-07-05,9.45
13026,11570,2024-05-07,9.45
13027,20041,2023-10-02,82.95
13028,15781,2023-10-06,30.45
13029,13525,2024-07-12,30.45
13030,5382,2024-03-10,30.45
13031,10952,2023-12-26,82.95
13032,17540,2023-09-02,30.45
13033,5110,2024-11-05,9.45
13034,3320,2023-06-09,9.45
13035,11826,2024-08-03,208.95
13036,13472,2023-05-06,9.45
13037,12366,2024-11-02,30.45
13038,2526,2024-01-02,9.45
13039,4365,2024-02-07,82.95
13040,16194,2024-06-07,82.95
13041,18405,2024-05-10,9.45
13042,2744,2024-11-02,30.45
13043,5500,2024-09-07,30.45
13044,6460,2024-09-03,30.45
13045,1503,2024-10-08,208.95
13046,12252,2024-06-03,9.45
13047,5206,2023-03-10,9.45
13048,12355,2024-08-05,82.95
13049,5131,2024-12-09,208.95
13050,10454,2023-09-04,82.95
13051,3520,2024-12-07,9.45
13052,16398,2024-09-05,9.45
13053,15929,2023-06-08,9.45
13054,6280,2023-09-05,30.45
13055,11395,2024-12-12,9.45
13056,2694,2024-03-09,82.95
13057,17600,2023-10-06,208.95
13058,8373,2023-10-09,30.45
13059,1914,2024-02-09,208.95
13060,18942,2024-09-03,9.45
13061,3065,,9.45
13062,15919,2024-10-12,9.45
13063,4363,2023-12-11,82.95
13064,18927,2023-06-06,9.45
13065,2002,2024-01-07,208.95
13066,20534,2024-11-10,30.45
13067,15972,2024-11-05,9.45
13068,12565,2023-11-04,82.95
13069,14500,2024-06-04,30.45
13070,16326,2024-08-08,9.45
13071,11222,2024-04-11,30.45
13072,13085,2023-09-05,9.45
13073,448,2024-11-04,9.45
13074,3976,2024-02-08,9.45
13075,15418,2024-11-06,30.45
13076,6804,2024-11-01,9.45
13077,12275,2024-09-04,9.45
13078,20477,2023-09-11,9.45
13079,8468,2024-06-06,30.45
13080,19677,2024-11-07,9.45
13081,5842,2024-08-08,9.45
13082,8183,2024-05-10,30.45
13083,12614,2024-05-07,208.95
13084,1017,2023-05-07,9.45
13085,8727,2023-07-03,82.95
13086,63,2023-04-04,82.95
13087,5348,2024-12-10,30.45
13088,5247,2024-08-08,9.45
13089,19131,2024-04-07,9.45
13090,12122,2024-03-06,9.45
13091,11065,2024-06-06,9.45
13092,1969,2024-10-02,30.45
13093,3764,2024-01-09,9.45
13094,19159,2024-11-08,82.95
13095,3302,2024-08-09,30.45
13096,8819,2024-05-04,82.95
13097,17076,2024-07-10,9.45
13098,9166,2023-10-09,9.45
13099,18362,2024-06-08,9.45
13100,10578,2024-11-09,9.45
13101,10647,2024-05-06,9.45
13102,12232,2024-05-06,30.45
13103,7079,2024-11-05,30.45
13104,10973,2024-12-03,82.95
13105,11649,2024-07-03,9.45
13106,3975,2024-12-04,9.45
13107,1095,2024-12-07,9.45
13108,11611,2024-12-04,9.45
13109,8070,2024-11-10,9.45
13110,1089,2024-06-06,9.45
13111,16531,2023-12-06,82.95
13112,9435,2024-05-05,9.45
13113,4122,2024-07-05,82.95
13114,12237,2024-10-11,30.45
13115,11928,2024-05-06,30.45
13116,4871,2024-08-11,9.45
13117,14438,2023-01-04,30.45
13118,5945,2024-09-06,9.45
13119,10632,2024-05-05,208.95
13120,1655,2024-11-09,9.45
13121,16668,2024-11-11,30.45
13122,8663,2023-12-04,9.45
13123,14000,2023-10-05,9.45
13124,6752,2023-07-03,82.95
13125,5512,2023-07-06,208.95
13126,2159,2024-06-11,30.45
13127,3925,2024-03-09,30.45
13128,14600,2024-07-03,208.95
13129,20154,2024-09-07,9.45
13130,1788,2024-12-09,82.95
13131,4058,2024-07-12,82.95
13132,16974,2024-11-09,9.45
13133,6969,2023-03-09,82.95
13134,17591,2024-06-07,9.45
13135,17411,2024-12-06,9.45
13136,15738,2024-10-08,82.95
13137,5427,2024-09-03,9.45
13138,6341,2024-12-09,82.95
13139,5020,2023-11-06,9.45
13140,11521,2024-05-11,9.45
13141,4124,2024-09-02,82.95
13142,10323,2024-05-08,9.45
13143,13126,2023-09-09,30.45
13144,15284,2024-03-01,82.95
13145,18945,2024-12-02,9.45
13146,8833,2023-04-08,82.95
13147,16976,2023-01-09,9.45
13148,5164,2023-12-05,208.95
13149,15624,2023-07-10,30.45
13150,1279,2023-02-02,9.45
13151,3602,2024-09-04,9.45
13152,5657,2024-08-11,30.45
13153,13888,2023-01-03,9.45
13154,11106,2024-02-07,9.45
13155,8618,2023-02-08,82.95
13156,9151,2024-05-02,208.95
13157,17125,2024-04-02,30.45
13158,5051,,82.95
13159,12073,2024-11-05,9.45
13160,17942,2024-06-05,9.45
13161,9313,2023-12-03,82.95
13162,3118,2024-07-10,165.9
13163,3580,2024-04-08,9.45
13164,205,2024-02-07,208.95
13165,18811,2024-08-07,208.95
13166,1413,2024-06-08,9.45
13167,9534,2024-11-07,30.45
13168,5958,2023-12-06,30.45
13169,9813,2023-06-09,9.45
13170,8905,2023-09-10,9.45
13171,7249,2023-10-10,208.95
13172,1286,2023-09-11,9.45
13173,11693,2024-07-05,9.45
13174,12752,2023-10-09,9.45
13175,19002,2023-10-06,9.45
13176,13174,2023-08-02,9.45
13177,2611,2023-09-11,9.45
13178,3497,2024-10-12,30.45
13179,1423,2024-09-07,30.45
13180,5197,2024-03-06,30.45
13181,2697,2024-06-04,82.95
13182,10442,2024-07-12,9.45
13183,3759,2024-09-03,30.45
13184,13196,2023-11-01,82.95
13185,18813,2024-10-09,208.95
13186,20188,2024-07-10,9.45
13187,2539,2024-07-07,9.45
13188,1365,2023-05-04,30.45
13189,5469,2023-09-09,9.45
13190,18073,2024-02-08,30.45
13191,16635,2023-04-06,208.95
13192,6763,2024-06-10,82.95
13193,16097,2024-12-08,82.95
13194,16792,2024-07-10,9.45
13195,7672,2023-08-09,9.45
13196,2860,2024-03-07,9.45
13197,18754,2024-07-07,30.45
13198,17622,2024-09-09,30.45
13199,13624,2024-02-09,208.95
13200,19856,2024-12-09,9.45
13201,18721,2024-11-05,30.45
13202,15991,2024-08-11,9.45
13203,20536,2023-02-09,30.45
13204,14566,2024-09-06,9.45
13205,10947,2024-10-09,30.45
13206,13728,2023-05-06,30.45
13207,7665,2024-04-06,9.45
13208,16077,2024-01-01,30.45
13209,1522,2024-05-02,82.95
13210,7410,2024-06-12,9.45
13211,8859,2023-07-10,9.45
13212,15855,2023-10-09,9.45
13213,13644,2024-12-07,9.45
13214,5840,2024-06-09,9.45
13215,5191,2023-12-09,30.45
13216,9215,2024-06-10,9.45
13217,12665,2024-10-08,9.45
13218,11768,2023-08-09,9.45
13219,7303,2024-12-08,9.45
13220,947,2023-04-02,9.45
13221,20395,2024-02-09,30.45
13222,18885,2023-07-07,9.45
13223,18165,2024-10-07,30.45
13224,20037,2023-06-09,82.95
13225,12478,2023-12-07,9.45
13226,18574,2024-05-11,9.45
13227,20399,2024-06-04,30.45
13228,12683,2024-04-05,30.45
13229,17273,2024-10-12,30.45
13230,13154,2023-09-05,82.95
13231,7336,2023-11-06,30.45
13232,168,2024-08-06,9.45
13233,19258,2023-10-07,30.45
13234,10259,2024-01-03,9.45
13235,13252,2024-08-06,208.95
13236,17863,2024-12-08,30.45
13237,17421,2024-01-11,9.45
13238,5991,2023-07-08,208.95
13239,5590,2024-08-10,82.95
13240,10857,2023-05-03,82.95
13241,4478,2023-11-12,208.95
13242,18487,2024-12-09,9.45
13243,2116,2023-12-06,30.45
13244,142,2024-04-10,9.45
13245,500,2023-04-09,82.95
13246,11234,2024-03-06,82.95
13247,7842,2024-03-03,82.95
13248,10219,2024-03-12,30.45
13249,1231,,30.45
13250,9721,2024-10-02,9.45
13251,16066,2024-09-02,30.45
13252,1038,2024-09-05,9.45
13253,2117,2024-01-03,30.45
13254,5865,2024-12-03,30.45
13255,6947,2023-05-08,30.45
13256,6186,2024-02-09,30.45
13257,1741,2024-05-07,208.95
13258,13513,2024-01-01,82.95
13259,16768,2024-02-03,82.95
13260,8344,2024-07-05,9.45
13261,8621,2023-06-06,9.45
13262,3915,2024-07-04,9.45
13263,10041,2024-12-03,30.45
13264,17633,2024-05-07,82.95
13265,4448,2024-05-03,208.95
13266,6487,2024-09-04,9.45
13267,20375,2024-04-07,9.45
13268,367,2024-01-10,30.45
13269,18278,2024-10-05,9.45
13270,1996,2024-10-08,30.45
13271,9174,2024-06-03,9.45
13272,8831,2023-05-06,30.45
13273,6748,2024-09-06,9.45
13274,13454,2024-07-05,9.45
13275,2258,2024-04-08,30.45
13276,8898,2024-09-11,9.45
13277,806,2024-05-07,9.45
13278,17814,2024-11-02,9.45
13279,10866,2024-02-07,82.95
13280,8915,2023-02-09,30.45
13281,16246,2024-06-03,30.45
13282,2900,2024-11-12,82.95
13283,8822,2024-08-04,82.95
13284,9848,2024-05-11,82.95
13285,18750,2024-03-06,30.45
13286,14051,2024-06-03,9.45
13287,10208,2024-10-06,9.45
13288,20092,2024-05-10,30.45
13289,11257,2024-06-01,9.45
13290,20083,2024-03-10,30.45
13291,13188,2024-10-02,9.45
13292,12508,2024-02-05,9.45
13293,6222,2024-12-07,82.95
13294,15304,2024-02-05,82.95
13295,11115,2024-11-03,9.45
13296,18156,2024-01-04,30.45
13297,1297,2024-08-06,9.45
13298,16293,2024-11-09,9.45
13299,4479,2023-12-08,208.95
13300,18238,2024-04-08,30.45
13301,18609,2023-08-03,82.95
13302,4790,2024-04-03,9.45
13303,1010,2024-09-10,30.45
13304,4186,2024-10-10,9.45
13305,2974,2023-10-04,82.95
13306,4814,2023-11-03,9.45
13307,14418,2024-09-11,30.45
13308,13859,2023-08-04,30.45
13309,5733,2024-02-06,9.45
13310,8258,2023-04-04,30.45
13311,13737,2024-02-06,30.45
13312,13709,2023-07-01,30.45
13313,7837,2023-10-12,82.95
13314,4883,2024-03-09,9.45
13315,2155,2024-02-03,30.45
13316,8463,2024-01-11,30.45
13317,13460,2024-04-06,208.95
13318,10882,2024-03-07,30.45
13319,15955,2023-09-10,82.95
13320,2380,2024-05-09,9.45
13321,591,2024-10-06,90.0
13322,13843,2024-11-11,82.95
13323,5688,2024-11-03,30.45
13324,11940,2024-04-04,9.45
13325,130,2024-01-04,30.45
13326,5716,2024-08-09,82.95
13327,11160,2024-11-03,30.45
13328,4437,2024-10-05,82.95
13329,8503,2024-03-05,82.95
13330,13573,2024-05-11,9.45
13331,6476,2023-10-09,9.45
13332,18423,2024-11-04,82.95
13333,3677,2023-04-10,9.45
13334,1570,2023-11-07,82.95
13335,8826,2024-12-11,82.95
13336,3616,2024-12-06,9.45
13337,11798,2024-12-05,9.45
13338,200,2023-09-09,208.95
13339,17284,2024-02-07,30.45
13340,15688,2024-04-11,208.95
13341,18548,2023-11-08,82.95
13342,10649,2024-07-06,9.45
13343,17069,2023-12-02,9.45
13344,12425,2024-08-06,82.95
13345,4464,2024-12-10,9.45
13346,8873,,9.45
13347,17925,2024-03-09,9.45
13348,3422,2023-11-08,9.45
13349,2919,2024-09-04,82.95
13350,11958,2023-08-11,9.45
13351,4218,2024-11-02,82.95
13352,909,2024-06-08,9.45
13353,6596,2024-07-03,9.45
13354,8600,2024-11-04,30.45
13355,3441,2023-11-10,30.45
13356,20482,2023-10-07,9.45
13357,3659,2023-08-03,30.45
13358,16378,2024-05-10,208.95
13359,12751,2023-09-07,9.45
13360,286,2023-05-10,30.45
13361,16347,2023-08-07,82.95
13362,17038,2024-07-03,9.45
13363,8557,2024-03-02,9.45
13364,7269,2024-01-09,9.45
13365,18922,2024-08-04,30.45
13366,7972,2023-09-04,30.45
13367,19866,2024-05-10,30.45
13368,14254,2024-03-09,30.45
13369,10053,2024-10-03,30.45
13370,6523,2024-10-04,30.45
13371,12743,2024-11-06,208.95
13372,12418,2024-01-02,82.95
13373,4098,2024-10-10,9.45
13374,7777,2024-06-11,9.45
13375,3899,2023-03-04,9.45
13376,15220,2024-06-05,9.45
13377,13501,2024-09-03,82.95
13378,2915,2024-10-02,9.45
13379,16082,2024-06-05,30.45
13380,274,2024-08-11,9.45
13381,4296,2024-03-07,82.95
13382,13115,2024-06-08,208.95
13383,3222,2024-08-10,9.45
13384,2267,2024-05-05,9.45
13385,8057,2023-10-09,9.45
13386,11566,2024-01-03,9.45
13387,15998,2024-05-09,82.95
13388,13049,2024-01-07,9.45
13389,20401,2024-08-09,30.45
13390,4812,2023-09-11,9.45
13391,15842,2024-12-08,9.45
13392,734,2024-10-04,208.95
13393,4610,2023-02-08,9.45
13394,20265,2024-04-05,82.95
13395,4348,2024-05-03,9.45
13396,3202,2024-03-10,30.45
13397,19724,2024-06-06,82.95
13398,17874,2024-09-10,30.45
13399,189,2024-09-09,30.45
13400,4140,2024-10-09,82.95
13401,14951,2023-04-12,82.95
13402,16776,2024-10-10,82.95
13403,1773,2023-09-10,82.95
13404,358,2024-04-04,82.95
13405,13173,,9.45
13406,14913,2023-10-08,9.45
13407,3239,2024-05-03,30.45
13408,13017,2024-11-06,9.45
13409,12895,2024-09-09,30.45
13410,16323,2024-05-04,9.45
13411,19629,2024-07-08,9.45
13412,18003,2023-12-25,82.95
13413,15075,2023-11-01,9.45
13414,7414,2024-10-05,9.45
13415,4947,2023-12-03,9.45
13416,16862,2023-05-09,9.45
13417,7271,2024-03-06,9.45
13418,1919,2024-07-07,208.95
13419,920,2024-10-07,30.45
13420,2419,2023-12-02,82.95
13421,18068,2023-09-08,30.45
13422,3144,2024-02-03,82.95
13423,3643,2024-07-06,9.45
13424,16455,2023-07-06,9.45
13425,19294,2024-11-04,9.45
13426,8227,2024-12-07,9.45
13427,17687,2024-06-09,9.45
13428,10816,2024-10-03,9.45
13429,11601,2024-02-10,9.45
13430,3460,2024-05-09,9.45
13431,5396,2024-02-09,82.95
13432,19414,2023-11-05,9.45
13433,4675,2023-07-07,9.45
13434,759,2024-06-02,30.45
13435,17912,2023-12-07,82.95
13436,15861,2024-04-07,9.45
13437,5352,2023-04-11,82.95
13438,1614,2024-03-09,30.45
13439,463,2024-07-09,9.45
13440,1242,2024-02-12,9.45
13441,7652,2023-03-10,9.45
13442,15067,2024-12-11,30.45
13443,16384,2025-02-10,208.95
13444,10855,2024-12-05,30.45
13445,1189,2024-03-04,9.45
13446,2772,2024-06-08,82.95
13447,18283,2023-06-03,9.45
13448,7435,,82.95
13449,9868,2024-05-04,208.95
13450,10567,2024-06-06,82.95
13451,15598,2024-06-09,82.95
13452,9859,,208.95
13453,1205,2024-01-08,82.95
13454,5043,2023-10-06,82.95
13455,2348,2024-08-02,82.95
13456,17909,2024-12-10,30.45
13457,7388,2024-02-02,9.45
13458,14072,2024-08-28,9.45
13459,10366,2024-09-02,30.45
13460,11419,2024-09-02,9.45
13461,4966,2024-10-05,30.45
13462,1454,2024-01-10,30.45
13463,5678,2024-12-12,30.45
13464,14965,2024-06-02,82.95
13465,2487,2024-05-12,9.45
13466,17253,2024-04-04,30.45
13467,14633,2024-04-07,9.45
13468,7315,2024-03-06,9.45
13469,8259,2023-05-09,30.45
13470,10328,2024-10-01,9.45
13471,2255,2024-01-03,30.45
13472,16673,2024-09-02,30.45
13473,17431,2023-11-09,9.45
13474,2357,2023-12-03,82.95
13475,18080,2024-09-07,30.45
13476,440,2024-10-05,30.45
13477,5135,2024-06-05,208.95
13478,14753,2023-08-08,30.45
13479,1428,2023-10-04,30.45
13480,2937,2023-07-07,9.45
13481,16818,2024-04-04,82.95
13482,19550,2024-10-06,82.95
13483,6030,2024-07-04,30.45
13484,13332,2024-06-07,9.45
13485,912792,2024-05-11,82.95
13486,18759,2024-12-08,30.45
13487,17119,2024-08-03,30.45
13488,9356,2024-11-01,9.45
13489,20209,2024-07-03,9.45
13490,1002,,30.45
13491,2020,2024-06-02,9.45
13492,9362,2024-07-08,165.9
13493,3094,2024-08-11,30.45
13494,316,2023-05-06,9.45
13495,2625,2024-11-07,9.45
13496,12530,2024-07-09,60.9
13497,6982,2024-04-08,82.95
13498,16330,2024-12-05,9.45
13499,9675,2023-12-07,30.45
13500,18881,2024-04-01,82.95
13501,6300,2023-09-03,30.45
13502,4395,2023-11-06,9.45
13503,3334,2024-08-08,9.45
13504,12132,2023-09-04,9.45
13505,11981,2024-12-04,9.45
13506,19305,2023-01-04,30.45
13507,15745,2024-09-11,30.45
13508,2769,2024-03-03,82.95
13509,5626,2024-11-08,82.95
13510,2066,2024-09-10,9.45
13511,15251,2023-05-11,82.95
13512,1977,2024-01-08,30.45
13513,14224,2024-04-06,30.45
13514,7425,2023-08-03,82.95
13515,14344,2024-03-07,82.95
13516,19214,2024-03-20,82.95
13517,13836,2024-04-03,82.95
13518,19500,2024-07-09,82.95
13519,12431,2023-10-08,30.45
13520,15070,2023-06-09,9.45
13521,1296,2024-07-06,9.45
13522,2730,2024-04-09,9.45
13523,3115,2024-04-04,82.95
13524,11016,2024-02-04,30.45
13525,8573,2024-04-01,208.95
13526,9849,2024-06-06,82.95
13527,17541,2023-10-09,30.45
13528,17680,2023-11-08,9.45
13529,9390,2024-10-09,9.45
13530,12427,2024-10-04,82.95
13531,3918,2024-10-11,9.45
13532,1430,2023-12-08,30.45
13533,14668,2024-08-09,9.45
13534,7476,2023-06-05,30.45
13535,19417,2024-02-08,9.45
13536,4693,2023-11-10,9.45
13537,13014,2024-08-03,9.45
13538,10757,2024-10-07,208.95
13539,881,2023-11-06,208.95
13540,20512,2023-02-02,9.45
13541,14173,2023-08-12,82.95
13542,4110,2024-05-05,82.95
13543,9117,2024-05-11,30.45
13544,13652,2024-04-06,9.45
13545,6249,2024-03-06,82.95
13546,7467,2024-05-07,30.45
13547,14358,2023-07-10,82.95
13548,1123,2024-08-02,30.45
13549,6671,2023-12-03,30.45
13550,608,2024-03-07,30.45
13551,4996,2024-05-08,30.45
13552,13935,2023-12-09,30.45
13553,7357,2024-09-09,82.95
13554,4294,2024-01-02,82.95
13555,7196,2024-03-04,30.45
13556,8924,2023-11-11,30.45
13557,639,2024-02-06,9.45
13558,6345,2024-02-09,9.45
13559,15978,2023-07-03,9.45
13560,3883,2023-10-10,9.45
13561,2374,2023-11-02,9.45
13562,8211,2023-08-09,9.45
13563,6891,2024-04-07,82.95
13564,14881,2023-06-09,82.95
13565,17532,2024-08-04,30.45
13566,10695,2023-12-09,9.45
13567,9476,2023-09-08,9.45
13568,18857,2024-10-10,30.45
13569,10997,2024-01-06,9.45
13570,11383,2023-12-11,9.45
13571,1833,2023-11-05,82.95
13572,10630,2024-03-06,208.95
13573,15152,2023-01-07,208.95
13574,6694,2024-04-08,9.45
13575,12154,2024-04-04,30.45
13576,2921,2024-11-06,82.95
13577,704,2024-05-07,82.95
13578,17103,2024-06-05,9.45
13579,8615,2024-11-09,9.45
13580,16221,2024-09-09,9.45
13581,16367,2023-06-12,208.95
13582,2233,2023-07-03,30.45
13583,7532,2024-08-03,9.45
13584,20044,2024-01-03,82.95
13585,19349,2023-09-07,30.45
13586,9431,2024-11-09,208.95
13587,5430,2024-12-06,9.45
13588,3698,2023-02-10,30.45
13589,8133,2023-10-08,30.45
13590,19114,2024-10-07,30.45
13591,4084,2024-06-05,30.45
13592,9581,2024-01-06,82.95
13593,5345,2024-09-06,30.45
13594,10190,2024-01-08,82.95
13595,4152,2023-11-04,30.45
13596,15252,2023-06-02,82.95
13597,5677,2024-11-05,30.45
13598,17998,2024-12-11,208.95
13599,9167,2023-11-02,9.45
13600,2960,2023-11-06,82.95
13601,17681,2023-12-03,9.45
13602,8579,2024-10-08,208.95
13603,6690,2023-12-06,9.45
13604,9241,2023-12-11,30.45
13605,9825,2024-06-06,9.45
13606,19424,2024-09-07,9.45
13607,13966,2023-02-04,9.45
13608,10937,2024-09-08,82.95
13609,8505,2024-05-03,82.95
13610,2445,2023-04-08,82.95
13611,8130,2023-07-02,30.45
13612,323,2023-12-05,9.45
13613,19662,2023-08-10,9.45
13614,9772,2024-06-05,9.45
13615,10592,2024-08-05,9.45
13616,7762,2024-01-03,82.95
13617,17763,2024-05-06,82.95
13618,2768,2024-02-03,82.95
13619,7861,2024-04-05,9.45
13620,7282,2023-03-06,9.45
13621,13507,2023-07-09,82.95
13622,1589,2024-06-04,30.45
13623,19362,2024-10-03,30.45
13624,18188,2023-09-04,9.45
13625,7125,2024-10-08,30.45
13626,12574,2024-08-07,82.95
13627,2114,2023-10-12,30.45
13628,1226,2023-10-11,30.45
13629,19460,2024-12-09,9.45
13630,17051,2024-03-04,30.45
13631,12694,2024-11-19,9.45
13632,2905,2023-12-04,9.45
13633,3398,2024-03-11,9.45
13634,8321,2024-04-05,9.45
13635,7354,2024-06-09,82.95
13636,7648,2024-10-03,208.95
13637,18117,2023-10-09,30.45
13638,3771,2024-08-06,9.45
13639,6003,2024-07-07,417.9
13640,10776,2023-04-09,82.95
13641,12129,2024-10-02,9.45
13642,2558,2024-03-04,9.45
13643,1055,2024-06-12,208.95
13644,7954,2023-09-12,30.45
13645,1019,2023-07-02,9.45
13646,8957,2024-04-07,9.45
13647,7701,2023-07-06,30.45
13648,16165,2023-10-06,30.45
13649,15893,2024-06-11,30.45
13650,18838,2024-12-08,9.45
13651,10354,2023-09-08,30.45
13652,3056,2024-03-07,9.45
13653,3280,2024-10-04,9.45
13654,18865,2024-12-06,30.45
13655,17401,2024-02-01,9.45
13656,14861,2023-05-08,9.45
13657,5124,2024-11-10,9.45
13658,9838,2023-07-02,82.95
13659,19156,2024-08-01,82.95
13660,18846,2023-11-09,30.45
13661,17579,2024-06-07,208.95
13662,10343,2024-10-09,9.45
13663,1355,2024-11-09,208.95
13664,15119,2024-07-02,82.95
13665,15550,2024-10-11,9.45
13666,7080,2024-12-07,30.45
13667,7875,2023-06-04,208.95
13668,9684,2024-09-05,30.45
13669,1992,2024-06-03,30.45
13670,14895,2024-08-03,82.95
13671,16423,2024-03-02,9.45
13672,12937,2024-10-11,30.45
13673,9765,2023-11-10,9.45
13674,6631,2024-01-10,208.95
13675,3243,2024-09-01,30.45
13676,11092,2024-11-10,30.45
13677,7155,2024-03-09,30.45
13678,18241,2024-07-10,30.45
13679,14419,2024-10-12,30.45
13680,18412,2024-12-10,9.45
13681,11978,2024-09-03,9.45
13682,5831,2023-09-07,9.45
13683,4384,2023-12-08,208.95
13684,1222,2024-11-06,30.45
13685,13880,2024-05-07,82.95
13686,14901,2024-05-09,30.45
13687,3651,2024-06-09,82.95
13688,7111,2023-08-03,30.45
13689,2103,2024-11-04,9.45
13690,3728,2024-08-06,82.95
13691,8975,2023-11-09,30.45
13692,2533,2024-08-10,9.45
13693,11754,2024-04-04,30.45
13694,6433,2024-08-05,82.95
13695,20152,2024-07-09,9.45
13696,1616,2024-05-10,30.45
13697,18618,2024-05-10,82.95
13698,8171,2023-05-05,30.45
13699,17249,2024-11-04,9.45
13700,12209,2023-03-09,30.45
13701,3843,2024-12-05,9.45
13702,174,2024-05-09,30.45
13703,2948,2024-06-02,9.45
13704,4528,2024-12-08,9.45
13705,15910,2024-01-09,9.45
13706,10301,2024-09-03,9.45
13707,1044,2023-07-10,208.95
13708,17053,2024-05-10,30.45
13709,16337,2024-08-04,82.95
13710,10547,2024-05-04,9.45
13711,12549,2024-11-09,30.45
13712,8742,2024-12-04,82.95
13713,16636,2023-05-03,208.95
13714,4346,2024-03-02,9.45
13715,4251,2023-11-04,30.45
13716,19081,2023-10-04,82.95
13717,14604,2024-11-03,208.95
13718,12049,2023-04-11,9.45
13719,20459,2023-07-06,9.45
13720,14503,2024-09-09,30.45
13721,994,2024-03-08,82.95
13722,4957,2024-10-04,9.45
13723,16064,2024-07-05,30.45
13724,378,2024-12-12,30.45
13725,7638,2024-07-05,9.45
13726,8694,2023-11-09,9.45
13727,3625,2024-06-12,82.95
13728,14015,2023-12-06,9.45
13729,9512,2024-04-01,208.95
13730,2090,2024-08-08,82.95
13731,6637,2024-07-08,208.95
13732,6553,2024-06-08,30.45
13733,16536,2024-05-01,82.95
13734,14958,2023-11-11,82.95
13735,6373,2024-10-09,82.95
13736,20343,2024-11-02,30.45
13737,2514,2024-12-10,9.45
13738,13748,2023-02-10,9.45
13739,11857,2024-09-02,9.45
13740,17131,2024-10-05,30.45
13741,9400,,82.95
13742,5737,2024-06-07,9.45
13743,3164,,82.95
13744,14602,2024-09-03,208.95
13745,7173,2023-12-03,9.45
13746,15636,2024-07-10,30.45
13747,7548,2024-12-09,30.45
13748,11117,2024-03-07,82.95
13749,211,2024-08-05,208.95
13750,512,2024-04-09,82.95
13751,4927,2024-10-04,9.45
13752,15331,2024-08-01,9.45
13753,6237,2024-01-09,30.45
13754,17216,2024-03-04,9.45
13755,16941,2024-12-04,82.95
13756,7545,2024-09-07,30.45
13757,12996,2024-04-04,9.45
13758,10427,2024-09-04,9.45
13759,19291,2024-08-11,9.45
13760,568,2024-02-06,30.45
13761,6215,2024-08-21,82.95
13762,10050,2024-07-04,30.45
13763,12974,2024-11-03,9.45
13764,18656,2024-09-01,9.45
13765,3954,2024-09-05,82.95
13766,5549,2024-10-04,9.45
13767,6502,2024-09-03,82.95
13768,15708,2024-07-09,60.9
13769,13536,2024-03-03,30.45
13770,15475,2024-06-05,9.45
13771,1004,2024-03-11,30.45
13772,11875,2024-09-05,30.45
13773,13437,2024-12-07,82.95
13774,15178,2023-11-02,30.45
13775,6513,2023-12-04,30.45
13776,17138,2024-03-09,30.45
13777,6250,2024-07-20,82.95
13778,905360,2023-12-09,82.95
13779,640,2024-03-04,9.45
13780,556,2024-02-04,82.95
13781,5772,2023-12-02,30.45
13782,12075,2024-04-08,82.95
13783,3914,2024-06-05,9.45
13784,18031,2023-08-10,82.95
13785,10509,2024-03-07,30.45
13786,1598,2024-06-09,82.95
13787,15526,2024-08-08,30.45
13788,19397,2024-02-02,30.45
13789,5289,2023-09-02,30.45
13790,18592,2024-03-10,30.45
13791,13596,2024-02-07,9.45
13792,5637,2023-10-11,30.45
13793,10612,2024-07-10,60.9
13794,10207,2024-09-05,9.45
13795,14377,2024-05-02,9.45
13796,9037,2023-03-08,9.45
13797,3122,2024-11-08,82.95
13798,19191,2024-03-06,82.95
13799,4495,2024-03-04,9.45
13800,11136,2024-09-08,30.45
13801,17693,2025-03-01,9.45
13802,3326,2023-12-10,9.45
13803,3488,2024-01-02,30.45
13804,12445,2024-12-01,30.45
13805,20223,2024-10-08,9.45
13806,15714,2024-02-08,30.45
13807,12728,2023-08-05,208.95
13808,12306,2023-12-12,30.45
13809,16316,2024-08-05,30.45
13810,12094,2023-10-09,30.45
13811,20098,2024-11-03,30.45
13812,7015,2023-06-02,82.95
13813,3420,2023-09-07,9.45
13814,19125,2023-10-09,9.45
13815,7971,2023-08-07,30.45
13816,14628,2023-11-09,9.45
13817,14456,2024-07-03,30.45
13818,14918,2024-03-03,9.45
13819,12221,2024-03-03,30.45
13820,6926,2023-05-04,9.45
13821,8491,2024-12-11,9.45
13822,5705,2023-09-11,82.95
13823,19059,2024-06-06,82.95
13824,5036,2023-03-08,82.95
13825,1678,2024-06-05,30.45
13826,10373,2024-03-08,9.45
13827,1157,2024-11-09,9.45
13828,10090,2023-04-05,9.45
13829,10903,2023-05-07,9.45
13830,16586,2024-12-04,9.45
13831,10098,2024-06-05,208.95
13832,1583,2024-12-10,82.95
13833,1229,2024-01-08,30.45
13834,20385,2024-03-07,30.45
13835,15080,2024-04-03,9.45
13836,5313,2024-11-07,82.95
13837,9900,2024-08-08,9.45
13838,1259,2024-11-05,82.95
13839,6708,2024-12-10,30.45
13840,3092,2024-06-09,30.45
13841,14300,2024-05-03,30.45
13842,3523,2023-10-10,9.45
13843,4332,2024-06-04,9.45
13844,11998,2024-08-03,9.45
13845,14825,2024-01-07,9.45
13846,11946,2024-10-06,9.45
13847,19136,2024-11-21,9.45
13848,17636,2024-08-08,82.95
13849,13029,2024-07-01,9.45
13850,3816,2024-09-02,82.95
13851,6234,2024-12-03,30.45
13852,12650,2023-07-11,9.45
13853,13054,2024-06-10,9.45
13854,15389,2024-02-06,9.45
13855,6561,2023-03-07,30.45
13856,18183,2024-10-02,30.45
13857,8762,2024-09-01,30.45
13858,7694,2024-11-11,9.45
13859,20263,2024-02-10,82.95
13860,10293,2024-01-09,9.45
13861,679,2024-03-08,9.45
13862,1452,2023-11-08,30.45
13863,13633,2024-01-08,9.45
13864,2061,2024-04-06,9.45
13865,15865,2024-08-03,9.45
13866,19416,2024-01-04,9.45
13867,9444,2023-09-10,9.45
13868,16620,2023-11-09,9.45
13869,9339,2024-08-21,9.45
13870,6507,2023-06-09,30.45
13871,17535,2024-11-05,30.45
13872,8048,2024-04-10,9.45
13873,8796,2024-10-04,82.95
13874,8674,2024-11-12,9.45
13875,12960,2024-02-12,30.45
13876,19430,2024-08-06,30.45
13877,16443,2024-12-02,208.95
13878,14249,2023-10-09,30.45
13879,14276,2023-05-12,9.45
13880,490,2024-06-12,9.45
13881,9642,2024-11-10,30.45
13882,3865,2024-01-04,82.95
13883,16508,2024-12-03,82.95
13884,9314,2024-01-06,82.95
13885,6873,2024-07-04,30.45
13886,4593,2024-07-10,18.9
13887,15657,2023-04-06,30.45
13888,6218,2024-08-05,82.95
13889,14260,2024-09-08,30.45
13890,13665,2024-06-02,9.45
13891,18702,2023-04-12,30.45
13892,9276,2024-02-04,9.45
13893,18027,2023-04-10,82.95
13894,12947,2024-06-02,208.95
13895,7160,2024-08-04,30.45
13896,5656,2024-07-04,30.45
13897,3592,2023-11-11,9.45
13898,16846,2024-01-05,82.95
13899,9792,2024-02-07,30.45
13900,8572,2024-03-01,208.95
13901,13915,2024-01-12,30.45
13902,339,2024-10-09,30.45
13903,1886,2023-08-04,30.45
13904,13822,2024-05-09,30.45
13905,4193,2024-11-11,30.45
13906,19358,,30.45
13907,5921,2023-12-06,82.95
13908,8377,2024-02-11,30.45
13909,9438,2024-08-04,9.45
13910,11938,2024-02-02,9.45
13911,4392,2023-08-07,9.45
13912,1538,2023-10-09,9.45
13913,19378,2024-07-01,30.45
13914,9988,2024-08-01,30.45
13915,18413,2024-01-10,82.95
13916,14864,2023-08-04,9.45
13917,19753,2024-09-05,9.45
13918,2739,2024-06-08,30.45
13919,7536,2024-12-02,9.45
13920,10538,2024-08-08,82.95
13921,11009,2023-07-05,30.45
13922,5236,2023-09-03,9.45
13923,2747,2023-05-08,9.45
13924,12064,2024-07-02,9.45
13925,8749,2024-04-02,30.45
13926,19364,2024-12-05,30.45
13927,12903,2023-10-10,9.45
13928,1742,2024-06-02,208.95
13929,11758,2024-08-04,30.45
13930,902815,2024-01-11,9.45
13931,3234,2023-12-03,30.45
13932,19210,2023-08-06,82.95
13933,11044,2024-08-03,208.95
13934,8741,2024-09-08,82.95
13935,13971,2023-07-09,9.45
13936,11173,2024-09-09,9.45
13937,12997,2024-05-08,9.45
13938,17108,,9.45
13939,11974,2024-12-07,9.45
13940,18591,2024-02-03,30.45
13941,8671,2024-08-02,9.45
13942,11281,2024-07-04,9.45
13943,17534,2024-10-07,30.45
13944,12564,2023-10-05,82.95
13945,2401,2023-07-03,82.95
13946,10030,2024-02-08,9.45
13947,7412,2024-08-05,9.45
13948,19821,2024-10-02,30.45
13949,451,2023-07-05,9.45
13950,14343,2024-02-04,82.95
13951,6359,2024-07-08,30.45
13952,19730,2024-11-04,30.45
13953,15782,2023-11-06,30.45
13954,4740,2024-09-04,9.45
13955,9542,2024-10-10,30.45
13956,13431,2024-06-03,82.95
13957,16730,2023-09-07,9.45
13958,5647,2024-08-07,30.45
13959,6011,2023-11-06,9.45
13960,8193,2024-08-07,9.45
13961,668,2023-04-01,9.45
13962,19562,2023-11-02,9.45
13963,9554,2023-03-11,30.45
13964,6333,2024-11-11,9.45
13965,4761,2024-07-03,417.9
13966,2012,2024-11-07,208.95
13967,15857,2023-12-05,9.45
13968,19153,2024-05-06,82.95
13969,6586,2023-09-06,9.45
13970,18939,2024-06-09,9.45
13971,17923,2024-11-02,82.95
13972,19784,2024-12-11,9.45
13973,5224,2024-09-04,9.45
13974,16611,2024-07-07,9.45
13975,4852,2023-12-08,30.45
13976,10370,2023-12-08,9.45
13977,18583,2024-08-10,30.45
13978,12040,2024-04-09,9.45
13979,8197,2024-12-05,9.45
13980,3288,2024-02-02,30.45
13981,10979,2023-07-04,208.95
13982,20451,2023-11-06,9.45
13983,5303,2024-12-02,82.95
13984,10808,2024-02-02,9.45
13985,13538,2024-05-11,30.45
13986,3135,2023-05-04,82.95
13987,741,2023-07-06,30.45
13988,15513,2024-11-02,30.45
13989,8622,2023-07-08,9.45
13990,784,2023-07-11,30.45
13991,5220,2024-05-12,9.45
13992,2734,2024-08-10,9.45
13993,9665,2024-04-04,9.45
13994,17714,2024-06-05,30.45
13995,3761,2024-11-08,30.45
13996,8313,2024-09-01,9.45
13997,16990,2024-03-05,9.45
13998,14926,2024-04-06,82.95
13999,15050,2024-06-05,9.45
14000,14055,2024-10-07,9.45
14001,6076,2024-01-11,9.45
14002,16079,2024-03-09,30.45
14003,17865,2023-12-06,30.45
14004,3138,2023-08-06,82.95
14005,3552,2024-10-06,82.95
14006,13747,2024-12-10,30.45
14007,4051,2023-12-07,82.95
14008,3217,2024-03-09,9.45
14009,5644,2024-05-09,30.45
14010,12297,2024-09-04,9.45
14011,15492,2023-10-07,30.45
14012,4092,2024-04-09,9.45
14013,10588,2024-04-06,9.45
14014,2797,2024-11-02,208.95
14015,7793,2024-04-12,30.45
14016,16090,2024-05-05,82.95
14017,19678,2023-02-09,208.95
14018,13595,2024-01-10,9.45
14019,7600,2024-09-02,30.45
14020,1751,2023-12-07,30.45
14021,3513,2024-05-02,9.45
14022,10159,2024-05-10,82.95
14023,762,2024-09-03,30.45
14024,11407,2023-09-06,9.45
14025,12267,2024-11-04,82.95
14026,11318,2024-07-12,9.45
14027,6388,2024-09-11,9.45
14028,4758,2024-04-10,208.95
14029,17917,2024-05-03,82.95
14030,1375,2023-11-02,30.45
14031,16301,2024-03-05,9.45
14032,4306,2023-06-09,82.95
14033,9088,2023-02-02,9.45
14034,8852,2024-11-04,82.95
14035,17719,2024-11-02,30.45
14036,8178,2023-12-04,30.45
14037,2219,2024-05-01,30.45
14038,16537,2024-06-07,82.95
14039,15644,2024-01-07,9.45
14040,1875,2024-10-10,9.45
14041,2563,2024-08-05,9.45
14042,15810,2023-11-08,9.45
14043,231,2024-10-04,30.45
14044,16924,2024-06-03,30.45
14045,3750,2024-08-10,9.45
14046,18271,2024-03-10,9.45
14047,6210,2023-12-07,82.95
14048,13396,2024-10-09,208.95
14049,13462,2024-06-02,208.95
14050,6115,2023-07-05,82.95
14051,1988,2024-12-05,30.45
14052,5118,2024-05-04,9.45
14053,18620,2024-07-06,165.9
14054,7359,2024-11-06,82.95
14055,16926,2024-08-09,30.45
14056,15496,2023-06-04,30.45
14057,19405,2024-10-06,30.45
14058,1134,2024-08-02,30.45
14059,401,2024-10-12,30.45
14060,1676,2024-11-10,208.95
14061,15231,2024-06-07,82.95
14062,18476,2024-01-02,9.45
14063,904742,2024-11-03,9.45
14064,2655,2024-03-05,9.45
14065,4408,2024-12-11,9.45
14066,13549,2023-12-02,9.45
14067,12051,2023-06-04,9.45
14068,3610,2024-06-06,9.45
14069,16091,2024-06-10,82.95
14070,1284,2023-07-05,9.45
14071,9902,2024-10-10,9.45
14072,1207,2023-08-06,30.45
14073,480,2023-05-08,9.45
14074,5669,2023-09-09,208.95
14075,4131,2024-01-05,82.95
14076,19106,2024-02-02,30.45
14077,12053,2023-08-07,9.45
14078,12108,2024-12-04,30.45
14079,19940,2023-09-07,9.45
14080,7007,2024-05-04,82.95
14081,20480,2024-07-02,9.45
14082,1333,2024-01-07,9.45
14083,11876,2024-10-08,30.45
14084,11120,2024-06-09,82.95
14085,11851,2024-03-12,9.45
14086,16556,2023-08-03,9.45
14087,6436,2024-11-09,82.95
14088,16374,2024-01-09,208.95
14089,6821,2023-08-09,9.45
14090,12504,2023-10-07,9.45
14091,15983,2023-12-07,9.45
14092,6308,2024-03-06,30.45
14093,9651,2023-02-01,9.45
14094,6993,2024-06-08,9.45
14095,19093,2024-10-11,82.95
14096,3376,2023-04-10,30.45
14097,12406,2024-03-09,9.45
14098,17495,2024-01-04,30.45
14099,13848,2024-04-03,9.45
14100,895,2023-04-10,9.45
14101,5087,2024-11-05,9.45
14102,13067,2024-01-06,30.45
14103,12271,2024-05-09,9.45
14104,5163,2023-11-03,208.95
14105,10038,2024-09-05,30.45
14106,11149,2024-12-12,9.45
14107,8236,2023-04-10,30.45
14108,9870,2024-07-05,208.95
14109,8795,2024-09-10,82.95
14110,6791,2024-11-03,30.45
14111,13582,2024-04-07,9.45
14112,9963,2023-11-07,9.45
14113,9519,2024-11-05,208.95
14114,19632,2024-10-06,9.45
14115,9065,2023-11-12,9.45
14116,8447,2024-09-10,30.45
14117,3407,2024-12-05,9.45
14118,4942,2023-07-10,9.45
14119,1436,2024-06-04,30.45
14120,11443,2024-03-06,30.45
14121,11072,2024-05-04,208.95
14122,13864,2024-01-03,30.45
14123,17241,2024-10-04,82.95
14124,8363,2024-06-10,9.45
14125,3826,2023-07-03,9.45
14126,2079,2023-09-11,82.95
14127,16163,2024-11-01,9.45
14128,16817,2024-03-12,82.95
14129,17242,2024-11-06,82.95
14130,20543,2024-06-07,30.45
14131,2917,2024-12-09,9.45
14132,14435,2024-10-05,30.45
14133,7092,2024-01-02,9.45
14134,13851,2024-07-09,18.9
14135,16476,2023-06-07,30.45
14136,15180,2024-01-12,30.45
14137,7085,2023-06-09,9.45
14138,13858,2023-07-09,30.45
14139,7074,2024-11-04,9.45
14140,19791,2023-11-06,30.45
14141,19230,2023-04-06,9.45
14142,14325,,30.45
14143,3209,2024-10-09,30.45
14144,17028,2023-09-10,9.45
14145,5011,2024-12-10,30.45
14146,11778,2024-05-07,9.45
14147,16573,2023-11-07,9.45
14148,5030,2024-09-05,9.45
14149,9828,2024-09-09,9.45
14150,2238,2023-12-04,30.45
14151,10188,2023-11-07,82.95
14152,9409,2024-02-06,30.45
14153,4985,2024-04-09,30.45
14154,343,2023-09-10,30.45
14155,20372,2024-01-04,9.45
14156,9614,,30.45
14157,4483,2024-04-05,208.95
14158,5568,2024-08-07,208.95
14159,18410,2024-10-02,9.45
14160,10791,2024-07-04,82.95
14161,6170,2023-08-11,82.95
14162,19747,2024-03-08,9.45
14163,4094,2024-06-08,9.45
14164,7009,2024-07-10,82.95
14165,7071,2024-08-10,9.45
14166,10906,2023-08-02,9.45
14167,7893,2024-12-03,208.95
14168,8301,2023-09-04,9.45
14169,1068,2024-08-07,30.45
14170,18086,2023-07-04,9.45
14171,15933,2023-10-07,9.45
14172,4956,2024-09-10,9.45
14173,3372,2024-09-09,9.45
14174,17986,2024-05-12,30.45
14175,8507,2024-07-09,82.95
14176,15486,2023-04-10,30.45
14177,6715,2024-12-07,208.95
14178,13214,2024-11-07,9.45
14179,5216,2024-01-09,9.45
14180,2687,2024-06-11,30.45
14181,5613,2023-10-09,82.95
14182,13128,2023-11-12,30.45
14183,10661,2024-09-03,30.45
14184,15580,2024-03-09,30.45
14185,17644,2024-09-02,30.45
14186,17958,2023-12-01,30.45
14187,17369,2024-12-07,30.45
14188,4907,2023-08-08,30.45
14189,18019,2024-06-02,9.45
14190,8748,2024-03-03,30.45
14191,5974,2024-01-12,30.45
14192,2200,2024-09-04,208.95
14193,15483,2023-08-05,82.95
14194,2664,2024-12-10,9.45
14195,19995,2024-04-08,30.45
14196,5670,2023-10-07,208.95
14197,876,2023-06-05,208.95
14198,5271,2024-06-05,9.45
14199,9240,2023-11-03,30.45
14200,15709,2024-08-10,30.45
14201,14031,2023-12-03,208.95
14202,8559,2024-05-03,9.45
14203,6097,2023-10-04,9.45
14204,14723,2024-05-06,9.45
14205,5426,2024-08-05,9.45
14206,17649,2024-08-12,82.95
14207,12605,2024-05-05,9.45
14208,2383,2024-08-10,9.45
14209,17733,2024-07-09,9.45
14210,3922,2023-12-03,30.45
14211,431,2024-01-09,30.45
14212,8750,2024-05-10,30.45
14213,3309,2024-07-05,9.45
14214,1166,2024-05-06,30.45
14215,20079,2023-11-02,30.45
14216,8522,2023-12-08,82.95
14217,18318,2024-12-03,30.45
14218,4786,2023-12-05,9.45
14219,15751,2023-10-11,30.45
14220,4190,2024-08-04,30.45
14221,12835,2024-11-03,30.45
14222,17486,2023-02-06,9.45
14223,5922,2024-01-10,82.95
14224,7566,2024-08-01,30.45
14225,4864,2024-12-10,30.45
14226,10172,2023-11-12,9.45
14227,20090,2024-10-02,30.45
14228,15905,2023-08-01,9.45
14229,6641,2024-11-01,208.95
14230,8639,2024-12-10,9.45
14231,8085,2023-06-09,208.95
14232,7734,2024-10-05,30.45
14233,13418,2024-09-03,82.95
14234,12463,2024-01-04,30.45
14235,3528,2024-03-05,9.45
14236,1236,2024-08-08,30.45
14237,18030,2023-07-01,82.95
14238,16504,2024-08-03,82.95
14239,10073,2023-11-03,30.45
14240,8959,2024-06-04,9.45
14241,1519,2024-10-08,9.45
14242,16881,2024-12-10,9.45
14243,276,2024-10-06,9.45
14244,10579,2024-12-10,9.45
14245,9892,2023-12-04,9.45
14246,9686,2024-11-10,30.45
14247,14610,2024-05-07,208.95
14248,11464,2024-05-10,9.45
14249,9372,2024-08-07,9.45
14250,5962,2024-04-01,30.45
14251,14832,2024-08-10,9.45
14252,19127,2023-12-06,9.45
14253,14094,2024-03-06,9.45
14254,1994,2024-08-05,30.45
14255,17099,2024-09-12,208.95
14256,14703,2024-02-09,9.45
14257,17645,2024-10-03,30.45
14258,7878,2023-09-07,208.95
14259,7953,2023-08-11,30.45
14260,14514,2024-06-08,82.95
14261,18669,2023-05-03,82.95
14262,15347,2024-03-08,30.45
14263,11925,2024-02-10,30.45
14264,2483,2024-01-05,9.45
14265,3746,2024-04-12,9.45
14266,2045,2024-08-08,9.45
14267,5146,2023-11-03,9.45
14268,6907,2024-07-05,9.45
14269,1848,2024-02-04,30.45
14270,10063,2024-06-06,82.95
14271,1682,2024-10-06,30.45
14272,2015,2024-01-10,9.45
14273,17979,2023-10-05,30.45
14274,8719,2024-06-01,9.45
14275,3390,2024-06-11,30.45
14276,6401,2024-07-10,82.95
14277,13096,2024-09-03,30.45
14278,18070,2023-11-10,30.45
14279,414,2024-06-12,9.45
14280,19128,2024-01-12,9.45
14281,15909,2023-12-04,9.45
14282,3496,2024-09-06,30.45
14283,3408,2024-02-06,9.45
14284,10032,2024-04-11,9.45
14285,14989,2024-08-09,9.45
14286,9266,2024-05-04,82.95
14287,4892,2024-12-06,9.45
14288,6951,2023-09-06,30.45
14289,10114,2024-03-05,9.45
14290,18867,2023-02-06,82.95
14291,4337,2024-11-08,9.45
14292,3452,2024-10-06,30.45
14293,13386,2023-12-05,208.95
14294,10861,2023-09-08,82.95
14295,4910,2023-11-12,30.45
14296,13997,2023-07-01,9.45
14297,15950,2024-10-03,208.95
14298,4900,2024-10-08,82.95
14299,7719,2024-02-08,9.45
14300,14425,2023-12-03,30.45
14301,13394,2024-08-02,208.95
14302,20006,2024-10-09,9.45
14303,16887,2024-03-05,9.45
14304,12930,2024-03-03,30.45
14305,6231,2024-09-04,30.45
14306,9262,2024-01-11,82.95
14307,15374,2024-01-07,9.45
14308,11850,2024-02-11,9.45
14309,1993,2024-07-06,30.45
14310,6147,2024-04-09,9.45
14311,20249,2024-10-10,82.95
14312,9786,2023-08-08,30.45
14313,12904,2023-11-06,9.45
14314,9024,2023-12-06,9.45
14315,19529,2024-10-03,30.45
14316,11896,2024-09-03,9.45
14317,5267,2024-02-11,9.45
14318,18527,2024-11-04,30.45
14319,15818,2024-07-01,9.45
14320,9951,2024-10-07,9.45
14321,17611,2024-09-04,208.95
14322,10948,2024-11-09,30.45
14323,8025,2024-05-07,82.95
14324,435,2024-05-08,30.45
14325,1740,2024-04-10,208.95
14326,7876,2023-07-07,208.95
14327,11991,2024-01-03,9.45
14328,17785,2023-08-04,30.45
14329,18035,2023-12-09,82.95
14330,14781,2023-12-02,208.95
14331,10505,2024-12-03,82.95
14332,11645,2024-03-10,9.45
14333,1349,2024-05-05,208.95
14334,12768,2024-07-10,9.45
14335,14076,2024-06-06,9.45
14336,15828,2023-10-04,9.45
14337,4471,2024-08-06,9.45
14338,473,2024-07-12,82.95
14339,7180,2024-07-09,9.45
14340,2354,2023-09-09,82.95
14341,12916,2024-11-03,9.45
14342,10056,2023-11-05,82.95
14343,6216,2024-06-11,82.95
14344,15737,2024-09-10,82.95
14345,10071,2023-09-12,30.45
14346,5111,2024-12-06,9.45
14347,18131,2024-12-12,30.45
14348,11156,2024-07-03,30.45
14349,5540,2024-09-09,30.45
14350,16054,2023-09-09,30.45
14351,7622,2024-12-10,9.45
14352,2725,2023-11-10,9.45
14353,14608,2024-03-08,208.95
14354,20313,2023-09-05,30.45
14355,12598,2023-10-08,9.45
14356,11060,2024-04-03,9.45
14357,11691,2024-05-02,9.45
14358,17776,2024-04-06,82.95
14359,8086,2023-07-02,208.95
14360,14303,2024-08-09,30.45
14361,19881,2024-12-06,9.45
14362,15533,2023-05-11,9.45
14363,5487,2024-04-03,82.95
14364,19903,2023-10-08,208.95
14365,17087,2023-09-10,208.95
14366,16071,2023-07-03,30.45
14367,9154,2024-08-10,208.95
14368,12739,2024-07-03,208.95
14369,7568,2024-10-06,30.45
14370,5574,2023-11-03,30.45
14371,2161,2024-08-04,30.45
14372,6611,2024-11-02,9.45
14373,6754,2023-09-11,82.95
14374,8720,2024-07-11,9.45
14375,10325,2024-07-10,9.45
14376,12340,2023-05-08,82.95
14377,17875,2024-10-04,30.45
14378,13676,2024-02-10,9.45
14379,11311,2023-12-03,9.45
14380,17104,2024-07-05,9.45
14381,18128,2024-09-05,30.45
14382,138,2024-09-09,30.45
14383,8112,2023-07-03,30.45
14384,5428,2024-10-07,9.45
14385,18403,2024-03-03,9.45
14386,18344,2024-10-10,9.45
14387,235,2023-02-07,208.95
14388,11089,2024-08-07,30.45
14389,7270,2024-02-04,9.45
14390,11948,2024-12-07,9.45
14391,18360,2024-04-03,9.45
14392,8297,2024-09-06,82.95
14393,13556,2024-07-05,9.45
14394,19261,2024-01-03,30.45
14395,9069,2024-03-03,9.45
14396,13960,2024-08-09,9.45
14397,1957,2024-10-06,82.95
14398,15376,2024-03-09,9.45
14399,10803,2024-08-04,30.45
14400,1986,2024-10-12,30.45
14401,6194,2024-04-04,30.45
14402,2206,2023-04-10,30.45
14403,18236,2024-11-12,9.45
14404,16088,2024-12-03,30.45
14405,10356,2023-11-09,30.45
14406,11204,2024-02-06,30.45
14407,20178,2023-09-08,9.45
14408,11147,2024-10-08,9.45
14409,5478,2024-06-02,9.45
14410,9294,2024-01-09,30.45
14411,4256,2024-04-04,30.45
14412,17604,2024-02-09,208.95
14413,7037,2023-05-02,30.45
14414,5178,2024-03-04,9.45
14415,986,2024-09-06,208.95
14416,18021,2024-08-06,9.45
14417,1979,2024-03-10,30.45
14418,19174,2024-08-07,82.95
14419,161,2024-04-06,9.45
14420,10016,2024-12-04,9.45
14421,18270,2024-02-06,9.45
14422,6332,2024-10-07,9.45
14423,233,2024-12-03,30.45
14424,8824,2024-10-02,82.95
14425,15458,2024-01-09,9.45
14426,978,2024-01-09,208.95
14427,13724,2024-10-10,30.45
14428,1262,2023-09-08,9.45
14429,11780,2024-07-04,9.45
14430,14647,2024-05-04,30.45
14431,15795,2024-12-10,30.45
14432,11868,2024-02-04,30.45
14433,996,2023-07-11,30.45
14434,14700,2023-11-01,9.45
14435,14183,2024-06-10,82.95
14436,19408,2024-08-08,208.95
14437,11935,2024-12-04,30.45
14438,3869,2024-05-07,82.95
14439,11461,2024-12-09,9.45
14440,4784,2023-10-11,9.45
14441,14245,2023-06-05,30.45
14442,10966,2024-05-07,82.95
14443,19926,2024-02-09,9.45
14444,857,2023-10-01,9.45
14445,9656,2023-07-02,9.45
14446,13953,2024-01-10,9.45
14447,5040,2023-07-06,82.95
14448,10478,2024-06-11,9.45
14449,19889,2023-12-06,9.45
14450,10000,2024-06-08,208.95
14451,16131,2023-03-05,208.95
14452,2232,2023-06-10,30.45
14453,7825,2024-08-03,30.45
14454,16607,2024-03-12,9.45
14455,4166,2023-02-10,9.45
14456,9283,2024-09-10,9.45
14457,5373,2023-06-11,30.45
14458,13298,2024-09-07,9.45
14459,14812,2024-08-06,30.45
14460,2859,2024-02-03,9.45
14461,514,2024-06-04,82.95
14462,4962,2024-06-04,30.45
14463,9532,2024-09-07,30.45
14464,7955,2023-10-04,30.45
14465,16615,2024-11-11,9.45
14466,13993,2024-11-11,1467.72
14467,18407,2024-07-03,9.45
14468,20424,2024-08-02,9.45
14469,6897,2024-10-09,82.95
14470,15026,2024-04-03,30.45
14471,5612,2023-09-11,82.95
14472,15247,2024-10-08,30.45
14473,11363,2024-01-05,82.95
14474,19619,2024-04-07,9.45
14475,2099,2024-07-07,9.45
14476,3015,2024-07-06,30.45
14477,12660,2024-05-08,9.45
14478,19556,2024-08-05,30.45
14479,6554,2024-07-10,60.9
14480,20380,2024-09-09,9.45
14481,18250,2023-09-07,9.45
14482,6657,2024-05-03,9.45
14483,4179,2024-03-02,9.45
14484,5933,2025-04-04,82.95
14485,20073,2024-10-11,30.45
14486,1888,2023-10-07,30.45
14487,10891,2024-12-09,30.45
14488,11879,2024-03-04,9.45
14489,2425,2024-06-04,82.95
14490,2420,2024-01-06,82.95
14491,116,2023-11-08,82.95
14492,17506,2024-12-02,30.45
14493,5244,2024-05-06,9.45
14494,16222,2024-10-09,9.45
14495,6473,2024-11-08,9.45
14496,12700,2024-03-02,30.45
14497,6404,2024-10-11,82.95
14498,8648,2024-03-01,30.45
14499,19841,2024-03-09,82.95
14500,17471,2024-12-04,9.45
14501,7437,2024-08-05,82.95
14502,13730,2023-07-08,30.45
14503,9588,2023-10-06,30.45
14504,18944,2024-11-05,9.45
14505,19609,2023-06-08,9.45
14506,10995,2024-11-11,208.95
14507,8350,2024-02-05,9.45
14508,13967,2023-03-10,9.45
14509,9014,2024-11-10,9.45
14510,377,2024-11-11,30.45
14511,10518,2024-09-04,30.45
14512,13270,2024-07-07,9.45
14513,19385,2023-02-04,30.45
14514,14365,2024-02-06,82.95
14515,6545,2023-10-06,30.45
14516,8396,2024-01-05,9.45
14517,6681,2024-10-09,30.45
14518,16534,2024-03-05,82.95
14519,11730,2024-04-09,9.45
14520,16750,2024-04-06,9.45
14521,2882,2024-02-09,30.45
14522,5538,2024-07-05,60.9
14523,4398,2024-02-04,9.45
14524,2597,2024-12-01,9.45
14525,18084,2023-05-02,9.45
14526,10570,2024-03-06,9.45
14527,15266,2024-08-04,82.95
14528,3154,2024-12-09,82.95
14529,18180,2024-12-06,9.45
14530,14923,2024-08-01,9.45
14531,1328,2023-08-11,9.45
14532,6644,2023-04-10,9.45
14533,11358,2023-08-03,82.95
14534,6378,2024-04-02,30.45
14535,7796,2024-07-06,30.45
14536,19835,2024-12-04,208.95
14537,17322,2024-07-09,9.45
14538,19022,2024-12-06,30.45
14539,16700,2023-07-10,208.95
14540,11431,2024-06-01,30.45
14541,5904,2023-12-01,30.45
14542,12480,2024-02-08,9.45
14543,4527,2024-11-10,9.45
14544,19448,2023-12-02,9.45
14545,7540,2024-04-11,30.45
14546,2463,2024-10-03,82.95
14547,1364,2024-12-10,30.45
14548,20162,2024-07-06,30.45
14549,17286,2024-04-05,30.45
14550,20264,2024-03-09,82.95
14551,18934,2024-01-06,9.45
14552,8704,2024-09-03,9.45
14553,903904,2023-08-09,9.45
14554,3292,2024-06-03,30.45
14555,14269,2024-08-10,82.95
14556,6356,2024-04-07,30.45
14557,16197,2024-09-08,82.95
14558,15209,2023-07-09,9.45
14559,15089,2023-07-06,30.45
14560,12160,2024-10-10,30.45
14561,20499,2024-12-02,188.51
14562,17095,2024-05-09,208.95
14563,16280,2023-10-01,9.45
14564,19251,2024-06-04,30.45
14565,2641,2024-09-04,9.45
14566,13675,2024-01-01,9.45
14567,6540,2024-10-10,30.45
14568,9912,2023-10-02,82.95
14569,9201,2023-04-08,9.45
14570,17033,2024-02-02,9.45
14571,915643,2023-12-12,9.45
14572,5939,2024-03-08,9.45
14573,7447,2024-09-04,30.45
14574,1090,2024-07-08,9.45
14575,18071,2023-12-04,30.45
14576,6862,2024-02-03,82.95
14577,4010,2024-12-04,82.95
14578,14459,2024-10-11,30.45
14579,6080,2024-05-03,9.45
14580,5983,2024-10-02,30.45
14581,6149,2024-06-11,9.45
14582,3825,2023-06-05,9.45
14583,12291,2024-03-11,9.45
14584,4400,2024-04-06,9.45
14585,8128,2024-11-12,30.45
14586,13842,2024-10-06,82.95
14587,5936,2023-12-06,9.45
14588,2830,2023-12-06,9.45
14589,13031,2024-09-11,9.45
14590,8515,2023-04-05,9.45
14591,17341,2024-05-10,30.45
14592,9067,2024-01-07,9.45
14593,17450,2024-10-07,30.45
14594,19285,2024-02-04,9.45
14595,14285,2024-02-03,9.45
14596,10083,2024-09-09,30.45
14597,3159,2023-07-05,82.95
14598,17684,2024-03-11,9.45
14599,18689,2024-03-04,208.95
14600,18317,2024-11-06,30.45
14601,972,,165.9
14602,4874,2025-02-23,9.45
14603,18369,2023-02-04,30.45
14604,7587,2024-12-07,9.45
14605,15468,2024-11-11,9.45
14606,11810,2023-11-03,9.45
14607,6568,2023-10-04,30.45
14608,8893,2024-12-05,30.45
14609,15108,2024-03-06,82.95
14610,15898,2023-05-11,30.45
14611,8778,2024-11-06,30.45
14612,2992,2023-11-04,9.45
14613,475,2024-09-10,82.95
14614,5332,2024-10-03,82.95
14615,12908,2024-03-04,9.45
14616,8917,2023-04-07,30.45
14617,17010,2024-02-05,82.95
14618,15698,2024-07-06,9.45
14619,11759,2024-09-06,30.45
14620,12153,2024-03-05,30.45
14621,1084,2024-01-03,9.45
14622,923,2024-10-07,9.45
14623,8090,2023-11-04,208.95
14624,13742,2024-07-12,30.45
14625,7592,2024-01-04,30.45
14626,18321,2024-10-04,82.95
14627,1715,2024-11-04,208.95
14628,8324,2024-07-03,18.9
14629,10975,2023-03-09,208.95
14630,775,2024-06-10,30.45
14631,16524,2023-05-09,82.95
14632,995,2023-06-09,30.45
14633,3367,2024-11-10,9.45
14634,6636,2024-06-02,208.95
14635,3165,2024-04-10,82.95
14636,6801,2024-08-12,9.45
14637,10290,2023-10-06,9.45
14638,16401,2024-12-12,9.45
14639,11401,2024-09-06,30.45
14640,18665,2024-11-08,9.45
14641,10134,2024-08-08,82.95
14642,12531,2024-08-03,30.45
14643,10046,2024-03-09,30.45
14644,17782,2024-10-02,82.95
14645,12573,2024-07-04,82.95
14646,15055,2024-11-05,9.45
14647,16617,2023-08-08,9.45
14648,171,2024-11-06,9.45
14649,3471,2023-09-05,82.95
14650,1099,2024-05-02,82.95
14651,17355,2023-10-09,30.45
14652,17303,2024-05-01,30.45
14653,4920,2024-09-11,30.45
14654,5998,2024-02-09,208.95
14655,16181,2023-05-09,82.95
14656,5730,2024-02-23,9.45
14657,371,2024-05-07,30.45
14658,3770,2024-07-04,18.9
14659,19805,2023-09-09,208.95
14660,6284,2024-01-09,30.45
14661,5885,2023-08-03,82.95
14662,18706,2023-08-04,30.45
14663,12441,2024-08-11,30.45
14664,19531,2024-12-07,30.45
14665,14231,2024-11-06,30.45
14666,16900,2023-04-08,30.45
14667,17396,2023-11-10,30.45
14668,16291,2024-09-01,9.45
14669,379,2023-07-07,30.45
14670,11763,2023-03-05,9.45
14671,2692,2024-11-08,30.45
14672,139,2024-10-02,30.45
14673,17685,2024-04-09,9.45
14674,12092,,30.45
14675,4702,2024-04-07,30.45
14676,19445,2023-09-12,9.45
14677,6937,2024-04-03,9.45
14678,1829,2023-07-05,82.95
14679,8652,2024-07-10,30.45
14680,18244,2024-10-03,30.45
14681,10774,2023-05-22,82.95
14682,10440,2024-05-06,9.45
14683,12901,2023-08-11,9.45
14684,14177,2023-12-05,82.95
14685,4372,2024-09-05,82.95
14686,9406,2023-11-06,30.45
14687,14174,2023-09-06,82.95
14688,19100,2023-08-08,30.45
14689,20063,2024-10-10,30.45
14690,2298,2024-01-08,30.45
14691,16013,2024-05-04,9.45
14692,7554,2023-08-03,30.45
14693,16955,2024-12-10,30.45
14694,4430,2024-03-06,82.95
14695,3199,,30.45
14696,2833,2024-03-05,9.45
14697,7921,2024-08-07,30.45
14698,9175,2024-07-05,9.45
14699,19551,2024-11-04,82.95
14700,537,2024-05-10,30.45
14701,18744,2024-09-10,82.95
14702,7910,2024-08-05,82.95
14703,10295,2024-03-11,9.45
14704,2123,2024-07-11,30.45
14705,5490,2024-07-06,82.95
14706,16570,2024-10-04,9.45
14707,17866,2024-01-10,30.45
14708,2029,2024-10-07,9.45
14709,7749,2024-05-06,9.45
14710,8882,2024-08-03,82.95
14711,15629,,30.45
14712,15340,2023-08-03,30.45
14713,6739,2023-12-01,9.45
14714,6525,2024-12-07,30.45
14715,2321,2024-04-11,82.95
14716,18510,2023-06-03,30.45
14717,14070,2024-03-07,9.45
14718,17045,2023-09-03,30.45
14719,12304,2023-10-01,30.45
14720,8337,2023-12-11,9.45
14721,477,2024-11-06,82.95
14722,17870,2024-05-12,30.45
14723,5079,2024-03-04,9.45
14724,3804,2023-09-10,82.95
14725,1755,2024-04-07,30.45
14726,14714,2023-08-06,9.45
14727,1053,2024-04-10,208.95
14728,2421,2024-02-10,82.95
14729,18792,2024-09-05,9.45
14730,3270,2024-09-04,9.45
14731,3595,2024-02-08,9.45
14732,17123,2024-12-05,30.45
14733,15517,2024-04-09,82.95
14734,12805,2023-09-12,30.45
14735,9910,2023-11-13,82.95
14736,10488,2024-07-03,30.45
14737,9602,2024-12-04,30.45
14738,17808,2024-05-05,9.45
14739,9059,2023-05-06,9.45
14740,11201,2023-11-09,30.45
14741,964,2024-09-08,9.45
14742,4850,2023-10-03,30.45
14743,17358,2024-01-11,30.45
14744,8062,2024-03-08,9.45
14745,17666,2024-07-03,9.45
14746,7925,2024-12-05,30.45
14747,3501,2023-05-11,9.45
14748,18345,2024-11-06,9.45
14749,2453,2023-12-05,82.95
14750,5076,2023-12-03,9.45
14751,19208,2024-11-12,30.45
14752,10426,2024-08-02,9.45
14753,9827,2024-08-09,9.45
14754,18868,2023-03-11,82.95
14755,10930,2024-02-09,82.95
14756,17336,2023-12-09,30.45
14757,3919,2024-11-03,9.45
14758,16087,2024-11-07,30.45
14759,7625,2024-07-07,18.9
14760,16789,2024-04-07,9.45
14761,1555,2024-08-07,30.45
14762,17311,2023-08-03,9.45
14763,7647,2024-09-07,208.95
14764,5196,2024-02-05,30.45
14765,9962,2023-10-06,9.45
14766,19376,2024-11-10,82.95
14767,3247,2024-03-04,208.95
14768,15922,2024-07-11,82.95
14769,3588,2024-12-08,9.45
14770,5810,2024-11-10,9.45
14771,1359,2024-07-05,30.45
14772,9102,2024-04-02,9.45
14773,13147,2024-11-05,30.45
14774,4694,2023-12-03,9.45
14775,10005,2024-11-04,208.95
14776,8963,2024-10-12,9.45
14777,1548,2024-08-09,9.45
14778,5696,2023-12-09,30.45
14779,1460,2024-07-09,30.45
14780,10769,2024-08-11,9.45
14781,20248,2024-09-12,82.95
14782,14033,2024-02-01,208.95
14783,10651,2024-09-04,9.45
14784,18827,2024-01-05,9.45
14785,8131,2023-08-06,30.45
14786,14504,2024-10-03,30.45
14787,2226,2024-12-01,30.45
14788,16464,2024-04-04,9.45
14789,5802,2024-03-02,9.45
14790,8274,2024-08-03,30.45
14791,17169,2023-11-10,9.45
14792,1075,2023-04-04,9.45
14793,1761,,30.45
14794,650,2023-08-10,9.45
14795,11333,2024-12-09,30.45
14796,8520,2024-11-08,9.45
14797,5775,2024-03-10,30.45
14798,523,2023-03-03,30.45
14799,15147,2024-08-08,30.45
14800,7087,2023-08-03,9.45
14801,2735,2024-09-02,9.45
14802,5361,2024-01-06,82.95
14803,7262,2024-11-05,208.95
14804,16597,2023-05-07,9.45
14805,16424,2024-04-06,9.45
14806,16739,2024-06-04,9.45
14807,18008,2024-03-06,82.95
14808,17333,2023-09-11,30.45
14809,2481,2023-11-08,9.45
14810,7046,2024-02-07,30.45
14811,8637,2024-10-10,9.45
14812,19804,2024-12-07,30.45
14813,977,2024-12-02,82.95
14814,17254,2024-05-12,30.45
14815,10138,2024-12-08,82.95
14816,12749,2024-12-08,208.95
14817,4743,2024-12-05,9.45
14818,8932,2024-07-09,60.9
14819,5744,2023-07-03,30.45
14820,1459,2024-06-07,30.45
14821,362,2024-08-09,82.95
14822,17590,2024-05-09,9.45
14823,13470,2023-03-09,9.45
14824,2470,2023-05-07,9.45
14825,10550,2024-08-06,9.45
14826,20202,2023-12-08,9.45
14827,4286,2024-07-10,18.9
14828,4274,2024-06-06,82.95
14829,12557,2023-12-07,82.95
14830,5662,2023-02-09,208.95
14831,11675,2023-07-01,30.45
14832,3455,2023-12-06,9.45
14833,6622,2024-11-09,9.45
14834,18948,2023-08-04,30.45
14835,6448,2024-12-03,30.45
14836,10642,2024-01-28,9.45
14837,12926,2023-11-03,30.45
14838,907,2024-04-09,9.45
14839,16489,2024-07-06,30.45
14840,6437,2025-02-08,82.95
14841,1656,2024-12-09,9.45
14842,20353,2023-07-03,9.45
14843,10467,2024-10-04,82.95
14844,13532,2023-11-05,30.45
14845,5270,2024-05-09,9.45
14846,8512,2024-12-08,82.95
14847,1639,2023-12-07,9.45
14848,19236,2023-10-03,9.45
14849,10577,2024-10-05,9.45
14850,8433,2023-07-09,30.45
14851,5203,2024-07-12,82.95
14852,1846,2024-12-08,82.95
14853,2081,2023-11-11,82.95
14854,7872,2023-03-07,208.95
14855,13922,2024-08-06,30.45
14856,4082,2024-04-07,30.45
14857,15746,2024-10-06,30.45
14858,11111,2024-07-04,9.45
14859,341,2024-12-08,30.45
14860,18657,2024-10-09,9.45
14861,12848,2024-08-03,9.45
14862,666,2024-12-09,9.45
14863,2432,2024-03-10,30.45
14864,10464,2024-07-04,82.95
14865,2236,2023-10-03,30.45
14866,8545,2024-08-09,9.45
14867,3649,2024-04-06,82.95
14868,14857,2023-01-10,9.45
14869,355,2024-01-09,82.95
14870,7939,2024-02-09,9.45
14871,6157,2024-05-07,30.45
14872,11189,2024-04-10,82.95
14873,11581,2023-09-04,208.95
14874,18067,2023-08-02,30.45
14875,5363,2024-03-08,82.95
14876,17182,2024-12-04,9.45
14877,15133,2023-06-12,30.45
14878,10133,2024-07-05,82.95
14879,19372,2024-07-02,82.95
14880,2894,2024-05-05,82.95
14881,3546,2024-04-01,82.95
14882,13121,2024-12-12,208.95
14883,18494,2024-02-07,9.45
14884,1497,2024-11-10,9.45
14885,12351,2024-04-11,82.95
14886,6452,2024-01-07,30.45
14887,815,2023-08-09,30.45
14888,7367,2023-10-04,30.45
14889,2040,2024-09-11,9.45
14890,17868,2024-03-11,30.45
14891,10139,2024-07-07,18.9
14892,9789,2023-11-06,30.45
14893,19691,2024-03-08,208.95
14894,16680,2024-01-06,208.95
14895,11992,2024-02-11,9.45
14896,15156,2023-05-04,208.95
14897,20260,2023-11-03,82.95
14898,17364,2024-07-04,30.45
14899,9256,2023-07-01,82.95
14900,1332,2023-12-08,9.45
14901,8280,2024-05-09,82.95
14902,12843,2024-03-08,9.45
14903,1374,2024-02-07,30.45
14904,9679,2024-04-01,30.45
14905,18281,2023-04-07,9.45
14906,5641,2024-02-04,30.45
14907,9204,2023-07-06,9.45
14908,2546,2023-03-07,9.45
14909,15085,2024-09-08,9.45
14910,14871,2024-03-10,9.45
14911,8530,2024-08-09,82.95
14912,12778,2024-03-06,30.45
14913,19893,2024-04-05,9.45
14914,18323,2024-12-04,82.95
14915,4185,2024-09-04,9.45
14916,14026,2024-11-06,9.45
14917,17957,2023-11-06,30.45
14918,6065,2023-11-11,30.45
14919,2621,2024-07-12,9.45
14920,16281,2023-11-10,9.45
14921,12772,2024-11-04,9.45
14922,14342,2024-01-04,82.95
14923,5602,2024-07-04,9.45
14924,12152,2024-02-02,30.45
14925,9310,2023-09-02,82.95
14926,12395,2024-09-07,82.95
14927,10403,2023-10-03,9.45
14928,16729,2023-08-02,111.19
14929,19242,2024-04-03,9.45
14930,13320,2024-03-02,9.45
14931,11238,2024-07-05,82.95
14932,9559,2023-08-03,30.45
14933,4993,2024-12-10,30.45
14934,9147,2024-11-08,82.95
14935,12417,2023-12-04,82.95
14936,6592,2024-03-10,9.45
14937,18365,2024-09-06,9.45
14938,13770,2024-12-06,9.45
14939,19438,2024-11-01,9.45
14940,6296,2023-05-09,30.45
14941,18826,2023-12-04,9.45
14942,16444,2023-05-04,82.95
14943,8759,2024-12-10,9.45
14944,10796,2024-12-08,82.95
14945,5155,2024-08-06,9.45
14946,15616,2024-09-03,9.45
14947,12555,2023-10-04,82.95
14948,13522,2024-10-11,82.95
14949,12786,2024-11-08,30.45
14950,2746,2023-04-12,9.45
14951,11582,2023-10-06,208.95
14952,19508,2023-12-11,82.95
14953,18720,2024-10-10,30.45
14954,1450,2024-08-09,9.45
14955,49,2024-07-06,9.45
14956,17306,2024-08-02,30.45
14957,17155,2024-10-08,208.95
14958,17006,2023-10-02,82.95
14959,4287,2024-08-03,9.45
14960,12568,2024-02-12,82.95
14961,16692,2024-03-10,9.45
14962,16749,2024-03-06,9.45
14963,4369,2024-06-08,82.95
14964,4977,2024-05-08,9.45
14965,16553,2023-05-05,9.45
14966,15682,2024-09-04,30.45
14967,424,2024-05-03,9.45
14968,10404,2023-11-01,9.45
14969,708,2024-09-08,82.95
14970,2503,2024-01-04,9.45
14971,1453,2023-12-10,30.45
14972,17997,2024-11-10,208.95
14973,16608,2024-04-05,9.45
14974,15061,2024-06-07,30.45
14975,7856,2023-11-01,9.45
14976,13494,2024-02-02,82.95
14977,10039,2024-10-05,30.45
14978,12196,2023-12-06,82.95
14979,7350,2024-02-12,82.95
14980,5044,2023-11-10,82.95
14981,8021,2024-01-11,82.95
14982,9924,2023-10-05,82.95
14983,2180,2024-06-07,9.45
14984,15450,2023-05-04,9.45
14985,3059,2024-06-01,9.45
14986,11647,2024-05-07,9.45
14987,1961,2024-02-09,30.45
14988,4177,2024-01-08,9.45
14989,2813,2023-11-04,9.45
14990,7739,2023-07-02,9.45
14991,4890,2024-10-04,9.45
14992,8928,2024-03-01,30.45
14993,17227,2023-08-03,82.95
14994,9794,2024-04-06,30.45
14995,12215,2023-09-03,30.45
14996,20039,2023-08-09,82.95
14997,740,2023-06-05,30.45
14998,1500,2024-07-10,208.95
14999,16785,2023-12-11,9.45
15000,8733,2024-01-12,82.95
15001,14955,2023-08-10,82.95
15002,19297,2024-05-02,9.45
15003,14301,2024-06-04,30.45
15004,6676,2024-05-02,30.45
15005,16101,2024-04-04,82.95
15006,10148,2023-06-06,82.95
15007,4470,2024-07-06,9.45
15008,3187,2024-03-03,9.45
15009,13148,2024-12-06,30.45
15010,10898,2024-08-02,208.95
15011,1612,2024-01-02,30.45
15012,5149,2024-02-10,9.45
15013,4869,2024-06-07,9.45
15014,5717,2024-09-05,82.95
15015,8251,2024-07-05,30.45
15016,13559,2024-10-07,9.45
15017,19742,2024-12-08,30.45
15018,8717,2024-04-01,9.45
15019,3351,2024-05-10,82.95
15020,18791,2024-08-08,9.45
15021,3838,2024-07-02,9.45
15022,16514,2024-08-10,208.95
15023,19207,2024-10-03,30.45
15024,106,2024-07-10,82.95
15025,16393,2024-04-12,9.45
15026,187,2024-12-01,30.45
15027,11188,2024-03-02,82.95
15028,10027,2023-11-05,9.45
15029,9662,2024-01-08,9.45
15030,4762,2024-08-10,208.95
15031,8139,2024-04-09,30.45
15032,13157,2023-12-09,82.95
15033,896,2023-05-10,9.45
15034,13389,2024-03-11,208.95
15035,6737,2024-11-08,9.45
15036,4247,2024-12-04,9.45
15037,5312,2024-10-03,82.95
15038,11391,2024-08-03,9.45
15039,3084,2024-10-05,30.45
15040,17299,2024-05-11,208.95
15041,19028,2024-05-11,9.45
15042,15825,2023-07-10,9.45
15043,8881,2024-07-02,82.95
15044,8185,2024-07-02,30.45
15045,6127,2024-07-03,82.95
15046,17527,2024-08-11,9.45
15047,9056,2024-10-10,9.45
15048,19163,2023-09-09,82.95
15049,1667,2024-02-01,208.95
15050,9318,2024-05-04,82.95
15051,20531,2024-01-06,30.45
15052,18667,2023-03-06,82.95
15053,221,2024-07-03,82.95
15054,9855,2024-12-01,82.95
15055,1640,2024-01-02,9.45
15056,17430,2023-10-04,9.45
15057,16520,2024-09-06,30.45
15058,16068,2024-11-04,30.45
15059,4458,2024-06-03,9.45
15060,19406,2024-11-03,30.45
15061,13577,2024-09-04,9.45
15062,7097,2024-06-05,9.45
15063,9434,2024-04-06,9.45
15064,19680,2023-04-11,208.95
15065,17173,2024-03-08,9.45
15066,8841,2023-12-01,82.95
15067,4327,2024-01-06,9.45
15068,4362,2023-11-04,82.95
15069,10640,2023-10-12,9.45
15070,5533,2024-07-07,9.45
15071,13545,2024-12-09,30.45
15072,10037,2024-08-03,30.45
15073,13875,2023-12-08,82.95
15074,7127,2024-12-04,30.45
15075,7795,2024-06-03,30.45
15076,19630,2024-08-08,9.45
15077,4997,2024-06-09,30.45
15078,2127,2024-11-04,30.45
15079,4579,2023-05-05,9.45
15080,9872,2024-09-03,208.95
15081,12979,2024-09-05,30.45
15082,10070,2023-08-11,30.45
15083,15594,2024-02-11,82.95
15084,7291,2023-12-07,9.45
15085,691,2024-06-04,9.45
15086,15680,2024-07-03,30.45
15087,16912,2024-04-03,30.45
15088,11571,2024-06-08,9.45
15089,5027,2024-06-03,9.45
15090,4370,2024-07-08,82.95
15091,3887,2024-02-10,9.45
15092,6526,2024-01-06,30.45
15093,17956,2023-10-11,30.45
15094,11315,2024-04-05,9.45
15095,20088,2024-08-12,30.45
15096,1784,2024-08-04,82.95
15097,14787,2024-06-10,208.95
15098,6279,2023-08-02,30.45
15099,14265,2024-04-10,82.95
15100,6691,2024-01-03,9.45
15101,1749,2023-10-07,30.45
15102,2115,2023-11-05,30.45
15103,10106,2024-06-04,82.95
15104,14824,2023-12-05,9.45
15105,1559,2024-12-07,30.45
15106,12999,2024-07-02,9.45
15107,9615,2024-06-08,30.45
15108,5935,2023-11-07,9.45
15109,3076,2024-02-03,30.45
15110,16690,2024-11-10,208.95
15111,10262,2024-04-08,9.45
15112,19690,2024-02-09,208.95
15113,5954,2023-08-05,30.45
15114,12301,2023-07-03,30.45
15115,5814,2023-12-08,82.95
15116,16191,2024-03-06,82.95
15117,15087,2024-11-12,9.45
15118,7475,2023-05-03,30.45
15119,2807,2024-10-04,82.95
15120,20519,2024-12-08,9.45
15121,11174,2024-10-12,9.45
15122,6632,2024-02-08,208.95
15123,19852,2024-08-07,9.45
15124,1554,2024-07-04,60.9
15125,10953,2023-12-10,82.95
15126,9704,2024-05-11,82.95
15127,8136,2024-01-09,30.45
15128,5573,2023-10-08,30.45
15129,5226,2024-11-07,9.45
15130,11202,2023-12-03,30.45
15131,7312,2023-12-09,9.45
15132,16143,2024-03-11,208.95
15133,1560,2023-01-05,82.95
15134,12849,2024-09-11,9.45
15135,8040,2024-11-08,9.45
15136,16831,2024-07-07,60.9
15137,11569,2024-04-08,9.45
15138,5665,2023-05-04,208.95
15139,18059,2024-02-10,9.45
15140,18796,2023-11-05,30.45
15141,10386,2023-08-02,30.45
15142,15095,2024-01-03,30.45
15143,7505,2024-09-10,82.95
15144,15839,2024-09-10,9.45
15145,14239,2024-10-04,30.45
15146,3532,2024-07-07,18.9
15147,14996,2023-04-07,9.45
15148,350,2024-04-04,30.45
15149,13917,2024-03-10,30.45
15150,13333,2024-07-12,9.45
15151,15241,2024-04-10,30.45
15152,17091,2024-01-05,208.95
15153,8712,2023-11-04,9.45
15154,17399,2023-12-08,9.45
15155,15778,2023-07-05,30.45
15156,8934,2024-09-08,30.45
15157,1482,2024-02-07,82.95
15158,5778,2024-06-06,30.45
15159,7052,2024-08-12,30.45
15160,5886,2023-09-02,82.95
15161,13489,2024-10-03,9.45
15162,16360,2024-09-09,82.95
15163,9368,2024-04-09,9.45
15164,15275,2023-06-03,82.95
15165,9728,2024-05-03,30.45
15166,12633,2024-07-09,30.45
15167,1478,2023-10-04,82.95
15168,14622,2023-05-11,9.45
15169,11286,2024-12-09,9.45
15170,14669,2024-09-04,9.45
15171,15179,2023-12-07,30.45
15172,10110,2024-10-03,82.95
15173,6274,2024-10-05,30.45
15174,13746,2024-11-11,30.45
15175,17291,2024-09-03,30.45
15176,18653,2024-06-01,9.45
15177,2581,2023-08-08,9.45
15178,8726,2023-06-07,82.95
15179,8022,2024-02-05,82.95
15180,16548,2024-11-01,82.95
15181,16613,,9.45
15182,18472,2023-09-08,9.45
15183,9958,2023-08-29,9.45
15184,6069,2023-06-04,9.45
15185,5664,2023-04-07,208.95
15186,16167,2023-12-12,30.45
15187,8061,2024-02-05,9.45
15188,7048,2024-04-10,30.45
15189,17426,2024-06-05,9.45
15190,19519,,30.45
15191,5907,2024-03-02,30.45
15192,19446,2023-10-03,9.45
15193,7267,2023-11-06,9.45
15194,17800,2024-11-05,30.45
15195,5378,2023-11-09,30.45
15196,2684,2024-10-04,208.95
15197,9477,2023-10-08,9.45
15198,19833,2024-10-04,208.95
15199,12179,2024-05-05,208.95
15200,135,2024-06-11,30.45
15201,19992,2024-01-04,30.45
15202,369,2024-03-06,30.45
15203,16468,2024-08-03,9.45
15204,15753,2023-12-06,30.45
15205,334,2024-11-07,9.45
15206,7076,2024-08-09,286.42
15207,15187,2024-08-04,30.45
15208,8813,2024-07-02,9.45
15209,17697,2024-09-08,30.45
15210,19572,2024-09-05,9.45
15211,15028,2024-06-03,30.45
15212,12424,2024-07-03,82.95
15213,1406,2023-11-04,9.45
15214,10950,2023-09-04,82.95
15215,12737,2024-05-06,208.95
15216,13932,2024-12-04,82.95
15217,20439,2024-08-10,30.45
15218,16761,2023-10-05,9.45
15219,8486,2024-07-08,9.45
15220,18753,2024-06-12,30.45
15221,15202,2024-10-09,82.95
15222,18604,2024-09-07,9.45
15223,1180,2024-08-04,9.45
15224,8204,2023-01-03,9.45
15225,7774,2024-03-08,9.45
15226,2386,2024-11-07,9.45
15227,1997,2024-11-03,30.45
15228,4236,2024-01-09,9.45
15229,9194,2024-09-05,30.45
15230,16472,2024-12-06,9.45
15231,17616,2024-03-09,30.45
15232,10840,2024-02-05,30.45
15233,4038,2023-12-10,82.95
15234,12034,2023-08-04,82.95
15235,10036,2024-07-11,60.9
15236,4530,2023-10-11,30.45
15237,16628,2024-07-09,9.45
15238,17094,2024-04-11,208.95
15239,15286,2024-05-09,82.95
15240,17002,2023-06-02,82.95
15241,5851,2024-08-10,208.95
15242,11887,2024-11-06,9.45
15243,9047,2024-01-02,9.45
15244,15826,2023-08-11,9.45
15245,10555,2023-06-04,82.95
15246,16415,2023-07-09,9.45
15247,11098,2023-06-11,9.45
15248,10173,2023-12-10,9.45
15249,15626,2023-09-03,30.45
15250,8105,2024-07-03,30.45
15251,16395,2024-06-06,9.45
15252,10504,2024-11-10,82.95
15253,8644,2023-11-06,30.45
15254,15142,2024-03-06,30.45
15255,16566,2024-06-07,9.45
15256,2550,2023-07-03,9.45
15257,11334,2024-08-03,9.45
15258,9235,2024-11-05,82.95
15259,11112,2024-08-02,9.45
15260,5805,2024-06-06,9.45
15261,14738,2024-01-06,9.45
15262,16949,2024-06-03,30.45
15263,6755,2023-10-07,82.95
15264,17524,2024-05-04,9.45
15265,1122,2024-07-11,30.45
15266,7936,2023-11-03,9.45
15267,12000,2024-10-09,9.45
15268,18290,2024-01-10,9.45
15269,18677,2024-01-03,82.95
15270,5905,2024-01-12,30.45
15271,3261,2023-12-09,9.45
15272,11487,2024-09-03,30.45
15273,6656,2024-04-05,9.45
15274,16200,2024-12-12,82.95
15275,14487,2024-10-03,30.45
15276,770,2024-01-05,30.45
15277,321,2023-10-08,9.45
15278,3176,2024-06-12,9.45
15279,2699,2024-08-07,82.95
15280,789,2023-12-06,30.45
15281,219,2024-05-04,82.95
15282,10599,2023-06-01,30.45
15283,8152,2024-09-03,30.45
15284,19161,2023-07-07,82.95
15285,2178,2024-04-04,9.45
15286,545,2023-03-04,82.95
15287,10516,2024-07-06,30.45
15288,4002,2024-09-06,30.45
15289,4828,2023-04-06,9.45
15290,4737,2024-06-08,9.45
15291,16005,2024-12-03,82.95
15292,20535,2024-09-08,30.45
15293,14360,2023-09-06,82.95
15294,7611,2024-04-07,9.45
15295,8537,,30.45
15296,14053,2024-08-02,9.45
15297,7216,2024-09-06,30.45
15298,243,2023-10-03,208.95
15299,5558,2023-10-02,208.95
15300,17947,2024-11-06,9.45
15301,4505,2023-01-03,9.45
15302,14348,2024-07-04,82.95
15303,1540,2023-12-09,9.45
15304,9641,2024-11-29,30.45
15305,18663,2024-09-07,9.45
15306,761,2024-08-06,30.45
15307,9635,2024-04-10,30.45
15308,15332,2024-09-01,9.45
15309,12828,2024-04-09,30.45
15310,9422,2024-10-12,30.45
15311,7365,2023-08-04,30.45
15312,16428,2024-08-04,9.45
15313,13807,2023-11-10,9.45
15314,9717,2024-06-05,9.45
15315,1924,2024-12-08,208.95
15316,9312,2023-11-02,82.95
15317,6167,2023-05-02,82.95
15318,15572,2023-07-04,30.45
15319,17966,2024-08-07,30.45
15320,10838,2023-12-12,30.45
15321,2466,2023-01-03,9.45
15322,16798,2023-11-03,9.45
15323,79,2024-08-02,82.95
15324,17968,2024-10-01,337.61
15325,4484,2024-05-01,208.95
15326,11321,2024-10-11,9.45
15327,19980,2024-08-10,30.45
15328,8610,2024-06-09,9.45
15329,13958,2024-06-09,9.45
15330,10140,2024-08-11,9.45
15331,1586,2023-05-06,9.45
15332,18539,2024-09-10,9.45
15333,11231,2024-03-13,82.95
15334,20449,2024-07-03,208.95
15335,902265,2024-11-07,30.45
15336,11533,2023-10-02,208.95
15337,11161,2024-12-03,30.45
15338,19138,2024-11-07,9.45
15339,15412,2024-05-11,30.45
15340,3694,2024-09-11,9.45
15341,9388,2024-08-04,9.45
15342,9956,2023-04-03,9.45
15343,3723,2024-03-03,82.95
15344,5899,2024-10-08,82.95
15345,6382,2024-08-02,30.45
15346,12178,2024-04-11,208.95
15347,7746,2024-02-05,9.45
15348,15218,2024-04-01,9.45
15349,12978,2024-08-04,30.45
15350,13317,2023-12-11,9.45
15351,15623,2023-06-12,30.45
15352,16872,2024-03-05,9.45
15353,9676,2024-01-07,30.45
15354,8687,2023-04-03,9.45
15355,2089,2024-07-04,82.95
15356,19974,2024-02-08,30.45
15357,14241,2023-02-10,30.45
15358,3458,2024-03-10,9.45
15359,16701,2023-08-10,208.95
15360,10561,2023-12-11,82.95
15361,75,2024-04-06,82.95
15362,9824,2024-05-07,9.45
15363,18020,2024-07-07,9.45
15364,12854,2023-10-05,82.95
15365,5097,2023-10-10,9.45
15366,840,2024-10-07,9.45
15367,8097,2024-06-04,208.95
15368,4488,2024-09-12,1956.46
15369,2777,2024-11-11,82.95
15370,5996,2023-12-10,208.95
15371,4146,2023-05-11,30.45
15372,8815,2024-09-08,9.45
15373,9060,2023-06-09,9.45
15374,16557,2023-09-08,9.45
15375,20389,2024-07-07,30.45
15376,10154,2023-12-04,82.95
15377,20311,2024-12-06,9.45
15378,15542,2024-02-06,9.45
15379,6010,2023-10-07,9.45
15380,664,2024-10-10,9.45
15381,6695,2024-05-09,9.45
15382,8234,2024-11-03,82.95
15383,20065,2024-12-11,30.45
15384,13429,2024-04-12,82.95
15385,1233,2024-05-11,30.45
15386,20418,2023-12-08,30.45
15387,11820,2024-09-09,9.45
15388,10183,2024-10-03,9.45
15389,13178,2023-12-11,9.45
15390,11096,2023-04-09,9.45
15391,12714,2024-04-10,30.45
15392,5868,2023-12-05,30.45
15393,15434,2024-11-05,208.95
15394,20521,2024-11-06,9.45
15395,3088,2024-02-06,30.45
15396,12356,2024-09-09,82.95
15397,20027,2024-08-06,9.45
15398,5114,2024-01-11,9.45
15399,12584,2024-05-10,9.45
15400,13340,2023-06-05,30.45
15401,13658,2024-10-06,9.45
15402,8033,2024-04-06,9.45
15403,4601,2024-05-09,82.95
15404,16580,2024-06-02,9.45
15405,10698,2024-03-12,9.45
15406,2953,2024-11-02,9.45
15407,4109,2024-04-03,82.95
15408,12118,2024-12-04,30.45
15409,16717,2024-12-05,208.95
15410,9098,2023-12-03,9.45
15411,17467,2024-08-04,9.45
15412,7964,2024-07-04,30.45
15413,4831,2023-07-04,9.45
15414,5125,2024-12-05,9.45
15415,26,2024-12-07,82.95
15416,17577,2024-06-07,208.95
15417,18713,2024-03-06,30.45
15418,15845,2024-02-08,82.95
15419,16403,2023-12-02,9.45
15420,7791,2024-02-05,30.45
15421,7033,2024-12-09,82.95
15422,4913,2024-02-03,30.45
15423,7182,2024-09-08,9.45
15424,11435,2024-10-08,30.45
15425,7673,2023-09-02,9.45
15426,10398,2024-08-09,30.45
15427,16254,2024-05-01,9.45
15428,16627,2024-06-09,9.45
15429,3329,2024-03-08,9.45
15430,3936,2024-09-02,82.95
15431,12575,2024-09-06,82.95
15432,11271,2023-09-06,9.45
15433,14826,2024-02-06,9.45
15434,3444,2024-02-07,30.45
15435,7090,2023-11-06,9.45
15436,3110,2023-11-07,82.95
15437,17007,2023-11-08,82.95
15438,10554,2024-12-05,9.45
15439,9874,2024-08-09,9.45
15440,15546,2024-06-05,9.45
15441,10091,2024-07-02,9.45
15442,11564,2023-11-07,9.45
15443,15397,2024-10-09,9.45
15444,12541,2024-03-05,30.45
15445,7441,2024-12-09,82.95
15446,2409,2024-03-04,82.95
15447,13687,2024-01-08,9.45
15448,5743,2024-12-07,9.45
15449,13053,2024-05-09,9.45
15450,6988,2024-10-07,82.95
15451,6380,2024-06-09,30.45
15452,672,2023-08-07,9.45
15453,19774,2024-02-06,9.45
15454,14995,2023-03-08,9.45
15455,7564,2024-06-11,30.45
15456,10124,2023-10-12,82.95
15457,1772,2023-08-07,82.95
15458,18173,2024-05-12,9.45
15459,13206,2024-09-09,82.95
15460,4001,2024-08-09,30.45
15461,19117,2023-02-09,9.45
15462,12397,2024-11-06,82.95
15463,19447,2023-11-05,9.45
15464,882,2023-12-04,208.95
15465,15226,2024-12-10,9.45
15466,1701,2024-06-03,9.45
15467,5003,2024-04-05,30.45
15468,6633,2024-03-11,208.95
15469,13275,2024-06-10,82.95
15470,6203,2023-05-06,82.95
15471,7513,2024-11-12,9.45
15472,531,2023-11-05,30.45
15473,12781,2024-06-08,30.45
15474,19729,2024-10-03,30.45
15475,12632,2024-06-03,30.45
15476,11800,2024-07-02,9.45
15477,7666,2024-05-05,9.45
15478,3734,2023-04-09,9.45
15479,1725,2023-01-02,208.95
15480,4271,2024-03-07,82.95
15481,12326,2024-01-09,82.95
15482,5340,2024-04-02,30.45
15483,925,2024-12-07,9.45
15484,19659,2024-10-03,9.45
15485,17077,2024-08-04,9.45
15486,6347,2024-04-09,9.45
15487,13575,2024-07-03,9.45
15488,11913,2024-07-07,82.95
15489,6217,2024-07-06,82.95
15490,2017,2024-03-03,9.45
15491,949,2023-06-06,9.45
15492,15986,2024-03-06,9.45
15493,2013,2024-12-06,208.95
15494,10286,2024-10-02,9.45
15495,7101,2024-10-03,9.45
15496,17812,2024-09-07,9.45
15497,9755,2024-10-08,30.45
15498,19422,2024-07-10,9.45
15499,9871,2024-08-05,208.95
15500,5090,2023-03-05,9.45
15501,4774,2024-07-07,82.95
15502,10117,2024-06-07,9.45
15503,20359,2024-01-07,9.45
15504,4350,2024-07-08,9.45
15505,17366,2024-09-05,30.45
15506,12462,2024-12-05,9.45
15507,2984,2024-08-09,82.95
15508,17819,2024-11-06,30.45
15509,230,2024-09-07,30.45
15510,4630,2024-10-08,9.45
15511,1047,2023-10-07,208.95
15512,1088,2024-05-08,9.45
15513,16202,2023-02-12,9.45
15514,2603,2024-06-03,30.45
15515,2515,2023-02-09,9.45
15516,18402,2024-02-04,9.45
15517,19528,2024-09-12,30.45
15518,18664,2024-10-05,9.45
15519,5556,2023-08-06,208.95
15520,4999,2024-08-02,30.45
15521,16500,2024-04-08,82.95
15522,5104,2024-05-11,9.45
15523,5833,2023-11-09,9.45
15524,4524,2024-08-10,9.45
15525,12526,2024-03-02,30.45
15526,19348,2023-08-10,30.45
15527,9683,2024-08-10,30.45
15528,7677,2024-01-11,9.45
15529,8497,2023-09-06,82.95
15530,17150,2024-05-10,208.95
15531,18517,2024-01-04,30.45
15532,5086,2024-10-11,9.45
15533,9479,2023-12-10,9.45
15534,16260,2024-08-05,208.95
15535,20121,2024-12-03,208.95
15536,13956,2024-04-08,9.45
15537,19371,2024-06-03,82.95
15538,5791,2024-04-09,82.95
15539,3617,2023-10-04,82.95
15540,11113,2024-09-03,9.45
15541,11982,2023-04-05,9.45
15542,2537,2024-12-03,9.45
15543,13729,2023-06-05,30.45
15544,11683,2023-09-09,9.45
15545,14284,2024-01-04,9.45
15546,45,2024-03-05,9.45
15547,1133,2024-07-08,30.45
15548,14149,2023-05-03,9.45
15549,1142,2023-08-02,9.45
15550,18807,2024-10-02,30.45
15551,248,2024-03-08,208.95
15552,7468,2024-06-06,30.45
15553,3903,2023-07-11,9.45
15554,10353,2023-08-10,30.45
15555,10175,2024-02-03,9.45
15556,383,2023-11-04,30.45
15557,3357,2024-11-09,82.95
15558,18508,2023-04-06,30.45
15559,12047,2024-11-09,9.45
15560,9548,2024-09-06,9.45
15561,9427,2024-07-10,208.95
15562,16535,2024-04-05,82.95
15563,13839,2024-07-06,82.95
15564,6145,2024-02-02,9.45
15565,3008,2024-02-15,30.45
15566,7967,2024-10-08,30.45
15567,18507,2023-06-12,30.45
15568,6680,2024-09-05,30.45
15569,3402,2024-07-04,9.45
15570,5567,2024-07-04,208.95
15571,6624,2024-07-11,30.45
15572,1965,2024-06-01,30.45
15573,8423,2024-05-10,82.95
15574,4434,2024-07-08,165.9
15575,9379,2023-11-03,9.45
15576,8080,2023-01-06,208.95
15577,13044,2023-08-04,9.45
15578,15702,2024-11-07,9.45
15579,18072,2024-01-09,30.45
15580,287,2023-06-05,30.45
15581,4050,2024-12-07,82.95
15582,207,2024-04-03,208.95
15583,18186,2023-07-04,9.45
15584,4474,2024-11-06,9.45
15585,6263,2023-11-06,30.45
15586,7206,2023-11-09,30.45
15587,12208,2024-12-07,82.95
15588,11794,2024-08-08,9.45
15589,12519,2023-08-09,30.45
15590,15494,2023-04-08,30.45
15591,19707,2024-02-07,9.45
15592,10127,2024-01-07,82.95
15593,17502,2024-08-10,30.45
15594,6408,2024-07-06,9.45
15595,6350,2024-07-07,18.9
15596,12183,2024-09-07,208.95
15597,20179,2023-10-10,9.45
15598,11024,2024-10-08,30.45
15599,648,2024-11-07,9.45
15600,11425,2023-12-08,30.45
15601,20373,2024-02-11,9.45
15602,16408,2024-05-10,9.45
15603,13708,2024-12-05,30.45
15604,14677,2024-12-07,30.45
15605,7119,2024-04-10,30.45
15606,7663,2024-02-05,9.45
15607,7693,2024-10-12,9.45
15608,12919,2023-04-08,30.45
15609,13348,2024-02-12,30.45
15610,16722,2024-09-08,82.95
15611,7579,2024-04-09,9.45
15612,7986,2024-11-10,30.45
15613,16781,,9.45
15614,10493,2024-12-05,30.45
15615,7531,2024-07-08,9.45
15616,12059,2024-02-04,9.45
15617,19658,2024-09-10,9.45
15618,13543,2024-10-07,30.45
15619,18189,2023-10-07,9.45
15620,7347,2024-10-05,30.45
15621,1215,2024-04-11,30.45
15622,11290,2024-10-02,9.45
15623,11459,2024-10-01,9.45
15624,4260,2024-08-07,30.45
15625,4331,2024-05-10,9.45
15626,9258,2023-09-05,82.95
15627,4626,2024-06-03,9.45
15628,6445,2024-09-08,30.45
15629,16601,2023-09-09,9.45
15630,18546,2023-09-02,82.95
15631,12570,2024-04-09,82.95
15632,19473,2024-05-11,208.95
15633,10814,2024-08-01,9.45
15634,942,2024-02-08,30.45
15635,7938,2024-01-09,9.45
15636,5501,2024-10-06,30.45
15637,7501,2024-11-05,82.95
15638,1926,2023-12-03,9.45
15639,5351,2023-03-06,82.95
15640,1521,2024-12-07,9.45
15641,13420,2024-11-07,82.95
15642,15785,2024-02-07,30.45
15643,3182,2024-12-10,9.45
15644,16563,2024-03-10,9.45
15645,3859,2023-12-10,30.45
15646,1094,2024-11-03,9.45
15647,376,2024-10-09,30.45
15648,2565,2024-10-08,9.45
15649,16788,2024-03-09,9.45
15650,8229,2024-06-05,82.95
15651,12172,2023-10-07,208.95
15652,18581,2024-12-11,9.45
15653,10980,2023-08-02,208.95
15654,17975,2023-06-05,30.45
15655,4732,2024-01-05,9.45
15656,12048,2024-12-10,9.45
15657,3779,2023-04-10,82.95
15658,5631,2023-04-05,30.45
15659,11999,2024-09-05,9.45
15660,11414,2024-04-03,9.45
15661,15353,2024-09-09,30.45
15662,838,2024-08-08,9.45
15663,20392,2024-10-03,30.45
15664,714,2024-04-06,9.45
15665,5476,2024-04-10,9.45
15666,10829,2023-12-04,30.45
15667,13840,2024-08-09,82.95
15668,1534,2024-05-04,82.95
15669,18483,2024-08-01,9.45
15670,1405,2023-10-04,9.45
15671,13352,2024-06-04,30.45
15672,7006,2024-04-11,82.95
15673,18337,2024-03-11,9.45
15674,20460,2024-12-12,82.95
15675,3078,2024-04-10,30.45
15676,19429,2024-07-10,30.45
15677,3479,2024-05-03,82.95
15678,17729,2024-03-12,9.45
15679,16808,2023-06-01,82.95
15680,14631,2024-02-05,9.45
15681,20376,2024-05-07,9.45
15682,14457,2024-08-08,30.45
15683,8549,2024-12-01,9.45
15684,19186,2023-10-07,82.95
15685,7787,2023-10-07,30.45
15686,3545,2024-03-01,82.95
15687,3703,2023-07-03,30.45
15688,2517,2023-04-04,9.45
15689,10294,2024-02-05,9.45
15690,18368,2024-12-02,9.45
15691,9421,2024-09-07,30.45
15692,11988,2023-10-02,9.45
15693,18467,2024-10-09,9.45
15694,19320,2024-04-06,30.45
15695,2302,2024-05-07,30.45
15696,7115,2023-12-12,30.45
15697,14729,,9.45
15698,17550,2024-07-07,30.45
15699,13754,2023-08-05,9.45
15700,14905,2024-09-04,30.45
15701,13607,2023-12-02,82.95
15702,12589,2024-10-11,9.45
15703,257,2024-12-05,208.95
15704,20288,2024-04-06,9.45
15705,8220,2024-05-09,9.45
15706,12958,2023-12-02,30.45
15707,12657,2024-02-05,9.45
15708,16042,2024-12-08,30.45
15709,18282,2023-05-06,9.45
15710,17098,2024-10-11,208.95
15711,19994,2024-03-09,30.45
15712,17393,2023-08-03,30.45
15713,3796,2024-08-06,82.95
15714,18650,2024-03-11,9.45
15715,11468,2024-09-11,9.45
15716,9259,2023-10-02,82.95
15717,1633,2023-06-09,9.45
15718,15942,2024-07-10,9.45
15719,920050,2024-07-11,82.95
15720,19544,2024-04-09,82.95
15721,13356,2024-10-08,30.45
15722,3418,2024-12-11,9.45
15723,10834,2023-08-06,30.45
15724,5099,2023-12-04,9.45
15725,8524,2024-02-08,82.95
15726,12731,2023-11-02,208.95
15727,12206,2024-10-09,82.95
15728,10529,2024-12-05,82.95
15729,2846,,9.45
15730,14731,2023-06-07,9.45
15731,3470,2023-08-06,82.95
15732,12982,2024-12-10,30.45
15733,8148,2024-05-05,30.45
15734,2996,2024-03-09,9.45
15735,9711,2024-12-05,82.95
15736,6773,2023-05-04,30.45
15737,13579,2024-11-03,9.45
15738,14748,2024-11-08,9.45
15739,17713,,30.45
15740,12892,2024-06-12,30.45
15741,18372,2023-05-08,30.45
15742,12320,2023-07-11,82.95
15743,5692,2023-08-04,30.45
15744,8073,2024-09-05,82.95
15745,58,2024-09-08,9.45
15746,18292,2024-03-06,9.45
15747,19639,2024-07-11,208.95
15748,8611,2024-07-05,9.45
15749,16072,2023-08-11,30.45
15750,16503,2024-07-05,82.95
15751,5154,2024-07-10,9.45
15752,2102,2024-10-02,9.45
15753,18159,2024-04-07,30.45
15754,18804,2024-07-05,30.45
15755,16528,2023-09-09,82.95
15756,9267,2024-06-04,82.95
15757,5582,2024-07-07,30.45
15758,11577,2024-12-07,9.45
15759,4181,2024-05-01,9.45
15760,2413,2024-07-12,165.9
15761,12659,2024-04-02,9.45
15762,12475,2023-09-01,9.45
15763,20427,2023-10-09,9.45
15764,2319,2024-02-02,82.95
15765,18563,2023-06-02,9.45
15766,10132,2024-06-09,82.95
15767,5762,2023-12-06,9.45
15768,7966,2024-09-07,30.45
15769,6985,2024-07-08,165.9
15770,6325,2024-03-10,9.45
15771,18860,2024-07-11,30.45
15772,16333,2024-04-05,82.95
15773,5930,2024-09-03,886.43
15774,10608,2024-03-07,30.45
15775,4178,2024-02-11,9.45
15776,10321,2024-03-09,9.45
15777,3646,2024-10-07,9.45
15778,3237,2024-03-09,30.45
15779,18909,2024-08-04,30.45
15780,42,2024-10-07,82.95
15781,16459,2023-11-08,9.45
15782,14009,2024-07-04,9.45
15783,9164,2023-08-08,9.45
15784,12718,2024-08-06,30.45
15785,20177,2023-08-06,9.45
15786,20292,2024-08-10,9.45
15787,7530,2024-06-07,9.45
15788,5843,2024-09-03,9.45
15789,19101,2023-09-06,30.45
15790,1766,2024-09-03,30.45
15791,6509,2023-08-08,30.45
15792,4757,2024-06-15,208.95
15793,17562,2023-10-07,30.45
15794,8629,2024-02-08,9.45
15795,16694,2024-05-08,9.45
15796,3818,2024-11-06,82.95
15797,540,2024-08-05,30.45
15798,11319,2024-08-03,9.45
15799,8606,2024-02-02,9.45
15800,5895,2024-06-04,82.95
15801,13580,2024-12-03,9.45
15802,11542,2023-08-07,9.45
15803,18160,2024-05-08,30.45
15804,14526,2024-09-08,30.45
15805,10420,2024-02-03,9.45
15806,17247,2024-09-01,9.45
15807,1801,2023-10-09,30.45
15808,4884,2024-04-06,9.45
15809,1496,2024-10-04,9.45
15810,3593,2023-12-10,9.45
15811,8514,2023-03-10,9.45
15812,6059,2023-05-10,30.45
15813,2055,2023-10-02,9.45
15814,18632,2023-10-02,82.95
15815,5263,2023-10-03,9.45
15816,9782,2024-11-09,30.45
15817,12627,2024-01-07,30.45
15818,95,2023-08-03,82.95
15819,10669,2024-04-06,30.45
15820,6848,2024-09-02,30.45
15821,18649,2024-02-09,9.45
15822,1679,2024-07-09,30.45
15823,6864,2024-04-06,82.95
15824,19736,2024-06-12,30.45
15825,11501,2023-11-07,9.45
15826,7624,2024-06-08,9.45
15827,7308,2023-08-10,9.45
15828,1151,2024-05-08,9.45
15829,3465,2024-10-03,9.45
15830,787,2023-10-05,30.45
15831,7520,2023-08-09,9.45
15832,5179,2024-04-02,9.45
15833,19075,2024-12-02,208.95
15834,6439,2024-03-10,30.45
15835,19615,2023-12-03,9.45
15836,2670,2023-08-06,208.95
15837,16481,2023-11-06,30.45
15838,12492,2024-07-02,60.9
15839,2026,2024-12-05,9.45
15840,6617,2024-06-04,9.45
15841,8797,2024-11-07,82.95
15842,3205,2024-06-07,30.45
15843,11821,2024-10-07,9.45
15844,405,2023-09-03,9.45
15845,6143,2023-12-09,9.45
15846,15988,2024-05-10,9.45
15847,12977,2024-07-04,30.45
15848,2993,2023-12-04,9.45
15849,12832,2024-08-10,30.45
15850,16286,2024-04-03,9.45
15851,8889,2024-08-08,30.45
15852,2279,2024-01-08,9.45
15853,20176,2023-07-05,9.45
15854,6297,2023-06-07,30.45
15855,15587,2024-10-05,30.45
15856,10283,2024-07-02,9.45
15857,18666,2024-12-11,9.45
15858,1728,2023-04-04,208.95
15859,19811,2024-03-08,208.95
15860,19569,2024-06-09,9.45
15861,9690,2023-03-04,82.95
15862,11453,2024-04-09,9.45
15863,1802,2023-11-08,30.45
15864,4887,2024-07-11,104.35
15865,15081,2024-05-04,9.45
15866,3269,2024-08-07,9.45
15867,14860,,9.45
15868,15193,2024-01-09,82.95
15869,4696,2024-02-02,9.45
15870,2263,2024-09-09,30.45
15871,16721,2024-08-06,82.95
15872,1726,2023-02-02,208.95
15873,4862,2024-10-03,30.45
15874,913,2024-10-04,9.45
15875,18237,2024-12-03,9.45
15876,17233,2024-02-03,82.95
15877,2799,2024-02-08,82.95
15878,3190,2024-06-11,9.45
15879,19563,2023-12-11,9.45
15880,9787,2023-09-09,30.45
15881,16120,2024-09-11,30.45
15882,15962,2024-01-10,9.45
15883,9570,2024-07-10,30.45
15884,835,2024-05-04,9.45
15885,17356,2023-11-10,30.45
15886,8623,2023-08-07,9.45
15887,2559,2024-04-03,9.45
15888,2385,2024-10-12,9.45
15889,2507,2024-05-03,9.45
15890,17852,2024-12-10,30.45
15891,1543,2024-03-10,9.45
15892,6117,2023-09-09,82.95
15893,1873,2024-08-03,9.45
15894,19549,2024-09-04,82.95
15895,14089,2023-10-03,9.45
15896,6481,2024-03-10,9.45
15897,19718,2024-07-06,208.95
15898,11220,2024-02-11,30.45
15899,3100,2024-04-06,82.95
15900,15566,2024-08-02,9.45
15901,8107,2024-09-10,30.45
15902,164,2024-07-05,9.45
15903,8213,2023-10-09,9.45
15904,11989,2023-11-08,9.45
15905,16497,2024-01-04,82.95
15906,1661,2024-08-01,9.45
15907,10312,2024-12-04,9.45
15908,6967,2023-01-10,82.95
15909,12722,2024-12-08,30.45
15910,13816,2024-08-04,9.45
15911,6273,2024-09-07,30.45
15912,12292,2024-04-06,9.45
15913,12220,2024-02-11,30.45
15914,19496,2024-03-08,82.95
15915,4618,2023-10-07,9.45
15916,12027,2023-05-10,9.45
15917,3143,2024-01-05,82.95
15918,8035,2024-06-06,9.45
15919,17938,2024-02-06,9.45
15920,5901,2024-12-10,82.95
15921,14638,2024-09-02,9.45
15922,18540,2024-10-06,9.45
15923,17811,2024-08-09,9.45
15924,18395,2023-07-04,9.45
15925,13486,2024-07-06,9.45
15926,3612,2024-08-10,9.45
15927,18533,2024-11-10,208.95
15928,9139,2024-03-02,82.95
15929,2268,2024-06-11,9.45
15930,4393,2023-09-06,9.45
15931,13727,2023-04-09,30.45
15932,12622,2023-08-08,30.45
15933,7054,2024-10-02,30.45
15934,8767,2023-12-08,30.45
15935,655,2024-01-07,9.45
15936,3424,2024-01-05,9.45
15937,15103,2024-09-10,30.45
15938,15155,2023-04-03,208.95
15939,11609,2024-10-06,9.45
15940,3950,2024-05-11,82.95
15941,18920,2024-10-06,30.45
15942,16637,2023-06-04,208.95
15943,2654,2024-02-09,9.45
15944,11844,2023-08-03,9.45
15945,11270,2023-08-11,9.45
15946,6205,2023-07-05,82.95
15947,1171,2023-11-03,9.45
15948,3641,2024-12-09,9.45
15949,5381,2024-02-06,30.45
15950,18973,2023-12-08,82.95
15951,17342,2024-06-03,30.45
15952,6867,2024-07-10,82.95
15953,20194,2023-04-04,9.45
15954,3475,2024-01-06,82.95
15955,8271,2024-05-08,30.45
15956,15200,2024-08-04,82.95
15957,3251,2024-07-02,208.95
15958,17546,2024-03-07,30.45
15959,19181,,82.95
15960,11454,2024-05-03,9.45
15961,1200,2023-08-08,82.95
15962,7255,2024-04-04,208.95
15963,17157,2024-12-03,208.95
15964,4906,2023-07-02,30.45
15965,5311,2024-09-05,82.95
15966,9922,2023-08-08,82.95
15967,13480,2024-01-07,9.45
15968,17815,2024-12-10,9.45
15969,8642,2023-09-03,30.45
15970,14875,2024-07-10,9.45
15971,8191,2024-06-01,9.45
15972,17149,2024-04-04,208.95
15973,4054,2024-03-03,82.95
15974,20468,2023-09-07,9.45
15975,3882,2023-09-09,9.45
15976,8929,2024-04-05,30.45
15977,7539,2024-03-08,30.45
15978,13947,2024-12-09,30.45
15979,18806,2024-09-07,30.45
15980,12587,2024-08-08,9.45
15981,651,2023-09-09,9.45
15982,19627,2024-12-06,9.45
15983,2428,2024-09-02,82.95
15984,12567,2024-01-12,82.95
15985,13726,2024-12-11,30.45
15986,6355,2024-12-12,9.45
15987,13461,2024-05-02,208.95
15988,284,2023-11-08,9.45
15989,16523,2024-12-07,30.45
15990,20105,2023-08-01,208.95
15991,1973,2023-09-07,30.45
15992,6587,2023-10-06,9.45
15993,6607,2024-07-04,9.45
15994,7120,2024-05-02,30.45
15995,7236,2024-05-11,30.45
15996,2847,2023-11-11,9.45
15997,1857,2024-11-04,30.45
15998,13123,2023-06-04,30.45
15999,19020,2024-10-05,30.45
16000,7335,2023-10-05,30.45
16001,12597,2023-09-09,9.45
16002,1161,2023-12-03,30.45
16003,6039,2023-07-07,30.45
16004,5210,2023-07-05,9.45
16005,1317,2024-07-07,9.45
16006,2599,2024-02-03,30.45
16007,684,2024-08-06,9.45
16008,13374,2024-11-03,9.45
16009,6806,2024-03-05,82.95
16010,4765,2024-11-12,208.95
16011,6148,2024-05-05,9.45
16012,7495,2024-05-09,82.95
16013,929,2024-03-03,82.95
16014,6340,2024-11-11,82.95
16015,18896,2024-06-04,9.45
16016,19003,2023-11-08,9.45
16017,2890,2024-10-08,30.45
16018,19260,2023-12-05,30.45
16019,11852,2024-04-04,9.45
16020,123,2024-06-03,82.95
16021,12435,2024-02-10,30.45
16022,2480,2023-10-06,9.45
16023,1621,2024-10-09,30.45
16024,11869,2024-03-01,30.45
16025,9160,2023-04-09,9.45
16026,16325,2024-07-05,18.9
16027,13850,2024-06-11,9.45
16028,4199,2024-05-01,9.45
16029,18683,2024-07-04,82.95
16030,4586,2023-12-12,9.45
16031,14803,2023-11-03,30.45
16032,113,2023-08-04,82.95
16033,19557,2024-09-06,30.45
16034,9578,2023-10-09,82.95
16035,3712,2024-04-09,30.45
16036,6081,2024-06-06,9.45
16037,11499,2024-12-11,30.45
16038,13540,2024-07-07,30.45
16039,3279,2024-09-07,9.45
16040,7241,2024-10-01,30.45
16041,1266,2024-01-04,9.45
16042,7340,2024-03-05,30.45
16043,2629,2024-02-07,30.45
16044,20148,2024-03-03,9.45
16045,14804,2023-12-01,30.45
16046,18196,2024-05-11,9.45
16047,1275,2024-10-12,9.45
16048,10186,2023-09-07,82.95
16049,3675,2024-12-11,30.45
16050,9478,2023-11-08,9.45
16051,7253,2024-02-08,208.95
16052,18763,2024-02-03,9.45
16053,19880,2024-11-04,9.45
16054,4407,2024-11-08,9.45
16055,20388,2024-06-08,30.45
16056,19067,2024-04-04,208.95
16057,19306,2023-02-03,30.45
16058,6383,2024-09-08,30.45
16059,16186,2023-10-04,82.95
16060,7185,2024-12-05,9.45
16061,13804,2023-08-09,86.47
16062,14511,2024-03-08,82.95
16063,6051,2024-07-07,60.9
16064,14107,2024-04-05,30.45
16065,4359,2023-08-12,82.95
16066,15248,,30.45
16067,5202,2024-06-12,82.95
16068,1763,2024-12-04,30.45
16069,4515,2023-11-05,9.45
16070,8074,2024-10-10,82.95
16071,13589,2024-11-10,9.45
16072,12201,2024-05-02,82.95
16073,14561,2023-06-08,82.95
16074,9618,2024-09-04,30.45
16075,8353,2023-08-04,9.45
16076,3900,2023-04-08,9.45
16077,3498,2024-11-05,30.45
16078,4801,2024-07-05,9.45
16079,7317,2024-05-06,9.45
16080,1758,2024-07-08,60.9
16081,19129,2024-02-01,9.45
16082,19182,2023-06-06,82.95
16083,4164,2024-11-03,30.45
16084,15697,2024-06-03,9.45
16085,19884,2023-07-04,9.45
16086,6971,2023-05-10,82.95
16087,2171,2023-09-05,9.45
16088,864,2024-05-07,9.45
16089,17712,2024-04-02,30.45
16090,9969,2024-05-03,9.45
16091,1421,2024-07-02,30.45
16092,6719,2023-12-04,82.95
16093,12664,2024-09-04,9.45
16094,14991,2024-10-05,9.45
16095,18975,2024-02-07,82.95
16096,5729,2023-10-05,9.45
16097,9955,2023-06-11,9.45
16098,13533,2023-12-05,30.45
16099,19782,2024-10-03,9.45
16100,17514,2024-02-04,82.95
16101,11341,2024-09-04,9.45
16102,10234,2024-11-03,30.45
16103,9877,2024-11-10,9.45
16104,13629,2024-07-02,208.95
16105,694,2024-09-02,9.45
16106,10066,2024-09-05,82.95
16107,5231,2023-04-09,9.45
16108,18449,2024-11-11,9.45
16109,6682,2024-11-02,30.45
16110,15018,2024-06-02,82.95
16111,3875,2024-11-11,82.95
16112,18255,2024-02-10,9.45
16113,11424,2023-11-08,30.45
16114,20042,2023-11-09,82.95
16115,8952,2024-09-03,82.95
16116,6268,2024-04-04,30.45
16117,17593,2024-08-09,9.45
16118,15696,2024-12-06,208.95
16119,3963,2023-12-01,9.45
16120,10826,2023-09-08,30.45
16121,15368,2023-07-10,9.45
16122,20126,2024-01-05,82.95
16123,10360,2024-03-12,30.45
16124,16743,2024-10-11,9.45
16125,11757,2024-07-06,30.45
16126,12174,2023-12-02,208.95
16127,17653,2024-12-08,82.95
16128,19858,2023-09-11,30.45
16129,16942,2023-11-04,30.45
16130,457,2024-01-07,9.45
16131,212,2024-09-06,208.95
16132,20378,2024-07-03,9.45
16133,6798,2024-12-04,30.45
16134,11736,2024-10-08,9.45
16135,13351,2024-05-06,30.45
16136,8312,2024-08-09,9.45
16137,9311,2023-10-03,82.95
16138,11668,2024-12-04,30.45
16139,5760,2024-11-10,30.45
16140,4824,2024-09-05,9.45
16141,8029,2024-09-03,82.95
16142,9044,2023-10-07,9.45
16143,10879,2023-12-08,30.45
16144,3031,2024-05-03,30.45
16145,18733,2024-06-10,208.95
16146,9109,2024-11-10,9.45
16147,17704,2023-08-03,30.45
16148,6968,2023-02-06,82.95
16149,1342,2024-10-12,9.45
16150,5272,2024-07-01,9.45
16151,15862,2024-05-07,9.45
16152,7711,2024-05-12,30.45
16153,13451,2024-04-04,9.45
16154,7256,2024-05-06,208.95
16155,3721,2024-01-11,82.95
16156,13283,2024-01-11,30.45
16157,8922,2023-09-08,30.45
16158,14359,2023-08-01,82.95
16159,7977,2024-02-04,30.45
16160,18693,2024-07-02,208.95
16161,4132,2024-02-11,82.95
16162,1289,2023-12-05,9.45
16163,11833,2024-04-11,30.45
16164,2898,2024-09-02,82.95
16165,16587,2024-06-01,82.95
16166,18074,2024-03-04,30.45
16167,7045,2024-01-09,30.45
16168,7491,2024-09-07,30.45
16169,18126,2024-07-05,30.45
16170,18066,2023-07-10,30.45
16171,15044,2023-12-07,9.45
16172,19716,2024-11-10,9.45
16173,10109,2024-09-08,82.95
16174,14819,2023-07-07,9.45
16175,9363,2024-08-10,82.95
16176,18228,2024-09-07,30.45
16177,12991,2024-08-08,30.45
16178,15216,2024-02-02,9.45
16179,2058,2024-01-10,9.45
16180,17093,2024-03-10,208.95
16181,7403,2023-11-07,9.45
16182,7784,2023-10-17,30.45
16183,16427,2024-07-10,18.9
16184,16572,2024-12-10,9.45
16185,13655,2024-07-05,9.45
16186,12396,2024-10-06,82.95
16187,15606,2024-03-09,30.45
16188,5557,2023-09-10,208.95
16189,11322,2024-11-06,9.45
16190,18219,2024-05-03,30.45
16191,6751,2024-12-07,9.45
16192,7891,2024-10-08,208.95
16193,10733,2024-11-02,9.45
16194,1620,2024-09-10,30.45
16195,14469,2024-08-05,9.45
16196,4894,2024-04-05,82.95
16197,6758,2024-01-05,82.95
16198,918302,2023-08-06,30.45
16199,4052,2024-01-09,82.95
16200,10887,2024-08-11,30.45
16201,13227,2024-07-05,9.45
16202,1069,2024-09-08,30.45
16203,16576,2024-02-08,9.45
16204,11298,2024-07-09,9.45
16205,20474,2024-08-10,82.95
16206,4606,2024-10-08,82.95
16207,8517,2024-08-11,9.45
16208,19025,2024-02-10,9.45
16209,15510,,30.45
16210,14846,2024-02-12,208.95
16211,11883,2024-07-01,9.45
16212,14415,2024-06-09,30.45
16213,3101,2024-05-04,82.95
16214,16340,2024-11-03,82.95
16215,14197,2024-02-08,30.45
16216,8349,2024-12-10,9.45
16217,10449,2023-04-06,82.95
16218,13812,2024-04-04,9.45
16219,9415,2024-08-09,30.45
16220,16289,2024-07-02,9.45
16221,2663,2024-11-11,9.45
16222,16310,2024-12-06,9.45
16223,14515,2024-07-09,82.95
16224,18576,2024-07-09,9.45
16225,6112,2024-12-01,9.45
16226,5784,2024-12-02,30.45
16227,9091,2023-05-06,9.45
16228,1783,2024-07-03,82.95
16229,344,2023-10-12,30.45
16230,1025,2024-01-04,9.45
16231,17255,2024-06-11,30.45
16232,7252,2024-01-07,208.95
16233,8947,2024-04-08,82.95
16234,2113,2023-09-07,30.45
16235,6349,2024-06-02,9.45
16236,3992,2023-11-04,30.45
16237,17024,2023-05-07,9.45
16238,10543,2024-01-09,9.45
16239,17810,2024-07-06,9.45
16240,3117,2024-06-06,82.95
16241,5069,2023-05-07,9.45
16242,8143,2024-08-08,30.45
16243,11712,2024-04-04,9.45
16244,15166,2024-03-05,208.95
16245,3563,2024-11-07,9.45
16246,4969,2023-09-05,9.45
16247,13663,2024-04-10,9.45
16248,16899,2023-03-04,30.45
16249,13221,2024-12-06,30.45
16250,16631,2024-10-04,9.45
16251,7996,2024-09-02,9.45
16252,14557,2024-10-09,9.45
16253,11786,2023-12-05,9.45
16254,10118,2024-07-03,9.45
16255,16466,2024-06-04,9.45
16256,20009,2024-08-09,30.45
16257,14198,,30.45
16258,14158,2024-02-08,9.45
16259,14661,2024-01-04,9.45
16260,2841,2024-11-06,9.45
16261,2669,2023-07-05,208.95
16262,14653,2024-11-02,30.45
16263,19206,2024-09-08,30.45
16264,12902,2023-09-08,9.45
16265,13183,2024-05-11,9.45
16266,7285,2023-06-04,9.45
16267,17473,2024-09-05,82.95
16268,5711,2024-03-11,82.95
16269,3671,2024-08-07,30.45
16270,6577,2024-08-05,30.45
16271,13006,2023-12-01,9.45
16272,16865,2023-10-30,9.45
16273,2001,2023-12-05,208.95
16274,1052,2024-03-09,208.95
16275,3921,2023-11-12,30.45
16276,7695,2024-12-05,9.45
16277,7857,2023-12-05,9.45
16278,2873,2023-05-04,30.45
16279,7844,2024-05-08,82.95
16280,16527,2023-08-05,82.95
16281,4125,2024-10-06,82.95
16282,2741,2024-08-09,30.45
16283,14916,2024-01-04,9.45
16284,4682,2024-02-10,9.45
16285,17741,2023-03-09,9.45
16286,19166,2023-12-05,82.95
16287,4006,2024-08-11,82.95
16288,5258,2024-12-10,30.45
16289,10167,2023-06-07,9.45
16290,9945,2024-12-04,9.45
16291,18974,,82.95
16292,6942,2024-09-07,9.45
16293,16656,2023-11-02,30.45
16294,9016,2024-06-04,9.45
16295,13705,2024-09-12,30.45
16296,16407,2024-04-09,9.45
16297,8011,2024-03-08,208.95
16298,13195,2023-10-11,82.95
16299,18830,2024-04-04,9.45
16300,1484,2024-04-01,82.95
16301,7105,2023-02-03,30.45
16302,12501,2023-07-08,9.45
16303,19472,2024-04-10,208.95
16304,16780,2023-07-11,9.45
16305,5088,2024-12-04,9.45
16306,3433,2024-10-10,9.45
16307,7455,2024-11-10,208.95
16308,4043,2024-05-11,82.95
16309,3038,2024-12-05,30.45
16310,19744,2023-12-12,9.45
16311,2065,2024-08-10,9.45
16312,3772,2024-09-09,9.45
16313,7003,2024-01-12,82.95
16314,1635,2023-08-05,9.45
16315,19862,2024-01-08,30.45
16316,19244,2024-06-10,9.45
16317,3394,2024-10-12,30.45
16318,9378,2023-10-02,9.45
16319,6770,2023-02-03,30.45
16320,4506,2023-02-05,9.45
16321,18635,2024-01-03,82.95
16322,17272,2024-09-08,30.45
16323,14286,2024-03-03,9.45
16324,8352,2024-04-08,9.45
16325,13591,2023-09-03,9.45
16326,16592,2024-11-08,82.95
16327,813,2024-12-04,9.45
16328,12022,2024-09-03,9.45
16329,5702,2023-06-04,82.95
16330,5308,2024-12-10,82.95
16331,11305,2023-06-06,9.45
16332,9886,2024-08-06,9.45
16333,13700,2024-04-05,30.45
16334,4173,2023-09-05,9.45
16335,11076,2024-09-05,208.95
16336,9643,2024-12-09,30.45
16337,20028,2024-09-07,9.45
16338,10094,2024-10-07,9.45
16339,17343,2024-07-05,30.45
16340,18354,2023-10-10,9.45
16341,12993,2024-10-04,30.45
16342,3686,2024-01-04,9.45
16343,3729,2024-09-12,82.95
16344,1439,2024-09-06,30.45
16345,16173,2024-06-11,30.45
16346,16172,2024-05-05,30.45
16347,18450,2024-12-02,9.45
16348,14867,2023-11-11,9.45
16349,13349,2024-03-09,30.45
16350,6475,2023-09-08,9.45
16351,16810,2023-08-10,82.95
16352,19845,2024-07-02,82.95
16353,7147,2023-07-07,30.45
16354,6376,2024-02-04,30.45
16355,13787,2023-08-05,9.45
16356,1711,2024-07-03,208.95
16357,2766,2024-12-07,9.45
16358,20094,2024-07-09,30.45
16359,14339,2023-10-10,82.95
16360,10643,2024-01-09,9.45
16361,19886,2023-09-04,9.45
16362,12686,2024-07-02,30.45
16363,5142,2023-07-03,9.45
16364,10972,2024-11-11,82.95
16365,8936,2024-11-04,30.45
16366,5475,2024-03-07,9.45
16367,9143,2024-07-10,82.95
16368,10241,2023-12-06,30.45
16369,3607,2024-03-02,9.45
16370,8031,2024-11-06,82.95
16371,12583,2024-04-11,9.45
16372,2254,2023-12-05,30.45
16373,14278,2023-07-09,9.45
16374,12615,2024-06-11,208.95
16375,2209,2023-07-06,30.45
16376,10416,2023-10-05,9.45
16377,14724,2024-06-05,9.45
16378,18275,2024-07-09,9.45
16379,19192,2024-04-03,82.95
16380,10429,2024-11-08,9.45
16381,7660,2023-11-10,9.45
16382,7865,2024-08-05,9.45
16383,15917,2024-08-06,9.45
16384,5577,,30.45
16385,4391,2023-07-01,9.45
16386,9655,2023-06-08,9.45
16387,4940,2024-12-04,30.45
16388,17088,2023-10-07,208.95
16389,3517,2024-09-02,9.45
16390,2542,2024-10-07,9.45
16391,16249,2024-09-08,30.45
16392,1592,2024-09-05,30.45
16393,14810,2024-06-07,30.45
16394,8634,2024-07-02,9.45
16395,8760,2024-07-05,30.45
16396,18782,2023-11-06,9.45
16397,11966,2024-04-04,9.45
16398,13224,2024-04-06,9.45
16399,19502,2024-09-08,82.95
16400,3477,2024-03-12,82.95
16401,15208,2023-06-07,9.45
16402,4237,2024-02-02,9.45
16403,19333,2023-12-07,9.45
16404,20122,2023-09-02,82.95
16405,12558,2024-01-07,82.95
16406,19719,2024-08-02,208.95
16407,1998,2024-12-04,30.45
16408,3072,2023-10-07,30.45
16409,20483,2023-07-04,30.45
16410,2462,2024-09-05,82.95
16411,15833,2024-03-04,9.45
16412,9604,2024-04-12,82.95
16413,14626,2023-09-10,9.45
16414,15014,2024-10-08,9.45
16415,10662,2024-10-08,30.45
16416,17375,2024-09-08,30.45
16417,12316,2024-10-07,30.45
16418,5774,2024-02-05,30.45
16419,175,2024-06-04,30.45
16420,8871,2024-07-07,9.45
16421,6809,2024-06-02,82.95
16422,4676,2023-08-04,9.45
16423,5690,2023-06-07,30.45
16424,14954,2023-07-12,82.95
16425,18012,2024-07-08,165.9
16426,19606,2023-03-10,9.45
16427,6696,2024-06-05,9.45
16428,10004,2024-10-06,208.95
16429,9144,2024-08-06,82.95
16430,16338,2024-09-09,82.95
16431,16516,2024-10-05,208.95
16432,7275,2024-07-06,9.45
16433,4210,2024-03-06,82.95
16434,17410,2024-11-02,9.45
16435,4035,2023-09-11,82.95
16436,19701,2023-08-06,9.45
16437,8937,2024-12-09,30.45
16438,2242,2024-04-09,30.45
16439,2199,2024-08-08,208.95
16440,4842,2024-06-08,9.45
16441,14109,2024-06-09,30.45
16442,13785,2023-08-17,9.45
16443,14080,2024-10-03,9.45
16444,15703,2024-12-03,9.45
16445,6375,2024-12-11,82.95
16446,12491,2024-06-09,30.45
16447,7287,2023-08-03,9.45
16448,17614,2024-12-05,208.95
16449,17927,2024-05-03,9.45
16450,1360,2024-08-06,30.45
16451,3831,2023-12-03,9.45
16452,15921,2024-12-06,9.45
16453,976,,82.95
16454,17914,2024-02-03,82.95
16455,13354,2024-08-08,30.45
16456,11235,2024-04-09,82.95
16457,580,2024-07-06,165.9
16458,10383,2023-05-02,30.45
16459,2760,2024-06-03,9.45
16460,13002,2024-10-05,9.45
16461,14340,2023-11-05,82.95
16462,8897,2024-08-03,9.45
16463,2574,2024-12-10,30.45
16464,17978,2023-09-08,30.45
16465,2418,2024-12-08,82.95
16466,6659,2024-07-09,18.9
16467,19031,2024-08-07,9.45
16468,19721,2024-10-06,208.95
16469,7328,2024-09-05,9.45
16470,16827,2024-03-08,30.45
16471,7396,2024-10-06,9.45
16472,11608,2024-09-04,9.45
16473,7305,2023-05-06,9.45
16474,6421,2024-12-03,82.95
16475,20054,2024-11-05,82.95
16476,7792,2024-03-05,30.45
16477,13217,2024-08-03,30.45
16478,1825,2024-09-08,30.45
16479,17853,2024-02-10,30.45
16480,983,2024-06-07,208.95
16481,14191,2024-08-04,82.95
16482,11049,2023-02-10,9.45
16483,8177,2023-11-12,30.45
16484,8001,2023-05-07,208.95
16485,14699,2023-10-02,9.45
16486,8840,2023-11-03,82.95
16487,7879,2023-10-03,208.95
16488,5429,2024-11-10,9.45
16489,17798,2024-09-05,30.45
16490,8681,2024-08-04,82.95
16491,4033,2023-07-02,82.95
16492,9126,2023-12-08,9.45
16493,14421,2024-12-06,30.45
16494,7815,2024-04-05,30.45
16495,17543,2023-12-09,30.45
16496,4713,2023-10-09,30.45
16497,18114,2023-07-02,30.45
16498,19041,2024-07-10,82.95
16499,9696,2023-09-11,82.95
16500,4427,2023-12-07,82.95
16501,10189,2023-12-09,82.95
16502,7,2024-05-10,30.45
16503,14058,2023-03-08,9.45
16504,4198,2024-05-29,9.45
16505,15945,2024-10-07,9.45
16506,3445,2024-03-09,30.45
16507,13949,2023-09-06,9.45
16508,23,2024-09-05,82.95
16509,285,2023-12-02,9.45
16510,20258,2023-09-10,82.95
16511,11127,2023-12-07,30.45
16512,11343,2024-11-08,9.45
16513,13611,2024-04-11,82.95
16514,1147,2024-01-05,9.45
16515,12719,2024-09-04,30.45
16516,9866,2024-03-10,208.95
16517,15003,2023-11-08,9.45
16518,1739,2024-03-09,208.95
16519,18061,2023-02-08,30.45
16520,12430,2023-09-09,30.45
16521,1278,2023-01-05,9.45
16522,14931,2024-09-11,82.95
16523,3802,2023-07-10,82.95
16524,3428,2024-05-05,9.45
16525,14262,2024-11-05,30.45
16526,10444,2024-09-07,9.45
16527,89,2023-08-10,9.45
16528,17054,2024-06-08,30.45
16529,7057,2023-06-08,9.45
16530,6764,2024-07-10,82.95
16531,19616,2024-01-03,9.45
16532,4523,2024-07-07,18.9
16533,16916,2024-08-05,30.45
16534,16954,2024-11-02,30.45
16535,1290,2024-01-08,9.45
16536,6125,2024-05-08,82.95
16537,15143,2024-04-09,30.45
16538,1033,2024-09-05,9.45
16539,3548,2024-06-06,82.95
16540,14423,2023-10-11,30.45
16541,12379,2024-07-05,9.45
16542,14663,2024-03-11,9.45
16543,7654,2023-05-08,9.45
16544,9344,2024-09-03,30.45
16545,10122,2024-11-10,9.45
16546,20502,2023-07-10,208.95
16547,20440,2023-12-05,9.45
16548,17820,2024-12-05,30.45
16549,13233,2023-06-05,30.45
16550,9709,2024-10-06,82.95
16551,14962,2024-03-05,82.95
16552,11653,2024-11-10,9.45
16553,19647,2023-10-09,9.45
16554,14189,2024-12-07,82.95
16555,12473,2024-11-07,30.45
16556,19073,2024-10-04,208.95
16557,7656,2023-07-08,9.45
16558,5060,2024-04-09,82.95
16559,14838,2024-07-04,9.45
16560,17458,2023-11-12,9.45
16561,15360,2024-07-08,18.9
16562,11979,2024-10-09,9.45
16563,18466,2024-09-11,9.45
16564,7035,2023-03-09,30.45
16565,2221,2024-07-07,60.9
16566,20262,2024-01-10,82.95
16567,1947,2023-12-04,82.95
16568,14115,2024-12-09,30.45
16569,14708,2024-07-07,9.45
16570,16394,2024-05-07,9.45
16571,11243,2024-12-04,82.95
16572,1498,,9.45
16573,14844,2023-12-06,208.95
16574,1804,2024-01-08,30.45
16575,10436,2024-01-09,9.45
16576,578,2024-12-10,30.45
16577,7361,2023-04-11,30.45
16578,7341,2024-04-04,30.45
16579,10268,2024-10-04,9.45
16580,5861,2024-08-07,30.45
16581,8436,2023-10-10,30.45
16582,1067,2024-07-10,30.45
16583,18897,2024-07-08,9.45
16584,8232,2024-09-05,82.95
16585,259,2023-05-05,9.45
16586,1730,2023-06-09,208.95
16587,9136,2024-10-08,9.45
16588,17061,2023-04-08,9.45
16589,2981,2024-05-09,82.95
16590,2577,2023-04-07,9.45
16591,9947,2024-06-03,9.45
16592,1664,2024-11-06,9.45
16593,3206,2024-07-03,30.45
16594,9006,2024-03-05,9.45
16595,5242,2024-03-06,9.45
16596,17959,2024-01-12,30.45
16597,10804,2024-09-03,30.45
16598,14185,2024-08-05,82.95
16599,1426,2023-08-10,30.45
16600,20515,2024-11-11,30.45
16601,19558,2024-10-02,30.45
16602,9881,2024-03-08,9.45
16603,9491,2024-12-01,9.45
16604,1512,2024-03-12,9.45
16605,16100,2024-03-02,82.95
16606,9089,2023-03-11,9.45
16607,8235,2024-12-06,82.95
16608,18532,2024-10-08,208.95
16609,390,2024-06-03,30.45
16610,5317,2023-07-03,82.95
16611,2714,2024-02-10,30.45
16612,9200,2023-03-06,9.45
16613,364,2023-10-01,30.45
16614,9657,2023-08-11,9.45
16615,1852,2024-06-10,30.45
16616,4277,2024-09-08,82.95
16617,603,2024-10-05,30.45
16618,19902,2023-09-08,208.95
16619,19834,2024-11-09,208.95
16620,17515,2024-03-06,82.95
16621,653,2023-11-10,9.45
16622,10459,2024-02-04,82.95
16623,1283,2023-06-08,9.45
16624,2681,2024-07-09,208.95
16625,15135,2023-08-02,30.45
16626,2994,2024-01-02,9.45
16627,15689,2024-05-08,208.95
16628,903,2023-12-07,9.45
16629,3901,2023-05-02,9.45
16630,14536,2023-11-03,30.45
16631,16725,2024-12-05,82.95
16632,4428,2024-01-08,82.95
16633,272,2024-06-10,9.45
16634,1336,2024-04-01,9.45
16635,10715,2024-05-05,82.95
16636,4468,2024-05-01,9.45
16637,19911,2024-06-09,208.95
16638,17929,2024-07-04,9.45
16639,10965,2024-12-07,82.95
16640,17184,2024-06-07,9.45
16641,6894,2024-07-06,82.95
16642,2613,2023-11-08,9.45
16643,17522,2024-03-03,9.45
16644,807,2024-06-04,9.45
16645,2612,2023-10-08,9.45
16646,11183,2023-10-05,82.95
16647,632,2023-05-09,30.45
16648,13112,2023-04-05,82.95
16649,6910,2024-10-02,9.45
16650,3870,2024-06-05,82.95
16651,12510,2024-04-07,9.45
16652,18288,2023-11-12,9.45
16653,6494,2024-01-10,82.95
16654,19895,2024-09-07,9.45
16655,9094,2023-08-08,9.45
16656,12126,2024-07-08,9.45
16657,14740,2024-03-11,9.45
16658,2094,2024-12-06,82.95
16659,4844,2024-08-11,9.45
16660,18738,2024-11-04,208.95
16661,14922,2024-07-06,9.45
16662,10539,2024-09-05,82.95
16663,19183,2023-07-06,82.95
16664,1662,2024-09-02,9.45
16665,20366,2024-08-08,9.45
16666,15597,2024-05-12,82.95
16667,15029,2024-07-06,30.45
16668,4565,2023-11-07,82.95
16669,283,2023-10-10,9.45
16670,1277,2024-12-03,9.45
16671,6417,2024-08-06,82.95
16672,12885,2023-11-10,30.45
16673,3611,2024-07-10,18.9
16674,8986,2024-10-06,30.45
16675,18482,2024-07-07,9.45
16676,19000,2023-08-09,9.45
16677,8757,2024-10-06,9.45
16678,1294,2024-05-11,9.45
16679,8395,2023-12-03,9.45
16680,4994,2024-03-05,30.45
16681,3846,2024-02-04,9.45
16682,16958,2023-07-09,30.45
16683,4855,2024-03-08,30.45
16684,6422,2023-09-04,82.95
16685,17151,2024-06-10,208.95
16686,14005,2024-03-10,9.45
16687,6200,2024-10-11,30.45
16688,12276,2024-10-01,9.45
16689,11812,2024-01-05,9.45
16690,12369,2023-09-08,9.45
16691,7629,2023-10-09,9.45
16692,15424,2024-01-03,208.95
16693,8560,2024-06-08,9.45
16694,782,2023-05-04,30.45
16695,1192,2024-06-05,9.45
16696,19321,2024-05-03,30.45
16697,10227,2024-11-01,30.45
16698,16875,2024-06-09,9.45
16699,17667,2024-08-11,9.45
16700,15255,2023-09-12,82.95
16701,3938,2024-11-09,82.95
16702,13110,2023-02-02,82.95
16703,9342,2024-07-07,30.45
16704,18623,2024-10-04,82.95
16705,751,2024-05-07,30.45
16706,4147,2023-06-05,30.45
16707,3932,,30.45
16708,14035,2024-04-04,208.95
16709,3057,2024-04-03,9.45
16710,4754,2023-12-08,208.95
16711,14075,2024-05-04,9.45
16712,14477,2023-12-04,30.45
16713,18197,2023-07-07,30.45
16714,14705,2024-04-03,9.45
16715,1536,2023-08-08,9.45
16716,17320,2024-05-08,9.45
16717,7407,2024-03-04,9.45
16718,18264,2024-11-09,9.45
16719,13384,2023-10-06,208.95
16720,8008,2023-12-06,208.95
16721,3293,2024-07-09,30.45
16722,18593,2024-04-05,30.45
16723,12886,2023-12-09,30.45
16724,6048,2024-04-10,30.45
16725,4302,2024-09-11,82.95
16726,14111,2024-08-08,30.45
16727,497,2023-01-04,82.95
16728,7741,2023-09-12,9.45
16729,18900,2024-10-03,9.45
16730,19525,2024-06-07,30.45
16731,7886,2024-05-07,208.95
16732,17011,2024-03-11,82.95
16733,16426,2024-06-11,9.45
16734,20014,2023-07-02,9.45
16735,2554,2023-11-05,9.45
16736,160,2024-03-07,9.45
16737,4650,2024-08-09,30.45
16738,4745,2023-03-10,208.95
16739,7981,2024-06-05,30.45
16740,10885,2024-06-09,30.45
16741,1039,2024-10-10,9.45
16742,4719,2024-04-09,30.45
16743,17084,2023-06-08,208.95
16744,13601,2024-07-07,9.45
16745,2363,2024-06-08,82.95
16746,14599,2024-06-06,208.95
16747,13415,2024-06-10,82.95
16748,34,2024-02-08,82.95
16749,7905,2024-03-08,82.95
16750,15071,2023-07-03,9.45
16751,15051,2024-07-12,9.45
16752,4168,2023-04-03,9.45
16753,17105,2024-08-05,9.45
16754,13588,2024-10-03,9.45
16755,6062,2023-08-03,30.45
16756,18875,2023-10-10,82.95
16757,224,2024-10-09,82.95
16758,17669,2024-10-11,9.45
16759,19326,2024-10-03,30.45
16760,17442,2024-10-04,9.45
16761,5653,2024-04-04,30.45
16762,14533,2023-08-07,30.45
16763,19050,2023-09-10,82.95
16764,612,2024-07-07,30.45
16765,15815,2024-04-11,9.45
16766,33,2024-01-09,82.95
16767,15129,2023-10-06,9.45
16768,3358,2024-12-04,82.95
16769,16033,2024-03-04,30.45
16770,11278,2024-04-02,9.45
16771,14501,2024-07-12,60.9
16772,18167,2024-12-11,30.45
16773,9114,2024-02-11,30.45
16774,14110,2024-07-01,30.45
16775,15165,2024-02-09,208.95
16776,18516,2023-12-05,30.45
16777,14961,2024-02-10,82.95
16778,12281,2023-05-09,9.45
16779,13828,2024-11-07,30.45
16780,2532,2024-07-09,9.45
16781,15645,2024-02-05,9.45
16782,17214,2024-01-11,9.45
16783,9274,2023-12-05,9.45
16784,14603,2024-10-05,208.95
16785,15416,2024-09-09,30.45
16786,18382,2024-03-11,30.45
16787,19909,2024-04-11,208.95
16788,13339,2023-05-10,30.45
16789,1163,2024-02-02,30.45
16790,6146,2024-03-04,9.45
16791,18232,2024-07-10,9.45
16792,17513,2024-01-04,82.95
16793,14956,2023-09-05,82.95
16794,10291,2023-11-05,9.45
16795,10878,2023-11-11,30.45
16796,13837,2024-05-04,82.95
16797,13020,2023-10-03,9.45
16798,6571,2024-01-08,30.45
16799,17836,2023-08-03,30.45
16800,15699,,9.45
16801,3461,2024-06-12,9.45
16802,15508,2024-06-09,30.45
16803,2637,2024-05-08,9.45
16804,14446,,30.45
16805,7132,2023-10-02,9.45
16806,4703,2024-05-06,30.45
16807,17314,2023-11-02,9.45
16808,20074,2024-11-02,30.45
16809,18786,2024-03-02,9.45
16810,11861,2023-07-03,30.45
16811,2188,2023-09-11,208.95
16812,9213,2024-04-02,9.45
16813,6425,2023-12-08,82.95
16814,7426,2023-09-05,82.95
16815,18984,2024-11-03,82.95
16816,4664,2024-03-08,9.45
16817,11397,2024-05-02,30.45
16818,19642,2024-10-02,208.95
16819,370,2024-04-05,30.45
16820,5324,2024-02-12,82.95
16821,843,2023-11-11,30.45
16822,10993,2024-09-10,208.95
16823,17688,2024-07-10,9.45
16824,8987,2024-11-05,30.45
16825,13468,2024-12-02,208.95
16826,13116,2024-07-10,208.95
16827,2122,2024-06-11,30.45
16828,125,2023-08-09,30.45
16829,5257,2024-11-03,30.45
16830,16538,2024-01-04,82.95
16831,19094,2024-11-07,82.95
16832,18866,2023-02-26,82.95
16833,2674,2023-12-10,208.95
16834,5780,2024-08-09,30.45
16835,20430,2024-03-04,30.45
16836,17189,2024-11-03,9.45
16837,13789,2023-10-02,9.45
16838,19794,2024-02-01,30.45
16839,20435,2023-12-10,30.45
16840,2264,2024-10-08,30.45
16841,8394,2023-11-07,9.45
16842,6479,2024-01-09,9.45
16843,10949,2024-12-08,30.45
16844,19560,2024-12-03,30.45
16845,20446,2024-05-05,9.45
16846,6074,2023-11-06,9.45
16847,11002,2024-06-11,9.45
16848,16878,2024-09-12,9.45
16849,3466,2024-11-06,9.45
16850,20466,2023-08-02,30.45
16851,8327,2024-10-07,9.45
16852,11248,2023-09-08,9.45
16853,3888,2024-03-05,9.45
16854,2498,2023-08-11,9.45
16855,8270,,30.45
16856,19919,2023-07-08,9.45
16857,17675,2024-08-08,30.45
16858,1995,2024-09-10,30.45
16859,3192,2024-08-06,9.45
16860,20275,2024-04-03,30.45
16861,12607,2024-07-03,9.45
16862,2780,2023-06-02,208.95
16863,19318,2024-02-06,30.45
16864,16577,2024-03-07,9.45
16865,10377,2024-07-01,18.9
16866,12888,2024-02-08,30.45
16867,3940,2023-07-06,82.95
16868,17585,2024-12-04,208.95
16869,9218,2024-09-05,9.45
16870,17757,2024-07-08,9.45
16871,18716,2024-06-03,30.45
16872,14679,2024-07-04,9.45
16873,11291,2024-08-09,82.95
16874,6500,2024-07-02,82.95
16875,508,2023-12-08,82.95
16876,2593,2024-08-06,9.45
16877,17086,2023-08-06,208.95
16878,12609,2024-09-04,9.45
16879,8700,2024-05-04,9.45
16880,5273,2024-08-06,9.45
16881,13238,2023-11-02,30.45
16882,19377,2024-12-10,82.95
16883,19792,2023-12-04,30.45
16884,195,2023-04-01,208.95
16885,15281,2023-12-07,82.95
16886,17567,2024-03-03,30.45
16887,6579,2024-10-08,30.45
16888,8338,2024-01-09,9.45
16889,15947,2024-12-11,9.45
16890,6727,2024-08-10,82.95
16891,11215,2023-09-07,30.45
16892,14750,2023-05-08,30.45
16893,2085,2024-03-01,82.95
16894,10843,2024-05-06,30.45
16895,19505,2024-12-07,82.95
16896,18760,2024-02-22,9.45
16897,13481,2024-02-01,9.45
16898,934,2024-08-11,82.95
16899,12667,2024-12-09,9.45
16900,8508,2024-08-01,82.95
16901,13282,2023-12-04,30.45
16902,16762,2023-11-10,9.45
16903,16630,2024-09-10,9.45
16904,10316,2023-10-05,9.45
16905,11327,2024-06-05,30.45
16906,4611,2023-03-02,9.45
16907,4827,2024-12-08,9.45
16908,2398,2024-07-07,82.95
16909,73,2024-02-07,82.95
16910,17746,2023-08-10,9.45
16911,1409,2024-02-07,9.45
16912,10146,2023-04-12,82.95
16913,7593,2024-02-10,30.45
16914,2848,2023-12-06,9.45
16915,19246,2024-08-03,9.45
16916,563,2024-09-09,82.95
16917,17918,2024-06-08,82.95
16918,14553,2024-06-11,9.45
16919,11054,2023-07-09,9.45
16920,2362,2024-05-09,82.95
16921,18976,2024-03-03,82.95
16922,13650,2024-02-06,9.45
16923,14957,2023-10-05,82.95
16924,11728,2024-02-06,9.45
16925,2867,2024-10-04,9.45
16926,246,2024-01-08,208.95
16927,1309,2023-11-10,9.45
16928,19799,2024-07-04,60.9
16929,2143,2024-09-07,30.45
16930,2458,2024-05-08,82.95
16931,13366,2024-03-06,9.45
16932,2879,2023-11-02,30.45
16933,11872,2024-06-07,30.45
16934,17625,2024-12-07,30.45
16935,880,2023-10-05,208.95
16936,15532,2023-04-06,9.45
16937,9211,2024-02-09,9.45
16938,18234,2024-09-07,9.45
16939,2485,2024-03-06,9.45
16940,16838,2023-06-04,30.45
16941,5470,2023-10-02,9.45
16942,7176,2024-03-10,9.45
16943,9035,2024-11-10,9.45
16944,10683,2024-09-11,9.45
16945,1903,2023-03-08,208.95
16946,7626,2023-07-06,9.45
16947,8210,2023-07-05,9.45
16948,9736,2023-11-09,82.95
16949,19126,2023-11-10,9.45
16950,19224,2024-10-08,82.95
16951,14315,2024-05-03,9.45
16952,13515,2024-03-07,82.95
16953,4967,2024-11-09,30.45
16954,10941,2024-04-03,30.45
16955,13430,2024-05-10,82.95
16956,13539,2024-06-05,30.45
16957,7544,2024-08-01,30.45
16958,10521,2024-12-06,30.45
16959,7488,2024-06-10,30.45
16960,4747,2023-05-02,208.95
16961,12864,2024-08-10,82.95
16962,9733,2024-10-12,30.45
16963,16277,2023-07-12,9.45
16964,4840,2024-04-03,9.45
16965,13739,2024-04-12,30.45
16966,13904,2024-05-05,9.45
16967,2811,2023-09-04,9.45
16968,17447,2024-07-09,30.45
16969,19119,2023-04-12,9.45
16970,4439,2024-12-03,82.95
16971,9528,2024-05-10,30.45
16972,9463,2023-08-07,9.45
16973,10628,2024-01-12,208.95
16974,9802,2024-12-11,30.45
16975,7698,2023-04-04,30.45
16976,7944,2024-07-10,9.45
16977,10729,2024-12-11,9.45
16978,15869,2024-12-12,9.45
16979,13780,2024-09-05,30.45
16980,3506,2023-10-02,9.45
16981,15627,2023-10-06,30.45
16982,18905,2024-04-11,30.45
16983,18009,2024-04-08,82.95
16984,5887,2023-10-07,82.95
16985,1708,2024-04-01,208.95
16986,13370,2024-07-02,9.45
16987,4366,2024-03-01,82.95
16988,3718,2024-10-01,30.45
16989,15110,2024-05-04,82.95
16990,10181,2024-08-04,9.45
16991,14779,2023-10-03,208.95
16992,749,2024-03-11,30.45
16993,17080,2024-11-12,9.45
16994,9538,2024-06-07,30.45
16995,3116,2024-05-03,82.95
16996,17869,2024-04-05,30.45
16997,17014,2024-06-07,82.95
16998,4965,2024-09-04,30.45
16999,1813,2024-10-07,30.45
17000,9571,2024-08-08,30.45
17001,8837,2023-08-05,82.95
17002,19250,2024-12-02,9.45
17003,14933,2024-11-08,82.95
17004,5217,2024-02-07,9.45
17005,8109,2024-11-08,30.45
17006,3093,2024-07-07,30.45
17007,10408,2024-03-04,9.45
17008,2248,2024-10-07,30.45
17009,13363,2023-12-03,9.45
17010,2745,2024-12-10,30.45
17011,19456,2024-08-12,9.45
17012,844,2023-12-06,30.45
17013,6377,2024-03-03,30.45
17014,18217,2024-03-05,30.45
17015,14749,2024-12-07,9.45
17016,5442,2024-12-02,9.45
17017,12166,2023-04-04,208.95
17018,19567,2024-04-04,9.45
17019,14805,2024-01-11,30.45
17020,836,2024-06-10,9.45
17021,16259,2024-07-03,208.95
17022,11023,2024-09-09,30.45
17023,5691,2023-07-03,30.45
17024,5596,2024-01-03,9.45
17025,17135,2023-12-05,30.45
17026,9599,2024-09-06,30.45
17027,15787,2024-04-03,30.45
17028,2087,2024-05-02,82.95
17029,5926,2024-05-03,82.95
17030,8408,2023-02-01,82.95
17031,19587,2023-12-09,30.45
17032,17220,2024-07-06,9.45
17033,11097,2023-05-04,9.45
17034,19316,2023-12-06,30.45
17035,11266,2024-02-02,9.45
17036,18725,2024-05-11,82.95
17037,19478,2024-10-09,208.95
17038,12198,2024-02-11,82.95
17039,9032,2024-08-04,9.45
17040,5025,2024-04-04,9.45
17041,8810,2024-04-09,9.45
17042,1643,2024-04-07,9.45
17043,19840,2024-02-02,82.95
17044,1115,2023-12-07,30.45
17045,14615,2024-10-06,208.95
17046,15897,2023-04-08,30.45
17047,12876,2024-11-01,9.45
17048,8678,2024-02-09,30.45
17049,11198,2023-08-06,30.45
17050,4923,2024-12-07,30.45
17051,11721,2023-07-11,9.45
17052,20545,2024-05-04,82.95
17053,8632,2024-05-07,9.45
17054,11670,2023-02-12,30.45
17055,258,2023-04-03,9.45
17056,4176,2023-12-12,9.45
17057,2000,2023-11-01,208.95
17058,12662,2024-07-03,9.45
17059,11760,2025-01-06,30.45
17060,444,2024-07-05,9.45
17061,8914,2023-01-06,30.45
17062,12363,2024-08-08,30.45
17063,6795,2024-09-11,30.45
17064,15196,2024-04-04,82.95
17065,7714,2024-08-04,30.45
17066,2426,2024-07-09,82.95
17067,8330,2023-05-09,9.45
17068,13124,2023-07-12,30.45
17069,3866,2024-02-07,82.95
17070,1281,2023-04-10,9.45
17071,17501,2024-07-07,60.9
17072,13398,2024-12-07,208.95
17073,1241,2024-01-01,9.45
17074,15797,2023-12-10,208.95
17075,4689,2024-09-03,9.45
17076,15118,2024-06-04,82.95
17077,10700,2024-05-05,9.45
17078,4034,2023-08-03,82.95
17079,4455,2024-12-07,208.95
17080,6888,2024-01-06,82.95
17081,10452,2023-07-10,82.95
17082,11741,2024-04-09,9.45
17083,2887,2024-07-07,30.45
17084,11498,2024-11-10,30.45
17085,9842,2023-11-09,82.95
17086,3221,2024-07-11,9.45
17087,14791,2024-10-03,208.95
17088,14449,2023-12-01,30.45
17089,4876,2023-08-08,9.45
17090,2019,2024-05-12,9.45
17091,7589,2023-10-06,30.45
17092,2158,2024-05-06,30.45
17093,13823,2024-06-03,30.45
17094,5096,2023-09-03,9.45
17095,15796,2023-11-08,208.95
17096,19717,2024-12-02,9.45
17097,5192,2024-01-11,30.45
17098,5738,2024-07-09,18.9
17099,9229,2024-11-08,9.45
17100,9464,2023-09-06,9.45
17101,19435,2024-08-05,9.45
17102,5049,2024-04-05,82.95
17103,7247,2024-11-03,9.45
17104,16836,2024-12-10,30.45
17105,5575,2023-12-08,30.45
17106,15125,2023-06-04,9.45
17107,5713,2024-05-03,82.95
17108,783,2023-06-05,30.45
17109,8942,2024-12-02,9.45
17110,14399,2024-12-12,208.95
17111,10479,2024-07-05,9.45
17112,1432,2024-02-06,30.45
17113,8184,2024-06-06,30.45
17114,810,2024-09-03,9.45
17115,4986,2024-05-06,30.45
17116,13360,2023-09-06,9.45
17117,10724,2024-07-03,9.45
17118,17843,2024-03-09,30.45
17119,1348,2024-04-12,208.95
17120,20214,2024-12-09,9.45
17121,10506,2023-09-08,30.45
17122,17658,2023-11-11,9.45
17123,4142,2025-03-10,82.95
17124,12616,2024-07-03,208.95
17125,10397,2024-07-09,30.45
17126,19535,2023-07-06,82.95
17127,13254,2024-10-07,208.95
17128,4690,2024-10-03,9.45
17129,9940,2024-07-04,9.45
17130,6372,2024-09-09,82.95
17131,8899,2024-10-07,9.45
17132,12502,2023-08-08,9.45
17133,6246,2024-10-11,30.45
17134,13350,2024-04-10,30.45
17135,1572,2024-01-08,82.95
17136,863,2024-04-07,9.45
17137,14513,2024-05-08,82.95
17138,17838,2023-10-11,30.45
17139,10145,2023-03-07,82.95
17140,18829,2024-03-07,9.45
17141,17178,2024-08-08,99.21
17142,4205,2024-11-06,9.45
17143,18642,2024-08-04,82.95
17144,6570,2023-12-10,30.45
17145,11613,2024-07-08,30.45
17146,791,2024-02-09,30.45
17147,18718,2024-08-10,30.45
17148,14538,2024-01-05,30.45
17149,2018,2024-04-04,9.45
17150,4860,2024-08-04,30.45
17151,3654,2024-09-07,82.95
17152,10616,2024-11-10,30.45
17153,18705,2023-07-02,30.45
17154,13266,2024-03-07,9.45
17155,15128,2023-09-10,9.45
17156,5640,2024-01-09,30.45
17157,15289,2024-08-05,82.95
17158,12799,2024-12-12,82.95
17159,1981,2024-05-11,30.45
17160,16161,,9.45
17161,12586,,18.9
17162,2675,2024-01-11,208.95
17163,834,2024-04-06,9.45
17164,11267,2024-03-05,9.45
17165,19628,2024-06-06,9.45
17166,19409,2024-09-07,208.95
17167,15944,2024-09-07,9.45
17168,14840,2024-09-06,9.45
17169,4078,2023-12-10,30.45
17170,15874,2024-11-08,82.95
17171,20370,2024-12-02,9.45
17172,7183,2024-10-08,9.45
17173,17784,2024-12-10,82.95
17174,6034,2024-11-01,30.45
17175,9558,2023-07-03,30.45
17176,12158,2024-08-12,30.45
17177,2731,2024-05-11,9.45
17178,19007,2024-03-09,9.45
17179,878,2023-08-08,208.95
17180,10289,2023-09-05,9.45
17181,2963,2024-02-07,82.95
17182,10253,2024-12-01,30.45
17183,5965,2024-07-04,30.45
17184,20293,2024-09-08,9.45
17185,3598,2024-05-10,9.45
17186,17692,2024-11-02,9.45
17187,7148,2023-08-08,30.45
17188,1376,2024-03-07,30.45
17189,14709,2024-08-11,9.45
17190,439,2024-09-09,30.45
17191,14137,2024-04-09,9.45
17192,11449,2024-09-06,30.45
17193,18495,2024-03-08,9.45
17194,20085,2024-05-07,30.45
17195,19684,2023-08-04,208.95
17196,7478,2023-08-03,30.45
17197,6713,2024-10-12,208.95
17198,6276,2024-12-09,30.45
17199,16496,2023-12-02,82.95
17200,7907,2024-05-01,82.95
17201,11274,2023-12-09,9.45
17202,2790,2024-04-11,208.95
17203,6071,2023-08-04,9.45
17204,13944,2024-09-02,30.45
17205,4972,2023-12-03,9.45
17206,6133,2023-02-09,9.45
17207,2950,2024-08-06,9.45
17208,10623,2024-09-11,30.45
17209,8316,2024-12-12,9.45
17210,18151,2023-08-05,30.45
17211,18375,2023-08-07,30.45
17212,3955,2024-10-11,82.95
17213,6845,2024-06-09,30.45
17214,4709,2024-11-03,30.45
17215,8124,2024-07-04,30.45
17216,14148,2023-04-07,9.45
17217,18969,2023-08-04,82.95
17218,18421,2024-09-05,82.95
17219,19906,2024-01-02,208.95
17220,6793,2024-07-11,30.45
17221,5075,2023-11-10,9.45
17222,1670,2024-05-09,208.95
17223,16288,2024-06-02,9.45
17224,4429,2024-02-08,82.95
17225,1955,2024-08-11,82.95
17226,7330,2024-11-02,9.45
17227,6534,2024-09-10,30.45
17228,7632,2024-01-03,9.45
17229,4253,2024-01-10,30.45
17230,12025,2024-12-04,9.45
17231,15114,2024-09-05,82.95
17232,17575,2024-11-06,30.45
17233,20314,2023-10-10,30.45
17234,507,2023-11-03,82.95
17235,10822,2023-05-05,30.45
17236,5180,2024-05-05,9.45
17237,12349,2024-02-09,82.95
17238,16782,2023-09-10,9.45
17239,9327,2024-06-09,82.95
17240,12922,2023-07-04,30.45
17241,3741,2023-11-07,9.45
17242,10228,2024-12-07,30.45
17243,15222,2024-08-06,9.45
17244,6972,2023-06-08,82.95
17245,239,2023-06-05,208.95
17246,3579,2024-03-05,9.45
17247,4275,2024-07-04,82.95
17248,9447,2023-12-02,9.45
17249,4111,2024-06-05,82.95
17250,203,2023-12-03,208.95
17251,4077,2023-11-07,30.45
17252,3725,2024-05-10,82.95
17253,6029,2024-06-05,30.45
17254,17166,2024-12-10,82.95
17255,10490,2024-09-04,30.45
17256,12399,2024-06-06,208.95
17257,7710,2024-04-12,30.45
17258,11184,2023-11-01,82.95
17259,3257,2023-08-03,9.45
17260,577,2024-11-06,30.45
17261,18511,2023-07-05,30.45
17262,6957,2024-03-02,30.45
17263,13162,2024-05-04,82.95
17264,7069,2024-06-08,9.45
17265,5423,2024-05-06,9.45
17266,16560,2023-12-11,9.45
17267,11511,2024-03-05,30.45
17268,8158,2024-03-07,208.95
17269,242,2023-09-10,208.95
17270,9380,,9.45
17271,4875,2024-12-09,9.45
17272,3449,2024-07-07,30.45
17273,6619,2024-08-11,9.45
17274,3911,2024-03-04,9.45
17275,7612,2024-05-09,9.45
17276,8619,2023-03-12,82.95
17277,11914,2024-08-02,82.95
17278,6725,2024-06-09,82.95
17279,9773,2024-07-06,18.9
17280,3048,2024-12-11,30.45
17281,9650,2024-01-09,30.45
17282,17071,2024-02-08,9.45
17283,19401,2024-06-12,30.45
17284,9807,2024-12-08,30.45
17285,107,2024-08-04,82.95
17286,1931,2024-05-06,9.45
17287,4898,2024-08-09,82.95
17288,13910,2024-11-12,9.45
17289,14306,2024-11-12,30.45
17290,11734,2024-08-06,9.45
17291,15054,2024-10-10,9.45
17292,11324,2024-03-08,30.45
17293,837,2024-07-04,9.45
17294,9335,2024-02-10,9.45
17295,18707,2023-09-02,30.45
17296,18570,2024-01-03,80.1
17297,19057,2024-04-04,82.95
17298,6211,2024-01-05,82.95
17299,2111,2023-07-05,30.45
17300,8951,2024-08-04,82.95
17301,16231,2023-11-02,9.45
17302,9698,2023-11-09,82.95
17303,12188,2023-04-03,82.95
17304,10284,2024-08-08,9.45
17305,4599,2024-03-11,82.95
17306,902893,2024-04-04,82.95
17307,5862,2024-09-08,30.45
17308,6506,2023-05-09,30.45
17309,16962,2023-11-08,30.45
17310,2927,2024-01-11,82.95
17311,4234,2023-11-07,9.45
17312,3973,2024-10-11,9.45
17313,6334,2024-12-09,9.45
17314,16790,2024-05-12,9.45
17315,16152,2024-12-03,208.95
17316,17239,2024-08-08,82.95
17317,9869,2024-06-05,208.95
17318,18520,2024-04-12,30.45
17319,19086,2024-03-05,82.95
17320,315,2023-04-03,9.45
17321,5195,2024-01-11,30.45
17322,4305,2024-12-02,82.95
17323,2740,2024-07-07,30.45
17324,1971,2024-12-04,30.45
17325,3087,2024-01-08,30.45
17326,5790,,82.95
17327,19726,2024-08-02,82.95
17328,6701,2024-11-02,9.45
17329,8939,2024-09-07,9.45
17330,8358,2024-01-03,9.45
17331,7761,2023-12-06,82.95
17332,11482,2024-04-03,30.45
17333,11486,2024-08-01,30.45
17334,19574,2024-11-04,9.45
17335,12309,2024-03-06,30.45
17336,6239,2024-03-06,30.45
17337,3348,2024-11-12,30.45
17338,2361,2024-04-06,82.95
17339,14665,2024-05-08,9.45
17340,4521,2024-05-04,9.45
17341,6945,2024-12-09,9.45
17342,19666,2023-12-08,9.45
17343,12954,2023-08-05,30.45
17344,4036,2023-10-04,82.95
17345,19770,2023-10-06,9.45
17346,17536,2024-12-07,30.45
17347,10886,2024-07-09,30.45
17348,4673,2024-12-03,9.45
17349,571,2024-05-02,30.45
17350,127,2023-10-10,30.45
17351,905735,2024-04-03,9.45
17352,5462,2024-11-08,82.95
17353,18153,2023-10-06,30.45
17354,15211,2023-09-08,9.45
17355,19324,2024-08-02,30.45
17356,1202,2023-10-01,82.95
17357,229,2024-08-04,30.45
17358,1990,2024-04-10,30.45
17359,13516,2024-04-03,82.95
17360,437,2024-07-10,60.9
17361,20445,2024-02-11,30.45
17362,4854,2024-02-03,30.45
17363,9153,2024-07-02,417.9
17364,3362,2024-06-06,9.45
17365,17967,2024-09-10,30.45
17366,19382,2024-11-09,30.45
17367,3803,2023-08-08,82.95
17368,20400,2024-07-11,30.45
17369,5417,2023-11-01,9.45
17370,10869,2024-05-08,82.95
17371,5642,2024-03-09,30.45
17372,19966,2023-11-12,9.45
17373,11207,2024-05-09,30.45
17374,14784,2024-03-09,208.95
17375,760,2024-07-06,30.45
17376,14228,2024-08-09,30.45
17377,4767,2024-06-12,82.95
17378,145,2024-07-10,9.45
17379,18902,2024-12-10,9.45
17380,13682,,9.45
17381,10922,2024-12-05,9.45
17382,19402,2024-07-04,30.45
17383,464,2024-08-04,9.45
17384,12801,2023-05-10,30.45
17385,8829,2023-03-02,30.45
17386,5092,2023-05-12,9.45
17387,20486,2024-05-11,82.95
17388,8763,2024-10-05,30.45
17389,11603,2024-04-11,9.45
17390,19178,2024-12-05,82.95
17391,7751,2024-07-04,9.45
17392,8428,2024-10-10,82.95
17393,19411,2024-11-03,208.95
17394,18692,2024-06-02,208.95
17395,19622,2024-07-02,9.45
17396,1782,2024-06-08,82.95
17397,15405,2024-09-10,30.45
17398,15320,2023-09-03,9.45
17399,13445,2023-10-10,9.45
17400,2492,2024-10-02,9.45
17401,18668,2023-04-03,82.95
17402,11447,2024-07-09,30.45
17403,16989,2024-02-01,9.45
17404,15779,2023-08-05,30.45
17405,10537,2024-07-03,165.9
17406,19970,2024-03-10,9.45
17407,6122,2024-02-08,82.95
17408,5789,2024-02-03,82.95
17409,14902,2024-06-09,30.45
17410,11885,2024-09-08,63.18
17411,426,2023-08-06,30.45
17412,8604,2023-12-11,9.45
17413,8043,2023-11-03,9.45
17414,3606,2024-02-07,9.45
17415,17497,2024-03-08,30.45
17416,2187,2023-08-08,208.95
17417,16967,2024-04-07,30.45
17418,19985,2023-06-10,30.45
17419,15039,2023-07-11,9.45
17420,10706,2024-11-12,9.45
17421,17690,2024-09-04,9.45
17422,17750,2023-12-10,9.45
17423,11532,2023-09-10,208.95
17424,13642,2024-10-05,9.45
17425,16205,2023-05-09,9.45
17426,14138,2024-05-03,9.45
17427,9470,2024-07-10,9.45
17428,5651,2024-12-04,30.45
17429,16040,2024-10-06,30.45
17430,10082,2024-08-08,30.45
17431,14934,2024-12-08,82.95
17432,4627,2024-07-05,9.45
17433,9970,2024-06-11,9.45
17434,9975,2024-11-11,9.45
17435,6162,2024-10-08,30.45
17436,3793,2024-05-05,82.95
17437,16988,2024-01-11,9.45
17438,13355,2024-09-02,30.45
17439,13159,2024-02-03,82.95
17440,16376,2024-03-09,208.95
17441,14403,2023-06-10,30.45
17442,15253,2023-07-05,82.95
17443,12313,2024-07-02,30.45
17444,8300,2024-12-10,82.95
17445,12779,2024-04-06,30.45
17446,1393,2024-02-08,82.95
17447,917250,2024-12-01,9.45
17448,16539,2024-02-03,82.95
17449,20053,2024-10-04,82.95
17450,11560,2023-07-06,9.45
17451,8059,2023-12-11,9.45
17452,180,2024-11-11,30.45
17453,11987,2023-09-03,9.45
17454,7732,2024-08-02,30.45
17455,17761,2024-11-06,9.45
17456,7527,2024-03-03,9.45
17457,14388,2024-01-10,208.95
17458,20236,2024-07-06,208.95
17459,13223,2024-03-08,9.45
17460,3848,2024-04-02,9.45
17461,2175,2024-01-06,9.45
17462,8443,2024-07-30,30.45
17463,3419,2023-08-01,9.45
17464,18385,2024-06-04,30.45
17465,9837,2023-06-08,82.95
17466,12525,2024-02-12,30.45
17467,5836,2024-02-04,9.45
17468,2555,2023-12-03,9.45
17469,17167,2023-09-10,9.45
17470,4603,2024-07-02,82.95
17471,5338,2024-02-08,30.45
17472,13786,2023-07-10,9.45
17473,15045,2024-01-03,9.45
17474,14776,2023-07-03,208.95
17475,13645,2023-09-03,9.45
17476,20450,2024-07-08,9.45
17477,15646,2024-03-12,9.45
17478,8686,2023-03-10,9.45
17479,12110,2024-04-01,30.45
17480,6014,2024-02-10,9.45
17481,12897,2024-11-01,30.45
17482,20239,2024-10-08,208.95
17483,18545,2023-08-03,82.95
17484,12949,2024-08-08,208.95
17485,6705,2024-09-11,30.45
17486,12123,2024-04-06,9.45
17487,19143,2023-07-12,82.95
17488,20335,2024-03-05,30.45
17489,5314,2024-12-06,82.95
17490,888,2024-08-01,208.95
17491,952,2023-09-12,9.45
17492,296,2024-03-10,30.45
17493,2306,2024-09-07,30.45
17494,16121,2024-10-10,30.45
17495,14081,2024-11-08,9.45
17496,14862,2023-06-05,9.45
17497,9839,2023-08-08,82.95
17498,2489,2024-07-10,9.45
17499,16533,2024-02-08,82.95
17500,17554,2024-11-10,30.45
17501,19867,2024-06-04,30.45
17502,12222,2024-04-04,30.45
17503,4449,2024-06-03,208.95
17504,4059,2024-08-02,82.95
17505,11350,2024-11-05,30.45
17506,14329,2024-07-10,60.9
17507,9914,2023-12-11,82.95
17508,4508,2023-04-04,9.45
17509,17523,2024-04-07,9.45
17510,18379,2023-12-05,30.45
17511,19155,2024-07-08,82.95
17512,739,2023-05-03,30.45
17513,13544,2024-11-10,30.45
17514,10258,2023-12-10,9.45
17515,18352,2023-08-05,9.45
17516,5330,2024-08-08,82.95
17517,581,2024-08-08,82.95
17518,8525,2024-03-10,82.95
17519,19638,2024-06-02,208.95
17520,11336,2024-10-06,9.45
17521,8387,2024-12-09,30.45
17522,1606,2023-07-07,30.45
17523,1009,2024-08-09,30.45
17524,3426,2024-03-12,9.45
17525,14411,2024-02-06,30.45
17526,19521,2024-02-08,30.45
17527,5393,2023-11-08,82.95
17528,18213,2024-11-07,30.45
17529,4095,2024-07-11,9.45
17530,9184,2024-07-03,30.45
17531,13114,2024-05-09,208.95
17532,8160,2024-05-10,208.95
17533,6223,2024-01-09,30.45
17534,9692,2023-05-07,82.95
17535,14651,2024-09-08,30.45
17536,7847,2024-08-05,82.95
17537,17790,2024-01-11,30.45
17538,15516,2024-03-05,82.95
17539,4749,2023-07-06,208.95
17540,9133,2024-07-08,18.9
17541,14725,2024-07-07,9.45
17542,3966,2024-03-06,9.45
17543,628,2024-12-08,9.45
17544,14082,2024-12-01,9.45
17545,17340,2024-04-03,30.45
17546,16298,2023-12-09,111.13
17547,15715,,30.45
17548,9587,2023-09-02,30.45
17549,10495,2024-02-09,82.95
17550,7567,2024-09-11,30.45
17551,11221,2024-03-04,30.45
17552,6491,2023-10-05,82.95
17553,9853,2024-10-11,82.95
17554,2225,2024-11-07,30.45
17555,7562,2024-04-12,30.45
17556,6859,2023-11-05,82.95
17557,8895,2024-06-09,9.45
17558,13878,2024-03-05,82.95
17559,8464,2024-02-05,30.45
17560,2852,2024-04-07,9.45
17561,9162,2023-06-05,9.45
17562,14250,2023-11-04,30.45
17563,15591,2023-11-06,82.95
17564,15515,2024-02-11,82.95
17565,17164,2024-10-09,82.95
17566,10753,2024-06-03,208.95
17567,3262,2024-01-03,9.45
17568,56,2024-07-11,9.45
17569,438,2024-08-05,30.45
17570,20043,2023-12-05,82.95
17571,18776,2023-05-09,9.45
17572,2259,2024-05-10,30.45
17573,273,2024-07-04,9.45
17574,2305,2024-08-05,30.45
17575,16625,2024-04-02,9.45
17576,6815,2025-03-04,82.95
17577,9481,2024-02-11,9.45
17578,4949,2024-02-11,9.45
17579,14759,2024-02-05,30.45
17580,4813,2023-10-05,9.45
17581,14507,2023-11-11,82.95
17582,13679,2024-05-07,9.45
17583,3591,2023-10-06,9.45
17584,2202,2024-11-01,208.95
17585,15554,2023-08-07,9.45
17586,15217,2024-03-08,9.45
17587,78,2024-07-12,82.95
17588,8317,2023-12-10,9.45
17589,5074,2023-10-09,9.45
17590,18800,2024-03-08,30.45
17591,15867,2024-10-09,9.45
17592,15230,2024-05-03,82.95
17593,15073,2023-09-08,9.45
17594,18801,2024-04-08,30.45
17595,17708,2023-12-04,30.45
17596,7385,2023-11-06,9.45
17597,5018,2023-09-10,9.45
17598,9107,2024-09-09,9.45
17599,19910,2024-05-09,208.95
17600,19826,2024-03-02,208.95
17601,19485,2024-08-06,9.45
17602,9816,2023-09-09,9.45
17603,3569,2023-05-04,9.45
17604,12905,2023-12-06,9.45
17605,8273,2024-07-09,30.45
17606,6865,2024-05-11,82.95
17607,16740,2024-07-05,9.45
17608,1706,2024-11-07,9.45
17609,9234,2024-10-11,82.95
17610,8042,2023-10-07,9.45
17611,4401,2024-05-03,9.45
17612,2239,2024-01-03,30.45
17613,4032,2023-06-04,82.95
17614,10571,2024-04-11,9.45
17615,8034,2024-05-03,9.45
17616,19189,2024-01-01,82.95
17617,6260,,30.45
17618,15120,2024-08-03,82.95
17619,12218,,30.45
17620,7999,2024-12-05,9.45
17621,19229,2023-03-06,9.45
17622,19756,2024-12-02,9.45
17623,20175,2023-06-08,9.45
17624,18308,2024-02-08,30.45
17625,19548,2024-08-04,82.95
17626,9972,2024-08-10,9.45
17627,10402,2024-12-04,30.45
17628,18869,2023-04-05,82.95
17629,4220,2024-04-09,30.45
17630,12119,2023-12-05,9.45
17631,10535,2024-05-10,82.95
17632,16771,2024-05-10,82.95
17633,17833,2024-10-05,30.45
17634,3557,2024-05-10,9.45
17635,7524,2023-12-09,9.45
17636,6981,2024-03-06,82.95
17637,7722,2024-05-12,9.45
17638,4634,2024-09-09,82.95
17639,3658,2023-07-04,30.45
17640,9915,2024-01-04,82.95
17641,6731,2024-12-06,82.95
17642,5473,2024-03-02,9.45
17643,12967,2024-09-03,30.45
17644,5407,2023-01-03,9.45
17645,9159,2023-03-03,9.45
17646,5211,2023-08-05,9.45
17647,19383,2024-12-04,283.8
17648,17794,2024-05-08,30.45
17649,14244,2023-05-07,30.45
17650,1315,2024-05-11,9.45
17651,13903,2024-04-12,9.45
17652,4712,2023-09-09,30.45
17653,4657,2023-08-07,9.45
17654,16381,2024-08-10,208.95
17655,19436,2024-09-11,9.45
17656,11405,2023-07-09,9.45
17657,4735,2024-04-02,9.45
17658,16876,2024-07-04,9.45
17659,13245,2024-01-10,208.95
17660,8702,2024-07-05,9.45
17661,6163,2024-11-07,30.45
17662,11920,2023-09-02,30.45
17663,5275,2024-10-07,9.45
17664,16312,2024-04-03,30.45
17665,2885,2024-05-10,30.45
17666,3480,2024-06-09,82.95
17667,11214,2024-12-10,30.45
17668,14378,2024-06-06,9.45
17669,18864,2024-11-02,30.45
17670,9640,2024-09-02,30.45
17671,18367,2024-11-10,9.45
17672,5801,2024-02-10,9.45
17673,20173,2023-07-07,9.45
17674,16640,2023-09-02,208.95
17675,16726,2023-05-01,9.45
17676,13184,2024-06-08,9.45
17677,18955,2024-03-09,30.45
17678,6478,2023-12-06,9.45
17679,11624,2024-11-09,208.95
17680,8911,2024-10-04,208.95
17681,3851,2024-07-11,9.45
17682,9428,2024-08-03,208.95
17683,5543,2024-12-08,30.45
17684,8715,2024-02-08,9.45
17685,9468,2024-05-07,9.45
17686,9049,2024-03-08,9.45
17687,2490,2024-08-09,9.45
17688,11834,2024-05-06,30.45
17689,18961,2024-09-08,30.45
17690,3360,2024-04-11,9.45
17691,13857,2023-06-01,287.02
17692,7941,2024-04-11,9.45
17693,16201,2023-01-09,9.45
17694,764,2024-11-09,30.45
17695,13321,2024-04-05,9.45
17696,16383,2024-10-04,208.95
17697,9328,2024-07-06,82.95
17698,3180,2024-10-03,9.45
17699,18138,2024-10-10,30.45
17700,18762,2024-01-04,9.45
17701,5967,2024-09-08,30.45
17702,681,2024-05-05,9.45
17703,19983,2024-11-02,30.45
17704,11025,2024-11-09,30.45
17705,16491,2024-09-08,30.45
17706,1153,2024-07-10,9.45
17707,17147,2024-12-06,30.45
17708,12311,2024-05-11,30.45
17709,19879,2024-10-05,9.45
17710,5368,2024-08-05,82.95
17711,4516,2023-12-02,9.45
17712,8808,2024-02-02,9.45
17713,14528,2024-11-03,30.45
17714,6335,2024-06-05,82.95
17715,877,2023-07-06,208.95
17716,15172,2024-09-11,208.95
17717,4266,2023-10-09,82.95
17718,12223,2024-05-08,30.45
17719,8908,2024-07-05,208.95
17720,20361,2024-03-09,9.45
17721,1582,2024-11-04,82.95
17722,1632,2023-05-08,9.45
17723,16559,2023-11-09,9.45
17724,13865,2024-02-05,30.45
17725,20240,2024-11-03,208.95
17726,3341,2024-04-08,30.45
17727,7503,2024-07-05,82.95
17728,7220,2023-01-09,30.45
17729,7680,2024-04-02,9.45
17730,18301,2024-12-09,9.45
17731,14876,2024-08-06,9.45
17732,17752,2024-02-02,9.45
17733,19961,2023-06-02,9.45
17734,7822,2024-11-01,30.45
17735,6572,2024-03-08,30.45
17736,3726,2024-06-03,82.95
17737,12264,2024-08-03,82.95
17738,12245,2023-11-04,9.45
17739,8879,2024-05-05,82.95
17740,8196,2024-11-01,9.45
17741,1363,2024-11-08,30.45
17742,15314,2024-12-07,82.95
17743,11636,2023-06-04,9.45
17744,3744,2024-02-04,9.45
17745,6537,2024-12-08,30.45
17746,14590,2024-06-02,30.45
17747,722,2024-12-06,9.45
17748,1831,2023-09-04,82.95
17749,2924,2023-10-05,82.95
17750,499,2023-03-08,82.95
17751,12015,2023-09-07,30.45
17752,16904,2023-08-08,30.45
17753,18818,2023-10-11,9.45
17754,3896,2024-11-10,9.45
17755,9501,2023-05-07,208.95
17756,11630,2024-07-05,208.95
17757,13933,2023-10-03,30.45
17758,11124,2024-10-08,82.95
17759,11490,2024-12-08,30.45
17760,1691,2024-11-02,9.45
17761,11022,2024-08-08,30.45
17762,11815,2024-04-04,9.45
17763,8339,2024-02-08,9.45
17764,32,2023-12-03,82.95
17765,8799,2023-05-07,9.45
17766,1877,2024-06-06,30.45
17767,2104,2024-12-09,9.45
17768,16715,2024-10-09,208.95
17769,5894,2024-05-08,82.95
17770,13897,2023-10-05,9.45
17771,20219,2024-06-09,9.45
17772,13003,2024-11-09,9.45
17773,917142,2024-07-05,30.45
17774,13467,2024-11-05,208.95
17775,20241,2024-12-03,208.95
17776,8384,2024-09-05,30.45
17777,9503,2023-07-07,208.95
17778,20108,2023-11-01,208.95
17779,12260,2024-04-02,82.95
17780,1978,2024-02-08,30.45
17781,9731,2024-08-09,30.45
17782,9076,2024-10-04,9.45
17783,20323,2024-07-12,60.9
17784,19195,2024-07-11,82.95
17785,4130,2023-12-11,82.95
17786,18063,2023-04-07,30.45
17787,2146,2024-12-06,30.45
17788,15214,2023-12-08,9.45
17789,20235,2024-06-04,208.95
17790,6443,2024-07-12,30.45
17791,10344,2024-11-07,9.45
17792,6438,2024-02-03,30.45
17793,12789,2024-02-10,82.95
17794,11912,2024-06-09,82.95
17795,5908,2024-04-06,30.45
17796,11,2024-09-08,30.45
17797,2137,2024-10-04,30.45
17798,5150,2024-03-04,9.45
17799,10615,2024-10-05,30.45
17800,17397,2023-10-06,9.45
17801,17382,2024-04-03,9.45
17802,15575,2023-10-01,30.45
17803,5108,2024-09-07,9.45
17804,9987,2024-07-07,60.9
17805,11314,2024-03-05,9.45
17806,13323,2024-06-03,9.45
17807,12364,2024-09-02,30.45
17808,1509,2023-12-06,9.45
17809,8091,2023-12-04,208.95
17810,11553,2024-04-04,9.45
17811,14549,2024-02-09,9.45
17812,10275,2023-11-08,9.45
17813,10413,2023-07-07,9.45
17814,6938,2024-05-05,9.45
17815,16681,2024-02-06,208.95
17816,19133,2024-06-03,9.45
17817,6802,2024-09-08,9.45
17818,13619,2024-12-02,82.95
17819,10191,2024-02-02,82.95
17820,14422,2023-09-10,30.45
17821,13731,2023-08-07,30.45
17822,15583,2024-06-09,30.45
17823,12643,2024-08-05,9.45
17824,12207,2024-11-04,82.95
17825,15509,2024-07-10,30.45
17826,839,2024-09-08,9.45
17827,8707,2024-12-04,9.45
17828,16960,2023-09-08,30.45
17829,12029,2023-03-01,82.95
17830,2857,2023-12-10,9.45
17831,15923,2024-08-09,82.95
17832,13322,2024-05-12,9.45
17833,19092,2024-09-03,82.95
17834,8291,2024-03-02,82.95
17835,478,2024-12-09,82.95
17836,16045,2024-04-05,9.45
17837,9753,2024-08-06,30.45
17838,4706,2024-08-07,30.45
17839,13218,2024-09-07,30.45
17840,20029,2024-10-06,9.45
17841,349,2024-03-08,30.45
17842,9631,,9.45
17843,13594,2023-12-06,9.45
17844,1654,2024-10-10,9.45
17845,2142,2024-08-06,30.45
17846,11527,2024-11-08,9.45
17847,916562,2024-02-06,9.45
17848,17059,2024-11-06,30.45
17849,1966,2024-07-05,30.45
17850,10251,2024-10-03,30.45
17851,15806,2024-09-06,208.95
17852,3233,2023-11-05,30.45
17853,1689,2024-09-09,9.45
17854,703,2024-04-02,82.95
17855,19198,2024-10-04,82.95
17856,18551,2024-02-02,82.95
17857,16026,2023-08-05,30.45
17858,7969,2024-12-08,30.45
17859,9893,2024-01-04,9.45
17860,20022,2024-03-06,9.45
17861,10192,2024-03-04,82.95
17862,13691,2024-05-08,9.45
17863,6977,2023-11-10,82.95
17864,12634,2024-08-10,30.45
17865,16995,2024-08-11,9.45
17866,13994,2024-12-06,208.95
17867,20007,2024-11-07,9.45
17868,11005,2024-09-04,9.45
17869,16457,2023-09-05,9.45
17870,4076,2023-10-03,30.45
17871,10532,2024-02-07,82.95
17872,1563,2023-04-03,82.95
17873,16951,2024-08-04,30.45
17874,18343,2024-09-05,9.45
17875,17883,2024-10-05,9.45
17876,10231,2024-08-10,30.45
17877,12415,2024-12-08,9.45
17878,15589,2024-12-10,30.45
17879,7858,2024-01-01,9.45
17880,3508,2023-12-07,9.45
17881,18892,2024-02-05,9.45
17882,9245,2024-04-02,30.45
17883,17275,2024-12-05,30.45
17884,4951,2024-04-07,9.45
17885,18634,2023-12-07,82.95
17886,15994,2024-11-06,9.45
17887,9810,2023-03-06,9.45
17888,14468,2024-12-05,82.95
17889,8927,2024-02-05,30.45
17890,2400,2024-09-12,82.95
17891,10815,2024-09-08,9.45
17892,216,2024-02-09,82.95
17893,3707,2023-11-12,30.45
17894,8469,2024-07-04,30.45
17895,7661,2023-12-10,9.45
17896,20432,2024-04-03,30.45
17897,13895,2023-08-04,9.45
17898,2112,2023-08-06,30.45
17899,17406,2024-07-04,9.45
17900,16778,2024-12-09,82.95
17901,7968,2024-11-10,30.45
17902,7174,2024-01-05,9.45
17903,6195,2024-05-02,30.45
17904,13702,2024-06-07,30.45
17905,2534,2024-09-05,9.45
17906,5826,2024-12-01,82.95
17907,20428,2023-12-05,82.95
17908,146,2024-08-02,9.45
17909,19657,2024-08-02,9.45
17910,12422,2024-05-11,82.95
17911,11799,2024-06-06,9.45
17912,12343,2023-08-08,82.95
17913,6654,2024-02-02,9.45
17914,11040,2024-04-05,208.95
17915,6411,2024-10-04,9.45
17916,9319,2024-06-06,82.95
17917,20289,2024-05-04,9.45
17918,9351,2024-06-09,9.45
17919,18113,2023-06-09,30.45
17920,15590,2023-10-04,82.95
17921,17492,2023-10-02,30.45
17922,492,2024-08-11,9.45
17923,4459,2024-07-03,9.45
17924,4467,2024-04-08,9.45
17925,6405,2024-11-07,82.95
17926,7880,2023-11-12,208.95
17927,5766,2024-04-04,9.45
17928,9128,2024-02-03,9.45
17929,5401,,82.95
17930,13680,2024-06-05,9.45
17931,20312,2023-08-01,30.45
17932,7082,2023-03-10,9.45
17933,11252,2024-01-08,9.45
17934,3821,2024-09-09,30.45
17935,6293,2024-10-03,30.45
17936,11524,2024-08-09,9.45
17937,8723,2024-10-06,9.45
17938,11769,2023-09-09,9.45
17939,1369,2023-09-03,30.45
17940,17899,2024-02-10,30.45
17941,1472,2024-12-07,82.95
17942,9727,2024-04-08,30.45
17943,8504,2024-04-10,82.95
17944,3521,2023-08-03,9.45
17945,2125,2024-09-08,30.45
17946,19115,2024-11-08,30.45
17947,2160,2024-07-11,30.45
17948,7123,,30.45
17949,16609,2024-05-10,9.45
17950,13137,2024-08-03,30.45
17951,8792,2024-06-02,82.95
17952,9206,2023-09-12,9.45
17953,9996,2024-02-09,208.95
17954,12121,2024-02-05,9.45
17955,11591,2024-07-09,208.95
17956,20016,2023-09-05,9.45
17957,3889,2024-04-09,9.45
17958,16044,2024-03-01,9.45
17959,265,2023-11-04,9.45
17960,4090,2024-12-06,30.45
17961,1244,2024-04-03,9.45
17962,1403,2024-12-07,82.95
17963,14101,2024-10-10,9.45
17964,7417,2024-05-04,9.45
17965,9740,2024-03-06,82.95
17966,19123,2023-08-02,9.45
17967,17154,2024-09-04,208.95
17968,20547,2024-08-31,18.9
17969,6614,2024-03-11,9.45
17970,6369,2024-06-02,82.95
17971,12420,2024-03-08,82.95
17972,19038,2024-04-04,82.95
17973,16170,2024-03-03,30.45
17974,8562,2024-08-07,9.45
17975,16569,,9.45
17976,15573,2023-08-03,30.45
17977,17145,2024-10-03,30.45
17978,12144,2024-09-09,9.45
17979,17789,2023-12-10,30.45
17980,12535,2024-12-03,30.45
17981,15001,2023-09-06,9.45
17982,3010,2024-02-11,30.45
17983,2295,2023-10-10,30.45
17984,2128,2024-12-05,30.45
17985,15035,2023-03-07,9.45
17986,14619,2023-02-07,9.45
17987,16339,2024-10-09,82.95
17988,4598,2024-12-05,9.45
17989,19313,2023-09-02,30.45
17990,15525,2024-12-03,82.95
17991,14556,2024-09-06,9.45
17992,12350,2024-03-02,82.95
17993,14492,2023-09-06,30.45
17994,19933,2024-09-07,9.45
17995,7428,2023-11-08,82.95
17996,326,2024-03-10,9.45
17997,18504,2024-12-06,9.45
17998,12578,2024-12-11,82.95
17999,14942,2024-07-03,9.45
18000,1101,2024-07-07,82.95
18001,18460,2024-09-05,30.45
18002,12009,2024-04-08,9.45
18003,1211,2023-12-08,30.45
18004,8945,2024-02-09,82.95
18005,10439,2024-04-03,9.45
18006,4921,2024-10-04,30.45
18007,18873,2023-08-05,82.95
18008,2853,2024-05-08,9.45
18009,1901,,30.45
18010,7265,2023-09-09,9.45
18011,6144,2024-01-08,9.45
18012,14257,2024-06-09,30.45
18013,8902,2023-06-10,9.45
18014,20282,2024-11-11,30.45
18015,14146,2023-02-11,9.45
18016,9730,2024-07-11,30.45
18017,18613,2023-12-02,82.95
18018,11102,2023-10-07,9.45
18019,1842,2024-08-03,82.95
18020,11203,2024-01-04,30.45
18021,5952,2023-06-09,30.45
18022,4438,2024-11-08,82.95
18023,8489,2024-10-03,9.45
18024,4513,2023-09-01,9.45
18025,1255,2024-07-08,82.95
18026,5999,2024-03-09,208.95
18027,13040,2024-09-07,30.45
18028,7103,2024-12-04,9.45
18029,5246,2024-07-09,9.45
18030,15212,2023-10-03,9.45
18031,11313,2024-02-03,9.45
18032,19517,2023-10-02,30.45
18033,19144,2023-08-08,82.95
18034,9607,2024-07-09,82.95
18035,16361,2024-10-08,82.95
18036,5488,2024-05-10,82.95
18037,20231,2024-02-04,208.95
18038,11467,2024-08-10,9.45
18039,2999,2024-06-07,9.45
18040,8590,2024-10-08,9.45
18041,692,2024-07-11,9.45
18042,13639,2024-07-09,9.45
18043,18712,2024-02-10,30.45
18044,15223,2024-09-08,9.45
18045,18437,2024-08-01,9.45
18046,1319,2024-09-04,9.45
18047,4463,2024-11-03,9.45
18048,19495,2024-02-07,82.95
18049,11756,2024-06-03,30.45
18050,20005,2024-09-07,9.45
18051,2282,2024-04-03,109.89
18052,9976,2024-12-09,9.45
18053,3395,2024-11-06,30.45
18054,6192,2024-02-09,30.45
18055,373,2024-07-06,30.45
18056,18420,2024-08-11,82.95
18057,4265,2023-09-05,82.95
18058,9375,2023-07-02,9.45
18059,2845,2023-09-05,9.45
18060,3752,2024-10-06,9.45
18061,4477,2023-10-10,208.95
18062,18710,2023-12-10,30.45
18063,13965,2023-01-04,9.45
18064,18740,2024-05-06,82.95
18065,12837,2023-09-01,9.45
18066,13690,2024-04-02,9.45
18067,17163,2024-09-03,82.95
18068,4558,2024-11-01,30.45
18069,5021,2023-12-09,9.45
18070,12817,2024-09-05,30.45
18071,10209,2024-11-06,9.45
18072,6046,2024-02-07,30.45
18073,13773,2024-02-03,30.45
18074,15430,2024-07-02,208.95
18075,12873,2024-08-05,9.45
18076,5218,2024-03-12,9.45
18077,1932,2024-06-04,9.45
18078,9514,2024-06-12,208.95
18079,1936,2024-10-04,9.45
18080,847,2024-03-05,30.45
18081,16600,2023-08-05,9.45
18082,14283,2023-12-07,9.45
18083,9015,2024-12-02,9.45
18084,157,2023-12-06,9.45
18085,15242,2024-05-08,30.45
18086,14843,2024-12-08,9.45
18087,12135,2023-12-05,9.45
18088,18145,2024-11-10,30.45
18089,6455,2024-04-03,30.45
18090,7888,2024-07-05,208.95
18091,20437,2024-05-10,82.95
18092,6965,2024-11-08,30.45
18093,3946,2024-01-05,82.95
18094,17703,2024-12-04,30.45
18095,15993,2024-10-04,9.45
18096,2244,2024-06-04,30.45
18097,8119,2024-02-11,30.45
18098,14924,2024-02-06,82.95
18099,13239,2023-12-08,30.45
18100,10568,2024-07-08,165.9
18101,14856,2024-12-11,208.95
18102,15363,2024-10-09,9.45
18103,7162,2024-10-08,30.45
18104,2650,2023-10-05,9.45
18105,12347,2023-12-08,82.95
18106,7319,2024-07-04,18.9
18107,17994,2024-08-08,208.95
18108,11029,2024-09-07,208.95
18109,1872,2024-07-03,9.45
18110,13419,2024-10-08,82.95
18111,8684,2024-11-06,82.95
18112,2814,2023-12-06,9.45
18113,9465,2023-10-07,9.45
18114,18314,2024-08-10,30.45
18115,13015,2024-09-09,9.45
18116,3645,2024-12-23,9.45
18117,2399,2024-08-08,82.95
18118,15291,2024-10-06,82.95
18119,8794,2024-08-03,82.95
18120,15261,2024-03-02,82.95
18121,19426,2024-11-05,9.45
18122,7326,2024-07-11,9.45
18123,13314,2023-09-05,9.45
18124,4461,2024-09-06,9.45
18125,17505,2024-11-05,30.45
18126,15844,2024-01-10,82.95
18127,121,2024-04-06,82.95
18128,14289,2024-06-10,9.45
18129,12156,2024-06-11,30.45
18130,5034,2023-01-10,82.95
18131,3173,2024-12-06,82.95
18132,10746,2023-11-09,208.95
18133,10400,2024-10-11,30.45
18134,19857,2023-08-11,30.45
18135,16125,2024-07-06,60.9
18136,6839,2024-09-10,9.45
18137,1037,2024-08-03,9.45
18138,17701,2024-10-04,30.45
18139,5937,2024-01-03,9.45
18140,59,2024-10-07,9.45
18141,5414,2023-08-02,9.45
18142,11303,2024-12-02,9.45
18143,10742,2023-07-06,208.95
18144,6887,2023-12-07,82.95
18145,1085,2024-02-10,9.45
18146,15101,2024-07-09,60.9
18147,11639,2023-09-06,9.45
18148,3120,2024-09-03,82.95
18149,13741,2024-06-03,30.45
18150,20394,2024-12-06,30.45
18151,19989,2023-10-08,30.45
18152,3342,2024-05-09,30.45
18153,1836,2024-02-08,82.95
18154,19400,2024-05-06,30.45
18155,7997,2024-10-07,9.45
18156,13603,2024-09-03,9.45
18157,19553,2024-05-02,30.45
18158,15969,2024-08-03,9.45
18159,930,2024-04-05,82.95
18160,4358,,82.95
18161,3858,2023-11-07,30.45
18162,9670,2024-09-02,9.45
18163,12448,2023-10-04,9.45
18164,13514,2024-02-08,82.95
18165,6366,2024-03-09,82.95
18166,18639,2024-05-06,82.95
18167,13694,2024-08-04,9.45
18168,11028,2024-08-01,208.95
18169,5700,2024-04-02,30.45
18170,10849,2025-02-03,30.45
18171,13093,2024-06-05,30.45
18172,12164,2023-02-02,208.95
18173,1191,2024-05-11,9.45
18174,9767,2024-01-03,9.45
18175,8728,2023-08-08,82.95
18176,10248,2024-07-06,30.45
18177,11371,2024-09-10,82.95
18178,11427,2024-02-04,30.45
18179,1605,2023-06-09,30.45
18180,18038,2024-03-03,82.95
18181,14390,2024-03-09,208.95
18182,20078,2023-10-12,30.45
18183,16588,2024-07-01,82.95
18184,13307,2024-08-03,9.45
18185,8488,2024-09-10,9.45
18186,2863,2024-06-12,9.45
18187,16922,2023-11-10,9.45
18188,5593,2024-11-03,620.32
18189,4155,2024-02-04,30.45
18190,9100,2024-02-10,9.45
18191,16980,2023-05-03,9.45
18192,583,2024-10-01,82.95
18193,7728,2024-11-07,9.45
18194,10606,2024-01-09,30.45
18195,1574,2024-03-05,82.95
18196,10859,2023-07-03,82.95
18197,5117,2024-04-09,9.45
18198,8272,2024-06-06,30.45
18199,2434,2024-05-05,30.45
18200,16682,2024-03-12,208.95
18201,15470,2024-01-02,9.45
18202,10850,2024-12-12,30.45
18203,5167,2024-03-02,208.95
18204,6324,2024-02-03,9.45
18205,19971,2024-04-06,9.45
18206,18224,2024-10-10,30.45
18207,7047,2024-03-09,30.45
18208,7154,2024-02-10,30.45
18209,7394,2024-08-02,9.45
18210,18415,2024-03-04,82.95
18211,1566,2023-07-05,82.95
18212,3157,2023-05-06,82.95
18213,11690,2024-04-11,9.45
18214,3383,2023-11-05,30.45
18215,14383,2024-11-03,9.45
18216,6085,2024-10-10,9.45
18217,12725,2023-08-30,208.95
18218,4027,2024-09-11,208.95
18219,4326,2023-12-06,9.45
18220,1821,2024-05-04,30.45
18221,7313,2024-01-06,9.45
18222,17656,2023-09-12,9.45
18223,8842,2024-01-06,82.95
18224,14849,2024-05-07,208.95
18225,10790,2024-06-06,82.95
18226,5398,2024-04-03,82.95
18227,1953,2024-06-08,82.95
18228,14529,2024-12-04,30.45
18229,16851,2024-06-10,82.95
18230,15419,2024-12-07,30.45
18231,19351,2023-11-10,30.45
18232,17008,2023-12-02,82.95
18233,4257,2024-05-07,30.45
18234,14319,2024-09-09,9.45
18235,2022,2024-08-06,9.45
18236,3417,2024-11-07,9.45
18237,5073,2023-09-09,9.45
18238,2666,2023-04-11,208.95
18239,1050,2024-01-08,208.95
18240,16098,2024-01-10,82.95
18241,20489,2024-09-07,30.45
18242,12753,2023-11-08,9.45
18243,20189,2024-08-11,9.45
18244,618,2024-08-08,82.95
18245,17120,2024-09-06,30.45
18246,19688,2023-12-02,208.95
18247,11153,2024-04-08,30.45
18248,16411,2024-11-05,9.45
18249,19652,2024-03-12,9.45
18250,19953,2024-10-04,9.45
18251,1344,2024-12-09,9.45
18252,6257,2024-11-02,82.95
18253,2623,2024-09-06,9.45
18254,19738,2024-08-02,30.45
18255,14065,2023-10-01,9.45
18256,13097,2024-10-09,30.45
18257,15760,2024-07-02,30.45
18258,11788,2024-02-01,9.45
18259,16099,2024-02-11,82.95
18260,7689,2024-06-07,9.45
18261,11030,2024-10-11,208.95
18262,15727,2023-11-02,82.95
18263,4389,2024-05-05,208.95
18264,12436,2024-03-02,30.45
18265,19222,2024-08-03,82.95
18266,3996,2024-03-06,30.45
18267,18377,2023-10-10,30.45
18268,19139,2024-12-05,9.45
18269,7571,2023-08-01,9.45
18270,10216,2023-12-08,30.45
18271,19921,2023-09-12,9.45
18272,14645,2024-11-10,208.95
18273,10264,2024-06-10,9.45
18274,14696,,30.45
18275,10265,2024-07-04,9.45
18276,4276,2024-08-09,82.95
18277,14853,2024-09-12,208.95
18278,16554,2023-06-03,9.45
18279,8345,2024-08-07,9.45
18280,10399,2024-09-10,30.45
18281,13586,2024-08-11,9.45
18282,7386,2023-12-08,9.45
18283,15656,2023-03-08,30.45
18284,13701,2024-05-11,30.45
18285,8016,2023-08-03,82.95
18286,20157,2024-02-03,30.45
18287,6588,2023-11-08,9.45
18288,9944,2024-11-09,9.45
18289,12971,2024-08-03,9.45
18290,20208,2024-06-10,9.45
18291,10908,2023-10-08,9.45
18292,3365,2024-09-10,9.45
18293,5879,2024-11-10,30.45
18294,13927,2024-07-04,82.95
18295,7135,2024-01-08,9.45
18296,11416,2024-06-05,9.45
18297,9596,2024-06-09,30.45
18298,12331,2024-06-11,82.95
18299,2003,2024-02-08,208.95
18300,15634,2024-05-06,30.45
18301,17503,2024-09-11,30.45
18302,3576,2023-12-06,9.45
18303,5823,2024-09-04,82.95
18304,11835,2024-06-06,30.45
18305,4174,2023-10-08,9.45
18306,17100,2024-10-06,208.95
18307,7424,2024-12-08,9.45
18308,19423,2024-08-11,9.45
18309,10897,2024-07-03,208.95
18310,13764,2024-06-06,9.45
18311,18274,2024-06-11,9.45
18312,11478,2023-12-11,30.45
18313,12505,2023-11-02,9.45
18314,2968,2024-10-26,82.95
18315,4106,2024-01-04,82.95
18316,10657,2024-05-01,30.45
18317,620,2024-10-03,82.95
18318,14869,2024-01-07,9.45
18319,5071,2023-07-06,9.45
18320,9270,2024-09-04,82.95
18321,20167,2024-12-09,30.45
18322,20245,2024-06-09,82.95
18323,20230,2024-01-02,208.95
18324,18722,2024-12-07,30.45
18325,18445,2024-07-09,18.9
18326,6409,2024-08-08,9.45
18327,209,2024-06-05,208.95
18328,13378,2023-07-11,30.45
18329,12046,2024-10-05,9.45
18330,15723,2024-11-07,30.45
18331,10226,2024-10-09,30.45
18332,17792,2024-03-06,30.45
18333,11077,2024-10-03,208.95
18334,9937,2024-11-04,82.95
18335,16698,2024-09-04,9.45
18336,18777,2023-06-02,9.45
18337,2249,2024-11-07,30.45
18338,3098,2024-12-11,30.45
18339,18932,2023-11-02,9.45
18340,4791,2024-05-11,9.45
18341,5997,2024-01-06,208.95
18342,8685,2024-12-09,82.95
18343,18678,2024-02-11,82.95
18344,18307,2024-01-05,30.45
18345,9624,2024-03-06,9.45
18346,15652,2024-09-07,9.45
18347,1016,2023-04-11,9.45
18348,3224,2024-10-06,9.45
18349,9366,2024-11-05,82.95
18350,11151,2024-02-05,30.45
18351,5261,2023-08-02,9.45
18352,11041,2024-05-03,208.95
18353,1012,2024-11-06,30.45
18354,8541,2024-12-08,30.45
18355,1061,2024-12-06,208.95
18356,3885,2023-12-03,9.45
18357,2046,2024-09-01,9.45
18358,14648,2024-06-03,30.45
18359,10225,2024-09-04,30.45
18360,17580,2024-07-05,208.95
18361,2820,2024-06-09,9.45
18362,10883,2024-04-02,30.45
18363,19149,2024-01-05,82.95
18364,7607,2024-10-06,30.45
18365,605,2024-12-05,30.45
18366,19283,2024-12-07,9.45
18367,10545,2024-03-06,9.45
18368,17137,2024-02-03,30.45
18369,7989,2023-08-07,82.95
18370,8279,2024-04-03,82.95
18371,15016,2024-12-02,9.45
18372,6072,2023-09-10,9.45
18373,11394,2024-11-09,9.45
18374,18285,2023-08-06,9.45
18375,11563,2023-10-09,9.45
18376,8575,2024-06-03,208.95
18377,14113,2024-10-02,30.45
18378,1853,2024-07-06,30.45
18379,4926,2024-09-08,9.45
18380,1350,2024-06-08,208.95
18381,4809,2023-06-05,9.45
18382,1070,2024-10-03,30.45
18383,16652,2024-09-07,208.95
18384,8,2024-06-08,30.45
18385,8803,2023-09-08,9.45
18386,8027,2024-07-09,82.95
18387,15600,2023-09-04,30.45
18388,17090,2023-12-10,208.95
18389,12884,2023-10-08,30.45
18390,12636,2024-10-12,30.45
18391,2365,2024-08-06,82.95
18392,7760,2024-05-08,9.45
18393,8979,2024-03-10,30.45
18394,15449,2023-04-05,9.45
18395,20062,2024-09-10,30.45
18396,17082,2023-06-13,208.95
18397,15448,2023-03-06,9.45
18398,4636,2024-11-12,82.95
18399,18326,2023-04-07,9.45
18400,9022,2024-12-11,9.45
18401,2273,2024-11-09,9.45
18402,20497,2024-07-11,9.45
18403,8383,2024-08-09,30.45
18404,17981,2023-12-08,30.45
18405,6278,2023-07-03,30.45
18406,15091,2023-09-06,30.45
18407,6563,2023-05-03,30.45
18408,18842,2024-09-05,9.45
18409,16232,2023-12-04,9.45
18410,11225,2024-07-07,30.45
18411,6295,2024-12-09,30.45
18412,16366,2023-05-02,208.95
18413,14032,2024-01-08,208.95
18414,10388,2023-10-03,30.45
18415,14896,2024-09-06,82.95
18416,4202,2024-08-02,9.45
18417,17474,2024-10-05,82.95
18418,1858,2024-12-04,30.45
18419,16369,2023-08-09,208.95
18420,17032,2024-01-03,9.45
18421,10707,2024-12-10,9.45
18422,19089,2024-06-12,82.95
18423,19058,2024-05-01,82.95
18424,4240,2024-05-09,9.45
18425,18559,2024-10-10,82.95
18426,9854,2024-11-09,82.95
18427,20125,2023-12-05,82.95
18428,15655,2024-12-10,9.45
18429,30,2023-10-06,82.95
18430,12927,2023-12-03,30.45
18431,12170,2023-08-04,208.95
18432,12674,2024-10-03,208.95
18433,10206,2024-08-11,9.45
18434,18459,2024-08-05,30.45
18435,7019,2023-10-07,82.95
18436,3755,2024-05-05,30.45
18437,16303,2024-05-03,9.45
18438,3397,2024-02-08,9.45
18439,18727,2024-07-10,82.95
18440,18910,2024-09-06,30.45
18441,13060,2024-12-08,9.45
18442,3259,2023-10-10,9.45
18443,8904,2023-08-03,9.45
18444,7294,2024-03-08,9.45
18445,3333,2024-07-11,18.9
18446,2997,2024-04-11,9.45
18447,11537,2023-03-06,9.45
18448,3219,2024-05-03,9.45
18449,2288,2024-10-10,9.45
18450,7700,2023-06-03,30.45
18451,10417,2023-11-06,9.45
18452,456,2023-12-09,9.45
18453,5860,2024-07-08,30.45
18454,14213,2024-10-12,9.45
18455,15,2024-01-03,82.95
18456,4465,2024-02-09,9.45
18457,20165,2024-10-08,30.45
18458,9547,2024-08-07,9.45
18459,5589,2024-07-07,82.95
18460,11430,2024-05-03,30.45
18461,8296,2024-08-07,82.95
18462,14308,2023-10-04,9.45
18463,20416,2023-12-10,9.45
18464,291,2023-10-04,30.45
18465,4285,2024-06-05,9.45
18466,11208,2024-06-08,30.45
18467,7381,2024-12-12,30.45
18468,15567,2024-09-08,9.45
18469,9860,2023-09-05,208.95
18470,2091,2024-09-06,82.95
18471,12891,2024-05-04,30.45
18472,4416,2024-06-09,30.45
18473,10667,2024-02-08,30.45
18474,13945,2024-10-03,30.45
18475,12550,2024-12-05,30.45
18476,5080,2024-04-04,9.45
18477,3155,2023-03-09,82.95
18478,169,2024-09-05,9.45
18479,18908,2024-07-09,30.45
18480,11457,2024-08-08,9.45
18481,1362,2024-10-07,30.45
18482,17768,2024-10-03,82.95
18483,10964,2024-11-02,82.95
18484,12846,2024-06-03,9.45
18485,12191,2023-07-02,82.95
18486,304,2024-11-01,30.45
18487,6638,2024-08-10,208.95
18488,1650,2024-11-07,9.45
18489,5406,2024-12-10,82.95
18490,15478,2024-09-05,9.45
18491,3194,2024-10-07,9.45
18492,10278,2024-02-03,9.45
18493,6156,2024-04-05,30.45
18494,13316,2023-11-11,9.45
18495,18060,2023-01-10,30.45
18496,862,2024-03-02,9.45
18497,9357,2024-12-04,9.45
18498,19967,2023-12-05,9.45
18499,16639,2023-08-05,208.95
18500,9040,2023-06-03,9.45
18501,10728,2024-11-03,9.45
18502,19102,2023-10-07,30.45
18503,826,2024-07-06,30.45
18504,19937,2023-06-12,9.45
18505,2286,2024-08-10,9.45
18506,1515,2024-06-05,9.45
18507,9374,2024-10-03,9.45
18508,14502,2024-08-05,30.45
18509,5943,2024-07-06,18.9
18510,2186,2024-12-07,9.45
18511,20017,2023-10-07,9.45
18512,15586,2024-09-04,30.45
18513,13546,2023-09-06,9.45
18514,3244,2024-10-07,30.45
18515,4018,2024-09-05,208.95
18516,336,2024-07-05,30.45
18517,19962,2023-07-02,9.45
18518,3566,2023-05-14,9.45
18519,5697,2024-01-07,30.45
18520,9188,2024-11-10,30.45
18521,15287,2024-06-05,82.95
18522,6973,2023-07-05,82.95
18523,17828,2024-12-10,9.45
18524,4015,2024-06-05,208.95
18525,17717,2024-09-08,30.45
18526,12582,2024-03-06,9.45
18527,16109,2024-12-07,82.95
18528,15649,2024-06-07,9.45
18529,12116,2024-10-08,30.45
18530,15132,2023-05-10,30.45
18531,8044,2023-12-06,9.45
18532,13081,2023-07-05,9.45
18533,17168,2023-10-07,9.45
18534,13021,2023-11-09,9.45
18535,14686,2024-01-06,30.45
18536,15079,2024-03-06,9.45
18537,5667,2023-07-11,208.95
18538,3147,2024-05-03,82.95
18539,12334,2024-09-11,82.95
18540,9566,2024-03-09,30.45
18541,15704,2024-03-11,30.45
18542,17544,2024-01-09,30.45
18543,9960,2023-08-09,9.45
18544,12017,2023-11-06,30.45
18545,2649,2023-09-06,9.45
18546,13990,2024-08-03,208.95
18547,3690,2024-05-05,9.45
18548,10160,2024-06-10,82.95
18549,12806,2023-10-04,30.45
18550,15651,2024-08-01,9.45
18551,4704,2024-06-05,30.45
18552,13926,2024-12-07,30.45
18553,15888,2024-01-04,30.45
18554,13315,2023-10-06,9.45
18555,18524,2024-10-25,30.45
18556,19301,2024-09-09,9.45
18557,5893,2024-04-05,82.95
18558,4936,2024-08-07,30.45
18559,9768,2024-02-07,9.45
18560,1225,2023-09-02,30.45
18561,14927,,82.95
18562,6620,2024-09-05,9.45
18563,2722,2024-10-10,30.45
18564,16208,2023-08-02,9.45
18565,7471,2024-09-09,30.45
18566,9647,2023-10-03,30.45
18567,6728,2024-09-04,82.95
18568,14761,2024-04-06,30.45
18569,15984,2024-01-03,9.45
18570,3300,2024-06-08,30.45
18571,20097,2024-10-04,30.45
18572,4462,2024-10-07,9.45
18573,12429,2024-12-05,82.95
18574,18929,2023-08-05,9.45
18575,825,2024-06-03,30.45
18576,12100,2024-04-02,30.45
18577,10823,2023-06-03,30.45
18578,16475,2023-05-07,30.45
18579,12566,2023-12-11,82.95
18580,20496,2024-12-10,82.95
18581,918001,2023-08-08,82.95
18582,11014,2023-12-08,30.45
18583,1552,2024-12-07,9.45
18584,20198,2023-08-06,9.45
18585,17835,2024-12-03,30.45
18586,7348,2024-11-08,30.45
18587,2375,2023-12-10,9.45
18588,4099,2024-11-09,9.45
18589,3913,2024-05-10,9.45
18590,4293,2024-03-30,82.95
18591,9285,2024-11-10,9.45
18592,17484,2024-11-02,82.95
18593,18670,2023-06-10,82.95
18594,14130,2024-08-12,30.45
18595,1338,2024-06-02,9.45
18596,10743,2023-08-06,208.95
18597,14658,2023-10-09,9.45
18598,14816,2024-12-04,30.45
18599,7226,2023-07-04,30.45
18600,16471,2024-11-06,9.45
18601,4859,2024-07-03,30.45
18602,12265,2024-09-06,82.95
18603,16664,2024-07-06,30.45
18604,1390,2023-11-06,82.95
18605,7404,2023-12-11,9.45
18606,11392,2024-09-05,9.45
18607,3988,2024-09-07,82.95
18608,15411,2024-04-05,30.45
18609,16031,2024-01-07,30.45
18610,7619,2024-12-05,9.45
18611,1608,2023-09-10,30.45
18612,4963,2024-07-10,30.45
18613,15042,2023-10-05,9.45
18614,16921,2023-10-10,9.45
18615,10462,2024-05-08,82.95
18616,6603,2024-03-01,9.45
18617,592,2024-11-05,9.45
18618,18340,2024-06-06,9.45
18619,19825,2024-02-10,208.95
18620,7387,2024-01-04,9.45
18621,12145,2024-10-11,9.45
18622,5184,2024-09-02,9.45
18623,3045,2024-09-07,30.45
18624,5988,2023-04-06,208.95
18625,711,2024-12-04,82.95
18626,6573,2024-04-04,30.45
18627,15188,2024-09-09,30.45
18628,6424,2023-11-04,82.95
18629,12274,2024-08-06,9.45
18630,11398,2024-06-10,30.45
18631,20417,2023-10-04,82.95
18632,18958,2024-06-06,30.45
18633,12720,2024-10-03,30.45
18634,9306,2023-05-06,82.95
18635,7163,2024-11-11,30.45
18636,974,2024-09-03,82.95
18637,6002,2024-06-02,208.95
18638,7106,2023-03-06,30.45
18639,5347,2024-11-04,30.45
18640,12056,2023-11-12,9.45
18641,9674,2023-11-09,30.45
18642,6161,2024-09-06,30.45
18643,10161,2024-07-08,82.95
18644,10270,2024-12-05,9.45
18645,12241,2023-07-08,9.45
18646,11515,2024-07-02,60.9
18647,16966,2024-03-09,30.45
18648,9780,2024-09-08,30.45
18649,4873,2024-10-06,9.45
18650,11074,2024-07-03,208.95
18651,2097,2024-05-04,9.45
18652,6856,2024-10-06,82.95
18653,19168,2024-02-04,82.95
18654,11552,2024-03-05,9.45
18655,19084,2024-01-07,82.95
18656,9720,2024-09-04,9.45
18657,12079,2024-08-10,82.95
18658,511,2024-03-05,82.95
18659,11881,2024-05-05,9.45
18660,20296,2024-12-09,9.45
18661,10445,2024-10-05,9.45
18662,18933,2023-12-09,9.45
18663,10576,2024-09-08,9.45
18664,14997,2023-05-05,9.45
18665,86,2023-05-10,9.45
18666,17634,2024-06-02,82.95
18667,7257,2024-06-12,208.95
18668,20226,2023-09-04,208.95
18669,11674,2023-06-04,30.45
18670,18809,2024-12-03,30.45
18671,14370,,82.95
18672,5465,2023-05-03,9.45
18673,4537,2024-05-05,30.45
18674,18946,2023-06-11,30.45
18675,17950,2023-04-06,30.45
18676,14444,2023-07-05,30.45
18677,14763,2024-06-02,30.45
18678,15197,2024-05-05,82.95
18679,18108,2023-01-08,30.45
18680,13615,2024-08-04,82.95
18681,8162,2024-07-05,208.95
18682,15394,2024-07-11,9.45
18683,8701,2024-06-02,9.45
18684,19637,2024-05-03,208.95
18685,5919,2023-10-04,82.95
18686,4230,2023-07-03,9.45
18687,13151,2023-06-10,82.95
18688,10221,2024-05-06,30.45
18689,8800,2023-06-10,9.45
18690,1648,2024-09-03,9.45
18691,14762,2024-05-07,30.45
18692,11219,2024-01-07,30.45
18693,10703,2024-08-09,78.05
18694,434,2024-04-06,30.45
18695,10598,2023-05-12,30.45
18696,8518,2024-09-05,9.45
18697,18749,2024-02-08,30.45
18698,10279,2024-03-09,9.45
18699,15425,2024-02-03,208.95
18700,147,2024-09-12,9.45
18701,3884,2023-11-02,9.45
18702,11735,2024-09-09,9.45
18703,8625,2023-10-11,9.45
18704,4863,2024-11-10,30.45
18705,7778,2024-07-09,9.45
18706,12880,2023-06-07,30.45
18707,20420,2024-08-10,9.45
18708,10942,2024-05-12,30.45
18709,18952,2023-12-11,30.45
18710,2153,2023-12-10,30.45
18711,850,2024-06-01,30.45
18712,17212,2023-11-05,9.45
18713,15674,2024-09-08,30.45
18714,11927,2024-04-09,30.45
18715,15185,2024-06-11,30.45
18716,7850,2024-11-10,82.95
18717,11890,2024-03-07,9.45
18718,9620,2024-11-09,30.45
18719,9992,2024-12-02,30.45
18720,5084,2024-08-03,9.45
18721,2173,2023-11-07,9.45
18722,17388,2024-10-10,9.45
18723,2192,2024-01-06,208.95
18724,16758,2024-12-10,9.45
18725,402,2024-11-07,30.45
18726,7818,2024-07-02,30.45
18727,3549,2024-07-09,82.95
18728,18822,2023-08-04,9.45
18729,3389,2024-05-05,30.45
18730,912783,2024-08-05,30.45
18731,2201,2024-10-10,208.95
18732,6830,2023-12-10,9.45
18733,16118,2024-07-04,30.45
18734,16030,2023-12-07,30.45
18735,10527,2024-10-08,82.95
18736,16935,2024-06-04,82.95
18737,2110,2023-06-09,30.45
18738,1392,2024-01-11,82.95
18739,16433,2024-02-02,208.95
18740,6457,2024-06-11,30.45
18741,19892,2024-03-06,9.45
18742,3193,2024-09-05,9.45
18743,6131,2024-11-05,82.95
18744,1269,2024-04-08,9.45
18745,12898,2024-12-07,30.45
18746,8931,2024-06-05,30.45
18747,76,2024-05-04,82.95
18748,7446,2024-08-06,30.45
18749,2440,2024-11-05,30.45
18750,8431,2023-05-06,30.45
18751,1003,2024-02-05,30.45
18752,4918,2024-07-02,30.45
18753,15056,2024-12-06,9.45
18754,5684,2024-07-06,30.45
18755,10333,2023-12-11,9.45
18756,15665,2023-12-06,30.45
18757,14044,2023-11-06,9.45
18758,8967,2023-03-03,30.45
18759,18396,2023-08-09,9.45
18760,15359,2024-06-11,9.45
18761,12809,2024-01-06,30.45
18762,4279,2024-11-05,82.95
18763,543,2024-11-04,30.45
18764,13872,2024-10-04,9.45
18765,10935,2024-07-06,82.95
18766,5201,,82.95
18767,7933,2023-08-09,9.45
18768,5139,2024-10-05,208.95
18769,11400,2024-08-02,30.45
18770,9664,2024-03-01,9.45
18771,5808,2024-09-05,9.45
18772,16835,2024-11-05,30.45
18773,9632,2024-11-08,9.45
18774,2318,2024-01-02,82.95
18775,14010,2024-08-11,9.45
18776,12303,2023-09-10,30.45
18777,18414,2024-02-06,82.95
18778,1042,2023-05-04,2224.6
18779,6665,2023-06-12,30.45
18780,3840,2024-09-01,9.45
18781,17124,2024-03-05,30.45
18782,10131,2024-05-10,82.95
18783,13269,2024-06-08,9.45
18784,6233,2024-11-09,30.45
18785,11019,2024-05-09,30.45
18786,14971,2024-12-03,82.95
18787,11858,2024-10-10,9.45
18788,10031,2024-03-03,9.45
18789,5813,2023-11-04,82.95
18790,6892,2024-05-04,82.95
18791,5829,2023-07-09,9.45
18792,5888,2023-11-10,82.95
18793,15183,2024-04-11,30.45
18794,18011,2024-06-07,82.95
18795,7512,2024-10-05,9.45
18796,1585,2023-04-09,9.45
18797,3188,2024-04-03,9.45
18798,18266,2023-10-07,9.45
18799,16438,2024-07-03,417.9
18800,3874,2024-10-03,82.95
18801,5550,2024-11-10,9.45
18802,4087,2024-09-06,30.45
18803,10680,2024-06-09,9.45
18804,131,2024-02-03,30.45
18805,1026,2024-02-10,9.45
18806,10152,2023-10-04,82.95
18807,17922,2024-10-03,82.95
18808,11119,2024-05-05,82.95
18809,16813,2023-11-02,82.95
18810,7555,2023-09-10,30.45
18811,20397,2024-04-09,30.45
18812,5603,2024-08-03,9.45
18813,971,2024-06-11,82.95
18814,2404,2023-10-04,82.95
18815,8275,2024-09-06,30.45
18816,9300,2024-07-11,30.45
18817,8521,2024-12-06,9.45
18818,14205,2024-10-11,30.45
18819,14455,2024-06-08,30.45
18820,999,2023-10-12,30.45
18821,3754,2024-12-03,9.45
18822,20112,2024-03-01,208.95
18823,13288,2024-06-02,30.45
18824,2423,2024-04-05,82.95
18825,2531,2024-06-06,9.45
18826,3141,2023-11-08,82.95
18827,6256,2024-10-08,82.95
18828,17817,2024-09-05,30.45
18829,6520,2024-07-10,30.45
18830,4520,2024-04-03,9.45
18831,7614,2024-07-05,9.45
18832,3983,2024-09-09,9.45
18833,14235,2024-06-09,30.45
18834,18229,2024-10-08,30.45
18835,4157,2024-04-09,30.45
18836,8360,2024-03-02,9.45
18837,3695,2024-10-09,9.45
18838,3400,2024-05-11,9.45
18839,5245,2024-06-09,9.45
18840,17905,2024-08-06,30.45
18841,10525,2024-08-10,82.95
18842,587,2024-06-12,9.45
18843,10260,2024-02-03,9.45
18844,15420,2023-09-09,208.95
18845,148,2024-10-03,9.45
18846,16175,2024-08-03,30.45
18847,6364,2024-12-02,30.45
18848,14326,2024-04-04,30.45
18849,10147,2023-05-07,82.95
18850,2668,2023-06-05,208.95
18851,6084,2024-09-04,9.45
18852,10185,2024-12-11,9.45
18853,5047,2024-02-06,82.95
18854,4964,2024-08-10,30.45
18855,7433,2024-04-02,82.95
18856,1005,2024-04-04,30.45
18857,13710,2023-08-09,30.45
18858,4229,2023-06-09,9.45
18859,4553,2024-06-04,30.45
18860,13365,2024-02-09,9.45
18861,12515,2024-09-04,9.45
18862,9036,2024-12-04,9.45
18863,6312,2024-07-10,30.45
18864,6782,2024-02-05,30.45
18865,3621,2024-02-06,82.95
18866,14322,2024-12-12,9.45
18867,6599,2024-10-03,9.45
18868,3951,2024-06-06,82.95
18869,13791,2023-12-08,9.45
18870,3349,2024-12-11,30.45
18871,11312,2024-01-06,9.45
18872,4475,2024-12-05,9.45
18873,3516,2024-08-10,9.45
18874,4984,2024-12-03,9.45
18875,13883,2024-08-04,82.95
18876,8077,2023-05-03,82.95
18877,2787,2024-01-07,208.95
18878,17346,2024-10-07,30.45
18879,6153,2024-10-03,9.45
18880,18688,2024-12-11,82.95
18881,5871,2024-03-04,30.45
18882,4382,2023-10-09,208.95
18883,18783,2023-12-08,9.45
18884,2527,2024-02-06,9.45
18885,1396,2024-05-01,82.95
18886,18200,2023-10-06,30.45
18887,20507,2024-03-10,9.45
18888,12717,2024-07-06,30.45
18889,18149,2023-06-03,30.45
18890,15540,2023-12-04,9.45
18891,3684,2023-11-12,9.45
18892,15059,2024-04-08,30.45
18893,3789,2024-02-06,82.95
18894,13632,2023-12-11,9.45
18895,1054,2024-05-11,208.95
18896,2482,2023-12-05,9.45
18897,3050,2023-09-09,9.45
18898,1541,2024-01-01,9.45
18899,419,2024-12-06,9.45
18900,19390,2023-07-03,30.45
18901,10961,2024-08-07,82.95
18902,12438,2024-05-03,30.45
18903,7892,2024-11-06,208.95
18904,9633,2024-12-05,9.45
18905,3312,2024-10-09,9.45
18906,17949,2023-03-04,30.45
18907,3121,2024-10-11,82.95
18908,6742,2024-03-06,9.45
18909,8108,2024-10-07,30.45
18910,10711,2024-01-10,82.95
18911,10820,2023-03-06,30.45
18912,12532,2024-09-09,30.45
18913,8343,2024-06-03,9.45
18914,9743,2024-06-08,82.95
18915,5300,2024-09-10,82.95
18916,7790,2024-01-04,30.45
18917,515,2024-07-05,82.95
18918,18194,2024-03-10,9.45
18919,7653,2023-04-09,9.45
18920,7733,2024-09-06,30.45
18921,6498,2024-05-06,82.95
18922,1137,2024-11-10,30.45
18923,5286,2023-06-06,30.45
18924,4756,2024-02-05,208.95
18925,8926,2024-01-09,30.45
18926,7393,2024-07-08,9.45
18927,6666,2023-07-06,30.45
18928,15186,2024-07-07,30.45
18929,4005,2024-12-03,30.45
18930,12210,2023-04-05,30.45
18931,13886,2024-11-05,82.95
18932,8669,2024-06-03,9.45
18933,5057,2024-12-09,82.95
18934,17599,2023-09-06,208.95
18935,9119,2024-07-08,30.45
18936,4953,2024-06-03,9.45
18937,20170,2023-04-10,9.45
18938,19162,2023-08-04,82.95
18939,2595,2024-10-09,9.45
18940,3401,2024-06-07,9.45
18941,416,2024-09-06,9.45
18942,16526,2023-07-04,82.95
18943,8483,,9.45
18944,15765,2024-12-06,30.45
18945,2334,2023-06-10,82.95
18946,18980,2024-07-03,82.95
18947,12412,2024-09-05,9.45
18948,14450,2024-01-08,30.45
18949,16078,2024-02-02,30.45
18950,14128,2024-06-02,30.45
18951,9417,2024-10-03,30.45
18952,5906,2024-02-07,30.45
18953,5359,2023-11-04,82.95
18954,14524,,30.45
18955,6053,2024-09-09,30.45
18956,12755,2024-01-05,9.45
18957,7585,2024-10-01,9.45
18958,5137,2024-08-08,208.95
18959,14302,2024-07-08,60.9
18960,2910,2024-05-04,9.45
18961,2406,2023-12-06,82.95
18962,4698,2024-04-09,9.45
18963,15700,2024-09-10,9.45
18964,7432,2024-03-01,82.95
18965,6154,2024-11-05,9.45
18966,14721,2024-03-11,9.45
18967,4189,2024-07-04,30.45
18968,279,2023-06-11,9.45
18969,9402,2023-12-03,82.95
18970,10530,2023-12-09,82.95
18971,7932,2023-07-03,9.45
18972,9000,2023-09-05,9.45
18973,3435,2024-12-12,9.45
18974,6831,2024-01-08,9.45
18975,3762,2024-12-02,30.45
18976,599,2024-06-03,30.45
18977,17461,2024-02-08,9.45
18978,7353,2024-05-05,82.95
18979,1587,2023-06-10,9.45
18980,17440,2024-08-12,9.45
18981,9575,2024-12-09,30.45
18982,16915,2024-07-10,30.45
18983,2667,2023-05-10,208.95
18984,8267,2024-01-07,30.45
18985,19130,2024-03-03,9.45
18986,12298,2024-10-05,9.45
18987,579,2024-06-07,82.95
18988,11513,2024-05-06,30.45
18989,17691,2024-10-10,9.45
18990,15752,2023-11-09,30.45
18991,2869,2024-12-05,9.45
18992,11506,2024-04-05,9.45
18993,917578,2024-05-06,208.95
18994,163,2024-06-10,9.45
18995,17549,2024-06-04,30.45
18996,7118,2024-03-07,30.45
18997,5580,2024-05-04,30.45
18998,12697,2024-11-09,9.45
18999,12482,2024-04-12,9.45
19000,18475,2023-12-10,9.45
19001,15115,2024-10-02,82.95
19002,15559,2024-01-12,9.45
19003,10738,2023-09-08,9.45
19004,11960,2023-10-07,9.45
19005,2095,2024-03-08,9.45
19006,15192,2023-12-08,82.95
19007,13714,2023-12-05,30.45
19008,5000,2024-09-03,30.45
19009,16998,2024-11-12,9.45
19010,14987,2024-06-04,9.45
19011,2326,2024-09-03,82.95
19012,12474,2024-12-10,30.45
19013,1861,2024-06-08,208.95
19014,1623,2025-03-06,30.45
19015,9905,2023-03-03,82.95
19016,15774,2024-01-07,82.95
19017,13627,2024-05-10,208.95
19018,5482,2024-10-10,9.45
19019,5976,2024-03-04,30.45
19020,7768,2024-07-04,165.9
19021,980,2024-03-12,208.95
19022,12962,2024-04-04,30.45
19023,360,2024-06-05,82.95
19024,12307,2024-01-01,30.45
19025,2626,2024-12-04,9.45
19026,6683,2024-12-04,30.45
19027,12192,2023-08-11,82.95
19028,12746,2024-09-10,208.95
19029,9108,2024-10-04,9.45
19030,15404,2024-08-12,30.45
19031,19459,2024-11-06,9.45
19032,10740,2023-05-10,208.95
19033,70,2023-11-06,82.95
19034,8725,2024-12-08,9.45
19035,15296,2023-06-09,82.95
19036,7302,2024-11-07,9.45
19037,17791,2024-02-08,30.45
19038,16830,2024-06-05,30.45
19039,14505,2024-11-08,30.45
19040,4343,2023-12-08,9.45
19041,13428,2024-03-12,82.95
19042,11784,2024-11-06,9.45
19043,1221,2024-10-11,30.45
19044,15832,2024-02-02,9.45
19045,18391,2024-12-09,30.45
19046,3541,2023-11-07,82.95
19047,2284,2024-06-05,9.45
19048,6114,2023-06-06,82.95
19049,11122,2024-08-07,82.95
19050,5679,2024-02-04,30.45
19051,3808,2024-01-06,82.95
19052,6482,2024-04-09,9.45
19053,10837,2023-11-03,30.45
19054,551,2023-09-05,82.95
19055,17962,2024-04-11,30.45
19056,2346,2024-06-06,82.95
19057,18247,2023-06-06,9.45
19058,18121,2024-02-05,30.45
19059,10359,2024-02-10,30.45
19060,1781,2024-05-11,82.95
19061,4955,2024-08-08,9.45
19062,13423,2023-10-08,82.95
19063,1420,2024-06-10,30.45
19064,6052,2024-08-01,30.45
19065,15469,2024-12-06,9.45
19066,2721,2024-09-10,30.45
19067,13046,2023-10-02,9.45
19068,10272,2023-08-08,9.45
19069,12336,2024-11-10,82.95
19070,10884,2024-05-11,30.45
19071,2718,2024-06-06,30.45
19072,12077,2024-06-08,82.95
19073,7963,2024-06-04,30.45
19074,5291,2023-11-06,30.45
19075,3301,2024-07-10,30.45
19076,13131,2024-02-08,30.45
19077,11171,2024-07-04,9.45
19078,17192,2023-04-06,30.45
19079,5592,2024-10-04,82.95
19080,1590,2024-07-05,30.45
19081,11082,2024-01-03,30.45
19082,7376,2024-07-08,30.45
19083,19245,2024-07-10,9.45
19084,18825,2023-11-09,9.45
19085,8582,2024-02-02,9.45
19086,8603,2023-11-10,9.45
19087,16871,2024-02-08,9.45
19088,19314,2023-10-03,30.45
19089,14277,2023-06-11,9.45
19090,19592,2024-05-08,30.45
19091,3286,2023-12-09,30.45
19092,7114,2023-11-09,30.45
19093,13145,2024-09-04,30.45
19094,19483,2024-06-04,9.45
19095,3670,2024-07-02,30.45
19096,13297,2024-08-07,9.45
19097,9746,2024-09-08,82.95
19098,15836,2024-06-12,9.45
19099,2257,2024-03-10,30.45
19100,12544,2024-06-10,30.45
19101,904,,9.45
19102,18322,2024-11-10,82.95
19103,18455,2024-04-03,30.45
19104,2011,2024-10-08,208.95
19105,15036,2023-04-04,9.45
19106,8239,2023-07-03,30.45
19107,9039,2023-05-03,9.45
19108,13071,2024-05-07,30.45
19109,5229,2023-02-03,9.45
19110,9791,2024-01-11,30.45
19111,14691,2024-06-11,30.45
19112,3273,2024-12-03,9.45
19113,11197,2024-12-03,82.95
19114,16162,2024-10-02,9.45
19115,15138,2023-11-08,30.45
19116,19714,,9.45
19117,5542,2024-11-11,30.45
19118,15262,2024-04-10,82.95
19119,17606,2024-04-02,208.95
19120,5588,2024-06-11,82.95
19121,7372,2024-03-10,30.45
19122,15462,2024-05-09,9.45
19123,7333,2023-08-06,30.45
19124,17200,2023-12-11,30.45
19125,19958,2023-03-06,9.45
19126,2926,2023-12-02,82.95
19127,7239,2024-08-11,30.45
19128,19655,2024-06-03,9.45
19129,14304,2024-09-11,30.45
19130,14462,2024-06-05,82.95
19131,1898,2024-08-11,30.45
19132,5530,2024-04-02,9.45
19133,11963,2024-01-04,9.45
19134,2874,2023-06-06,30.45
19135,11323,2024-12-08,9.45
19136,4845,2024-09-11,9.45
19137,302,2024-09-10,30.45
19138,17551,2024-08-09,30.45
19139,12481,2024-03-10,9.45
19140,1625,2024-09-06,82.95
19141,10456,2023-11-06,82.95
19142,13197,2023-12-06,82.95
19143,7883,2024-02-10,208.95
19144,7605,2024-08-07,30.45
19145,1330,2023-10-11,9.45
19146,7137,2024-03-09,9.45
19147,4841,2024-05-04,9.45
19148,1709,2024-05-03,208.95
19149,2272,2024-10-07,9.45
19150,20472,2024-06-03,9.45
19151,298,2024-05-12,30.45
19152,11037,2024-01-09,208.95
19153,4289,2024-10-08,9.45
19154,19226,2024-12-05,82.95
19155,7691,2024-08-03,9.45
19156,6435,2024-10-09,82.95
19157,19874,2024-05-05,9.45
19158,17313,2023-10-11,9.45
19159,701,2024-02-03,82.95
19160,17441,2024-09-10,9.45
19161,16828,2024-04-12,30.45
19162,11681,2023-07-12,9.45
19163,12611,2024-11-06,9.45
19164,13175,2023-09-02,9.45
19165,14473,2024-12-05,9.45
19166,328,2024-05-03,9.45
19167,488,2024-01-10,9.45
19168,5788,2024-01-09,82.95
19169,1927,2024-01-09,9.45
19170,5850,2024-07-08,208.95
19171,11550,2024-04-11,9.45
19172,827,2024-08-09,30.45
19173,4417,2024-07-09,60.9
19174,6311,2024-06-02,30.45
19175,15812,2024-01-08,9.45
19176,19019,2024-09-06,30.45
19177,4134,2024-04-05,82.95
19178,2071,2024-09-05,82.95
19179,984,2024-07-05,208.95
19180,11346,2024-07-05,30.45
19181,19847,2024-09-06,82.95
19182,17598,2023-08-11,208.95
19183,6423,2023-10-03,82.95
19184,12705,2024-06-11,30.45
19185,2753,2023-11-02,9.45
19186,3427,2024-04-10,9.45
19187,20192,2024-11-03,9.45
19188,13395,2024-09-11,208.95
19189,5687,2024-10-05,30.45
19190,15817,2024-06-03,9.45
19191,13056,2024-08-04,9.45
19192,9305,2024-12-07,30.45
19193,9591,2024-01-08,30.45
19194,14124,2024-02-10,30.45
19195,16734,2024-01-03,9.45
19196,19931,2024-07-06,18.9
19197,14012,2024-10-05,9.45
19198,1904,2023-04-04,208.95
19199,10047,2024-04-04,30.45
19200,14953,2023-06-04,82.95
19201,2140,2024-06-08,30.45
19202,885,2024-03-08,208.95
19203,11819,2024-08-09,9.45
19204,2037,2024-06-10,9.45
19205,17786,2023-09-07,30.45
19206,14598,2024-05-12,208.95
19207,4501,2024-09-09,9.45
19208,6576,2024-07-10,30.45
19209,15456,2023-11-07,9.45
19210,18209,2024-07-10,30.45
19211,482,2023-07-09,9.45
19212,9192,2024-07-02,30.45
19213,3639,2024-10-11,9.45
19214,2982,2024-06-05,82.95
19215,15015,2024-11-04,9.45
19216,5508,2024-12-07,9.45
19217,3442,2023-12-01,30.45
19218,14083,2023-04-03,9.45
19219,2222,2024-08-11,30.45
19220,4817,2024-02-04,9.45
19221,7507,2024-11-04,82.95
19222,11635,2024-12-06,208.95
19223,10099,2024-07-04,208.95
19224,9965,2024-01-04,9.45
19225,1167,2024-06-06,30.45
19226,1178,2024-06-09,9.45
19227,8122,2024-05-08,30.45
19228,13978,2024-02-10,9.45
19229,16869,2023-12-07,9.45
19230,10944,2024-07-09,60.9
19231,14821,2023-09-03,9.45
19232,808,2024-07-10,18.9
19233,4948,2024-01-07,9.45
19234,6287,2024-04-11,30.45
19235,17176,2024-06-04,9.45
19236,2949,2024-07-03,9.45
19237,16874,2024-05-08,9.45
19238,3799,2023-04-07,82.95
19239,6860,2023-12-05,82.95
19240,14614,2024-09-01,208.95
19241,20509,2024-09-10,9.45
19242,7337,2023-12-07,30.45
19243,4376,2023-04-05,208.95
19244,11942,2024-06-09,9.45
19245,13834,2024-02-08,82.95
19246,14716,2023-10-05,9.45
19247,14393,2024-06-04,208.95
19248,9350,2024-05-08,9.45
19249,8933,,30.45
19250,6920,2024-12-08,30.45
19251,10437,2024-02-09,9.45
19252,214,2024-11-09,208.95
19253,3861,2023-09-04,82.95
19254,15437,2024-04-04,9.45
19255,16765,2024-02-07,9.45
19256,9926,2023-12-09,82.95
19257,10786,2024-02-09,82.95
19258,17777,2024-05-06,82.95
19259,2006,2024-05-10,208.95
19260,11558,2024-09-01,9.45
19261,14800,2023-08-06,30.45
19262,2478,2023-08-08,9.45
19263,15791,2024-08-10,30.45
19264,611,2024-06-04,30.45
19265,19735,2024-05-06,30.45
19266,15062,2024-07-08,60.9
19267,11652,2024-10-05,9.45
19268,18199,2023-09-11,30.45
19269,6337,2024-08-10,82.95
19270,13805,2023-09-11,9.45
19271,7517,2023-05-10,9.45
19272,15560,2024-02-05,9.45
19273,14771,2023-04-05,82.95
19274,796,2024-07-09,30.45
19275,13684,2024-10-11,9.45
19276,18884,2023-06-06,9.45
19277,10737,2023-08-11,9.45
19278,1383,2024-07-03,30.45
19279,2367,2024-10-04,82.95
19280,11915,2024-09-12,82.95
19281,8164,2024-09-08,208.95
19282,1510,2024-01-09,9.45
19283,18469,2024-12-06,9.45
19284,7811,2023-12-03,30.45
19285,10350,2023-07-16,30.45
19286,5200,2024-06-04,30.45
19287,4254,2024-02-10,30.45
19288,19585,2023-10-04,30.45
19289,7771,2024-10-09,82.95
19290,13523,2025-03-03,82.95
19291,16549,2024-12-05,82.95
19292,12216,2023-10-07,30.45
19293,5319,2023-09-06,82.95
19294,10958,2024-05-05,82.95
19295,1206,2023-07-07,30.45
19296,1946,2023-11-01,82.95
19297,4153,2023-12-08,30.45
19298,2522,2023-09-04,9.45
19299,8334,2023-09-02,9.45
19300,10858,2023-06-09,82.95
19301,2773,2024-07-02,165.9
19302,6946,2023-04-08,30.45
19303,11952,2024-07-07,18.9
19304,18119,2023-12-09,30.45
19305,18311,2024-05-05,30.45
19306,18997,2023-05-03,9.45
19307,8981,2024-05-03,30.45
19308,18205,2024-03-10,30.45
19309,10076,2024-02-03,30.45
19310,5601,2024-06-07,9.45
19311,12214,2023-08-03,30.45
19312,904568,2024-02-09,82.95
19313,11195,2024-10-09,82.95
19314,11329,2024-08-07,30.45
19315,17238,2024-07-06,82.95
19316,15938,2024-03-09,9.45
19317,12973,2024-10-08,9.45
19318,6979,2024-01-09,82.95
19319,19499,2024-06-07,82.95
19320,20309,2024-10-05,9.45
19321,17493,2023-11-05,30.45
19322,2553,2023-11-23,9.45
19323,10451,2023-06-05,82.95
19324,4769,2024-08-03,82.95
19325,8163,2024-08-02,208.95
19326,16055,2023-10-12,30.45
19327,17414,2023-06-07,9.45
19328,11964,2024-02-07,9.45
19329,3886,2024-01-11,9.45
19330,19298,2024-06-10,9.45
19331,16241,2024-09-09,9.45
19332,2858,2024-01-04,9.45
19333,5126,,208.95
19334,3574,2023-10-03,9.45
19335,13118,2024-09-05,208.95
19336,12842,2024-02-10,9.45
19337,15102,2024-08-04,30.45
19338,4023,2024-05-07,208.95
19339,7457,2023-07-08,30.45
19340,18770,2024-09-04,9.45
19341,5128,2024-09-05,208.95
19342,6984,2024-06-10,82.95
19343,12630,2024-04-08,30.45
19344,10285,2024-09-10,9.45
19345,2322,2024-05-04,82.95
19346,17279,2023-09-06,30.45
19347,2475,2023-10-08,9.45
19348,10873,2024-09-06,82.95
19349,20001,2024-10-01,30.45
19350,2639,2024-07-08,9.45
19351,6407,2024-06-03,9.45
19352,657,,9.45
19353,172,2024-12-07,9.45
19354,9852,2024-09-04,82.95
19355,1837,2024-03-07,82.95
19356,18554,2024-05-05,82.95
19357,16885,2024-01-06,9.45
19358,13692,2024-06-07,9.45
19359,10812,2024-06-10,9.45
19360,4500,2024-08-05,9.45
19361,16305,2024-07-06,9.45
19362,15673,2024-08-10,30.45
19363,17113,2024-02-06,30.45
19364,1951,2024-04-07,82.95
19365,16919,2024-11-10,30.45
19366,4167,2023-03-06,9.45
19367,11502,2023-12-09,9.45
19368,15325,2024-02-03,9.45
19369,17405,2024-06-03,9.45
19370,5364,2024-04-01,82.95
19371,547,2023-05-05,82.95
19372,597,2024-04-10,30.45
19373,12506,2023-12-07,9.45
19374,12784,2024-09-07,30.45
19375,15390,2024-03-05,9.45
19376,1323,2023-03-03,9.45
19377,8367,2024-10-03,9.45
19378,11210,2024-08-02,30.45
19379,322,2023-11-04,9.45
19380,6606,2024-06-03,9.45
19381,19211,2023-09-03,82.95
19382,19990,2023-11-09,30.45
19383,11057,2023-10-03,9.45
19384,18430,2024-01-08,9.45
19385,6775,2023-07-05,30.45
19386,3298,2024-12-04,30.45
19387,8592,2024-12-08,9.45
19388,561,2024-07-08,82.95
19389,18327,2023-05-05,9.45
19390,14199,2024-04-04,30.45
19391,903063,2024-10-06,9.45
19392,1665,2024-12-10,9.45
19393,13073,2024-07-03,30.45
19394,19034,2024-11-02,9.45
19395,4768,2024-07-07,165.9
19396,14168,2024-12-12,9.45
19397,9221,2024-12-05,9.45
19398,12520,2023-09-06,30.45
19399,17891,2024-08-01,82.95
19400,824,2024-05-04,30.45
19401,1066,2024-06-10,30.45
19402,11228,2024-10-06,30.45
19403,7504,2024-08-06,82.95
19404,16719,2024-06-03,82.95
19405,6884,2023-11-21,82.95
19406,19169,2024-03-11,82.95
19407,13133,2024-04-06,30.45
19408,4679,2023-11-11,9.45
19409,5539,2024-08-05,30.45
19410,1564,2023-05-05,82.95
19411,5038,2023-05-06,82.95
19412,10194,2024-05-05,82.95
19413,14216,2023-08-08,30.45
19414,16823,2024-09-03,82.95
19415,5233,2023-06-06,9.45
19416,10446,2024-11-09,9.45
19417,11621,2024-08-09,208.95
19418,18787,2024-04-09,9.45
19419,7094,2024-03-02,9.45
19420,18610,2023-09-09,82.95
19421,4759,2024-05-10,208.95
19422,15895,2023-02-12,30.45
19423,9836,2023-05-08,82.95
19424,8971,2023-07-11,30.45
19425,11990,2023-12-03,9.45
19426,786,2023-09-07,30.45
19427,7617,2024-10-05,9.45
19428,9028,2024-04-02,71.94
19429,17881,2024-08-12,9.45
19430,8009,2024-01-09,208.95
19431,19930,2024-06-10,9.45
19432,15328,2024-05-09,9.45
19433,6670,2023-11-05,30.45
19434,15076,2023-12-02,9.45
19435,10199,2024-10-05,82.95
19436,14611,2024-06-09,208.95
19437,17330,2023-06-06,30.45
19438,19322,2024-06-11,30.45
19439,4587,2024-01-10,9.45
19440,1490,2024-10-03,82.95
19441,9819,2023-12-09,9.45
19442,2592,2024-07-02,18.9
19443,7859,2024-02-07,9.45
19444,8551,2023-09-09,9.45
19445,1379,2024-03-05,30.45
19446,19665,2023-11-05,9.45
19447,867,2024-08-07,9.45
19448,17630,2024-02-10,82.95
19449,1871,2024-06-06,9.45
19450,8024,2024-04-02,82.95
19451,12899,2023-06-10,9.45
19452,1339,,9.45
19453,1658,2024-05-06,9.45
19454,9815,2023-08-03,9.45
19455,1301,2024-12-12,9.45
19456,9383,2024-03-10,9.45
19457,4211,2024-04-10,82.95
19458,14316,2024-06-03,9.45
19459,8798,2024-12-09,82.95
19460,12069,2024-12-06,9.45
19461,15992,2024-09-10,9.45
19462,8656,2024-11-03,30.45
19463,19266,2024-06-03,30.45
19464,3719,2024-11-02,30.45
19465,90,2023-09-08,9.45
19466,17500,2024-06-06,30.45
19467,16470,,9.45
19468,19654,2024-05-01,9.45
19469,2810,2023-08-05,9.45
19470,1918,2024-06-01,208.95
19471,15744,2024-08-05,30.45
19472,16718,2024-05-11,82.95
19473,17552,2024-09-08,30.45
19474,6458,2024-07-02,30.45
19475,16932,2024-03-04,82.95
19476,12984,,30.45
19477,17504,2024-10-08,30.45
19478,5468,2023-08-09,9.45
19479,3130,2024-09-01,9.45
19480,12120,2024-01-05,9.45
19481,4804,2024-10-07,9.45
19482,4301,2024-08-12,82.95
19483,4329,2024-03-07,9.45
19484,16014,2024-06-05,9.45
19485,18686,2024-10-12,82.95
19486,16136,2023-08-12,208.95
19487,13435,2024-10-10,82.95
19488,15375,2024-02-05,9.45
19489,1787,2024-11-08,82.95
19490,7808,2023-09-09,30.45
19491,3942,2023-09-03,82.95
19492,5686,2024-09-02,30.45
19493,17670,2024-03-04,30.45
19494,19664,2023-10-04,9.45
19495,5232,2023-05-11,9.45
19496,6875,2024-09-02,30.45
19497,7904,2024-02-01,82.95
19498,4663,2024-02-05,9.45
19499,4825,2024-10-03,9.45
19500,3014,2024-06-06,30.45
19501,8966,2023-02-09,30.45
19502,141,2024-12-02,30.45
19503,9207,2023-10-05,9.45
19504,9917,2023-03-03,82.95
19505,13165,2024-08-05,82.95
19506,1114,2023-11-03,30.45
19507,10224,2024-08-09,30.45
19508,14986,2024-05-07,9.45
19509,10424,2024-06-04,9.45
19510,9598,2024-08-08,30.45
19511,6567,2023-09-10,30.45
19512,6557,2024-10-08,30.45
19513,5343,2024-07-07,60.9
19514,10919,2024-09-09,9.45
19515,2177,2024-03-01,9.45
19516,3787,2023-12-04,82.95
19517,152,2023-07-04,9.45
19518,308,2024-07-06,9.45
19519,5190,2023-11-10,30.45
19520,5225,2024-10-04,9.45
19521,1293,2024-04-10,9.45
19522,10983,2023-11-03,208.95
19523,14193,2024-10-02,82.95
19524,18541,2024-11-07,9.45
19525,2253,2023-11-06,30.45
19526,4364,2024-01-08,82.95
19527,3630,2024-11-06,82.95
19528,19527,2024-08-11,30.45
19529,10583,2023-11-08,9.45
19530,12867,2024-11-03,82.95
19531,5116,2024-03-10,9.45
19532,2341,2024-01-10,82.95
19533,8806,2023-12-06,9.45
19534,8281,2024-06-06,82.95
19535,5356,2023-08-09,82.95
19536,5204,2024-08-11,82.95
19537,12037,2023-11-07,82.95
19538,17831,2024-08-09,30.45
19539,12273,2024-07-09,9.45
19540,11418,2024-08-09,9.45
19541,3483,2024-09-11,82.95
19542,18501,2024-09-08,9.45
19543,5661,2024-12-04,30.45
19544,10936,2024-08-10,82.95
19545,11058,2023-11-10,9.45
19546,9864,2024-01-10,208.95
19547,19461,,208.95
19548,14969,2024-10-06,82.95
19549,4325,2023-11-06,9.45
19550,13474,2023-07-08,9.45
19551,8884,2024-10-04,82.95
19552,2940,2023-10-10,9.45
19553,3556,2024-04-10,9.45
19554,12571,2024-05-05,82.95
19555,20411,2024-06-03,30.45
19556,16053,2024-12-01,9.45
19557,3432,2024-09-11,9.45
19558,1475,2023-07-05,82.95
19559,1991,2024-05-03,30.45
19560,18259,2024-06-01,9.45
19561,8631,2024-04-06,9.45
19562,17951,2023-05-12,30.45
19563,18298,2024-09-11,9.45
19564,16344,2023-05-03,82.95
19565,830,2024-11-10,30.45
19566,10609,2024-04-12,30.45
19567,9808,2023-01-08,9.45
19568,10112,2024-12-06,82.95
19569,4849,2023-09-11,30.45
19570,20130,2024-05-07,82.95
19571,17722,2023-08-12,9.45
19572,4243,2024-08-04,9.45
19573,1989,2024-03-11,30.45
19574,903948,2024-03-10,82.95
19575,18993,2024-10-05,9.45
19576,19536,2023-08-06,82.95
19577,19452,2024-04-06,9.45
19578,17871,2024-06-08,30.45
19579,335,2024-12-07,9.45
19580,19759,2024-07-02,18.9
19581,16589,2024-08-04,82.95
19582,16416,2023-08-05,9.45
19583,2589,2024-04-07,9.45
19584,4811,2023-08-05,9.45
19585,6743,,9.45
19586,2868,2024-11-04,9.45
19587,768,2023-11-10,30.45
19588,4604,2024-08-06,82.95
19589,1597,2024-05-03,545.98
19590,18571,2024-02-10,9.45
19591,18293,2024-04-11,9.45
19592,14192,2024-09-10,82.95
19593,13016,2024-10-02,9.45
19594,10994,2024-10-12,208.95
19595,1893,2024-03-07,30.45
19596,4771,2024-10-06,82.95
19597,17640,2024-12-05,82.95
19598,14218,2023-10-08,30.45
19599,9762,2023-07-06,9.45
19600,6198,2024-08-07,30.45
19601,11678,2023-10-07,30.45
19602,5566,2024-06-11,208.95
19603,9627,2024-06-06,9.45
19604,476,2024-12-22,82.95
19605,13977,2024-01-04,9.45
19606,178,2024-09-10,30.45
19607,282,2023-09-04,9.45
19608,1086,2024-03-07,9.45
19609,9883,2024-05-10,9.45
19610,9354,2024-09-09,9.45
19611,6901,2024-08-09,30.45
19612,9801,2024-11-09,30.45
19613,13877,2024-02-06,82.95
19614,20040,2023-09-11,82.95
19615,16404,2024-01-09,9.45
19616,1750,2023-11-07,30.45
19617,2659,2024-07-03,9.45
19618,14375,2024-12-10,82.95
19619,16332,2024-05-06,82.95
19620,17001,2023-05-12,82.95
19621,12332,2024-07-12,82.95
19622,3551,2024-09-06,82.95
19623,11170,2024-06-06,9.45
19624,5052,2024-07-05,82.95
19625,11931,2024-08-06,30.45
19626,16659,2024-02-04,30.45
19627,12052,2023-07-08,9.45
19628,13172,2023-06-08,9.45
19629,17101,2024-11-11,208.95
19630,11749,2024-12-05,9.45
19631,13622,2023-12-09,208.95
19632,16085,2024-09-03,30.45
19633,2294,2023-09-03,30.45
19634,15272,2023-03-04,82.95
19635,10656,2024-04-05,30.45
19636,19760,2024-08-09,9.45
19637,13379,2023-05-05,208.95
19638,12490,2024-12-10,9.45
19639,12227,2024-09-10,30.45
19640,2979,2024-03-09,82.95
19641,6874,2024-08-02,30.45
19642,5045,2023-12-09,82.95
19643,12469,2024-07-11,30.45
19644,66,2023-07-07,82.95
19645,19872,2024-11-10,30.45
19646,12536,2023-10-04,30.45
19647,4660,2023-11-08,9.45
19648,3385,2024-01-06,30.45
19649,10688,2023-10-11,208.95
19650,7703,2023-09-07,30.45
19651,2865,2024-08-10,9.45
19652,5463,2024-12-02,82.95
19653,6028,2024-05-08,30.45
19654,12388,2024-10-03,109.04
19655,3294,2024-08-05,30.45
19656,15164,2024-01-07,208.95
19657,2843,2023-07-10,9.45
19658,13689,2024-03-08,9.45
19659,14783,2024-02-03,208.95
19660,14085,2023-06-12,9.45
19661,5821,2024-07-10,82.95
19662,2571,2024-09-03,30.45
19663,18370,2023-03-05,30.45
19664,16094,2024-09-10,82.95
19665,19781,2024-09-10,9.45
19666,15523,2024-10-10,82.95
19667,15025,2024-03-06,30.45
19668,14166,2024-10-07,9.45
19669,14346,2024-05-06,82.95
19670,16886,2024-02-04,9.45
19671,11293,2024-10-12,82.95
19672,13438,2023-03-12,9.45
19673,7121,2024-06-11,30.45
19674,9118,2024-06-05,30.45
19675,14616,2024-11-10,208.95
19676,6652,2023-12-11,9.45
19677,1481,2024-01-12,82.95
19678,11063,2024-04-09,9.45
19679,12608,2024-08-10,9.45
19680,19343,2024-10-05,9.45
19681,19418,2024-03-05,9.45
19682,14237,2024-08-10,30.45
19683,16852,2024-07-06,82.95
19684,1149,2024-03-10,9.45
19685,20271,2024-10-05,82.95
19686,8012,2024-04-07,208.95
19687,3317,2024-07-10,9.45
19688,13530,2024-12-10,30.45
19689,15506,2024-04-07,30.45
19690,5852,2024-09-03,208.95
19691,18016,2024-11-09,82.95
19692,19731,2024-12-04,30.45
19693,15584,2024-07-10,30.45
19694,1380,2024-04-03,30.45
19695,4946,2023-11-03,9.45
19696,2678,2024-04-08,208.95
19697,11181,,82.95
19698,17244,2024-06-09,9.45
19699,855,2024-11-09,30.45
19700,4797,2024-11-03,9.45
19701,7780,2024-09-02,9.45
19702,329,2024-06-06,9.45
19703,14134,2024-12-04,188.51
19704,18503,2024-11-01,9.45
19705,2876,2023-08-04,30.45
19706,16731,2023-10-11,9.45
19707,20215,2024-02-06,9.45
19708,19021,2024-11-07,30.45
19709,19963,2023-08-08,9.45
19710,15568,2024-10-04,9.45
19711,7639,2024-08-04,9.45
19712,4239,2024-04-05,9.45
19713,11450,2024-10-08,30.45
19714,9227,2024-09-09,9.45
19715,12834,2024-10-01,30.45
19716,20118,2024-09-09,208.95
19717,20528,2024-11-04,30.45
19718,5113,2023-12-06,9.45
19719,6819,2023-06-07,9.45
19720,4115,2024-10-10,82.95
19721,7062,2023-11-12,9.45
19722,17171,2024-01-12,9.45
19723,17021,2023-02-08,9.45
19724,6303,2023-12-03,30.45
19725,16140,2023-12-10,208.95
19726,3186,2024-02-09,9.45
19727,9950,2024-09-03,9.45
19728,11283,2024-09-03,9.45
19729,13443,2023-08-08,9.45
19730,19960,2023-05-02,9.45
19731,11182,2023-09-06,82.95
19732,15032,2024-10-09,30.45
19733,7594,2024-03-05,30.45
19734,15393,2024-08-27,9.45
19735,2392,2024-01-10,82.95
19736,15355,2024-11-02,30.45
19737,11458,2024-09-05,9.45
19738,15927,2024-12-02,82.95
19739,7782,2024-11-03,9.45
19740,10077,2024-03-09,30.45
19741,241,2023-08-06,208.95
19742,5869,2024-01-03,30.45
19743,6172,2023-10-04,82.95
19744,6169,2023-07-05,82.95
19745,8017,2023-09-09,82.95
19746,19822,2024-11-05,30.45
19747,15337,2023-05-05,30.45
19748,509,2024-01-10,82.95
19749,3681,2023-08-06,9.45
19750,3179,2024-09-03,9.45
19751,15876,2023-01-09,30.45
19752,20021,2024-02-06,9.45
19753,11646,2024-04-06,9.45
19754,13032,2024-10-04,9.45
19755,7179,2024-06-02,9.45
19756,10779,2023-07-12,82.95
19757,11732,2024-06-04,9.45
19758,4914,2024-03-03,30.45
19759,1238,2024-12-25,30.45
19760,16847,2024-02-02,82.95
19761,16944,2024-01-08,30.45
19762,4649,2024-07-04,30.45
19763,19848,2024-10-09,82.95
19764,7894,2023-04-11,82.95
19765,16653,2024-10-12,208.95
19766,8046,2024-02-07,9.45
19767,13946,2024-11-04,30.45
19768,20221,2024-08-10,9.45
19769,4283,2024-04-10,9.45
19770,11792,2024-06-10,9.45
19771,3124,2024-03-03,9.45
19772,8032,2024-12-12,82.95
19773,16029,2023-11-08,30.45
19774,12408,2024-05-10,9.45
19775,5098,2023-11-07,9.45
19776,1629,2024-02-06,9.45
19777,8544,2024-07-09,9.45
19778,2941,2023-11-08,9.45
19779,1267,2024-02-09,9.45
19780,7887,2024-06-06,208.95
19781,18174,2024-06-08,9.45
19782,11894,2024-07-07,9.45
19783,12511,2024-05-03,9.45
19784,4699,2024-05-07,9.45
19785,20488,2023-12-04,82.95
19786,833,2024-03-05,9.45
19787,11814,2024-03-03,9.45
19788,16767,2024-01-09,82.95
19789,6842,2024-03-07,30.45
19790,8766,2023-11-11,30.45
19791,16861,2023-04-06,9.45
19792,4079,2024-01-10,30.45
19793,7726,2024-09-04,9.45
19794,10982,2023-10-10,208.95
19795,8245,2024-01-10,30.45
19796,19849,2024-11-10,82.95
19797,2698,2024-07-02,82.95
19798,17248,2024-10-10,9.45
19799,14681,2024-09-09,9.45
19800,1252,2024-12-12,9.45
19801,2382,2024-07-03,9.45
19802,14914,2023-11-08,9.45
19803,10182,2024-09-08,9.45
19804,6928,2023-07-11,9.45
19805,13844,2024-12-02,82.95
19806,1480,2023-12-07,82.95
19807,11251,2023-12-11,9.45
19808,13548,2023-11-11,9.45
19809,13019,2023-09-10,9.45
19810,18464,2024-07-02,9.45
19811,9152,2024-06-08,208.95
19812,1674,2024-09-07,208.95
19813,3928,,30.45
19814,12150,2023-12-02,30.45
19815,11288,2024-08-09,9.45
19816,3474,2023-12-06,82.95
19817,12358,2025-02-22,82.95
19818,3827,2023-08-09,9.45
19819,5994,2023-10-12,208.95
19820,11594,2024-10-11,208.95
19821,19807,2023-11-11,208.95
19822,11301,2024-10-05,9.45
19823,9644,2023-07-03,30.45
19824,8643,2023-10-04,30.45
19825,4175,2023-11-04,9.45
19826,11686,2023-12-03,9.45
19827,1835,2024-01-09,82.95
19828,14474,2023-09-07,30.45
19829,18625,2024-12-10,82.95
19830,15162,2023-11-07,208.95
19831,1609,2023-10-06,30.45
19832,11326,2024-05-05,30.45
19833,19374,2024-09-12,82.95
19834,11761,2024-11-03,30.45
19835,18695,2024-09-07,208.95
19836,10101,2024-09-09,208.95
19837,9829,2024-10-07,9.45
19838,13303,2024-04-11,9.45
19839,10421,2024-03-07,9.45
19840,9504,2023-08-02,208.95
19841,15957,2023-08-06,9.45
19842,14297,2024-02-04,30.45
19843,9735,2024-12-11,30.45
19844,6342,2023-11-03,9.45
19845,17234,2024-03-04,82.95
19846,19750,2024-06-07,9.45
19847,20114,2024-05-05,208.95
19848,1031,2024-07-06,9.45
19849,14620,2023-03-12,9.45
19850,11406,2023-08-03,9.45
19851,1753,,30.45
19852,15139,2023-12-05,30.45
19853,3969,2024-06-08,9.45
19854,10524,2024-07-03,82.95
19855,3472,2023-10-10,82.95
19856,4725,2024-10-10,30.45
19857,3152,2024-10-10,82.95
19858,6560,2023-02-04,30.45
19859,1232,2024-04-03,30.45
19860,5089,2023-02-07,9.45
19861,15090,2023-08-08,30.45
19862,15878,,30.45
19863,9385,2024-05-04,9.45
19864,7187,2023-06-10,30.45
19865,16309,2024-11-04,9.45
19866,19466,2023-10-12,208.95
19867,16354,2024-03-03,82.95
19868,12704,2024-05-03,30.45
19869,17709,2024-01-10,30.45
19870,1642,2024-05-20,9.45
19871,4310,2023-10-04,82.95
19872,16702,2023-09-07,208.95
19873,7965,2024-08-07,30.45
19874,15967,2024-06-07,9.45
19875,697,2024-12-06,9.45
19876,12771,2024-10-10,9.45
19877,11787,2024-01-09,9.45
19878,13397,2024-11-05,208.95
19879,6095,2023-08-03,9.45
19880,5208,2023-05-10,9.45
19881,1427,2023-09-05,30.45
19882,10634,2024-07-07,208.95
19883,9835,2023-04-10,82.95
19884,7366,2023-09-04,30.45
19885,18903,2024-02-03,30.45
19886,19907,2024-02-11,208.95
19887,17478,2024-05-06,82.95
19888,12236,2024-09-08,30.45
19889,14688,2024-03-09,30.45
19890,9472,2024-09-06,9.45
19891,13620,2023-10-07,208.95
19892,7962,2024-05-12,30.45
19893,2317,2023-12-05,82.95
19894,14530,2023-05-07,30.45
19895,7688,2024-12-11,9.45
19896,1120,2024-05-10,30.45
19897,16696,2024-07-10,18.9
19898,6041,2023-09-09,30.45
19899,6912,2024-12-10,9.45
19900,12693,2024-07-10,9.45
19901,20104,2023-07-03,208.95
19902,1602,2024-10-07,82.95
19903,7133,2023-11-02,9.45
19904,1697,2024-02-05,9.45
19905,14488,2024-11-03,30.45
19906,13092,2024-05-07,30.45
19907,3640,2024-11-08,9.45
19908,11494,2024-07-03,30.45
19909,13427,2024-02-02,82.95
19910,7050,2024-06-02,30.45
19911,13091,2024-03-09,9.45
19912,19526,2024-07-04,30.45
19913,15154,2023-03-03,208.95
19914,11945,2024-09-07,9.45
19915,2934,2023-04-02,9.45
19916,11239,2024-08-12,82.95
19917,3058,2024-05-10,9.45
19918,1863,2024-08-04,208.95
19919,12285,2023-09-08,9.45
19920,6018,2024-06-03,9.45
19921,2689,2024-08-02,30.45
19922,14232,2024-12-01,30.45
19923,8664,2024-01-09,9.45
19924,6532,2024-07-07,30.45
19925,10756,2024-09-07,208.95
19926,6414,2024-05-07,82.95
19927,2756,2024-02-07,9.45
19928,6248,2024-12-05,30.45
19929,7973,2023-10-10,30.45
19930,9440,2024-10-11,9.45
19931,2256,2024-02-05,30.45
19932,1382,2024-06-02,30.45
19933,2148,2023-07-10,30.45
19934,4880,2023-12-11,9.45
19935,6064,2023-10-02,30.45
19936,6918,2024-10-10,30.45
19937,19480,2024-12-02,208.95
19938,17040,2024-09-10,9.45
19939,297,2024-04-11,30.45
19940,1082,2023-11-04,9.45
19941,10468,2024-11-03,82.95
19942,10055,2024-12-08,30.45
19943,7304,2023-04-04,9.45
19944,17563,2023-11-07,30.45
19945,13306,2024-07-05,9.45
19946,11585,2024-01-09,208.95
19947,9817,2023-10-09,9.45
19948,13885,2024-10-03,82.95
19949,15654,2024-11-03,9.45
19950,16155,2024-03-07,9.45
19951,5970,2024-12-07,30.45
19952,11535,2023-01-04,65.06
19953,3319,2024-09-02,9.45
19954,11256,2024-05-05,9.45
19955,17595,2024-10-04,9.45
19956,17115,2024-04-09,30.45
19957,13425,2023-12-06,82.95
19958,13277,2024-08-04,82.95
19959,10168,2023-07-10,9.45
