flag_id,detected_at,scope,reference_key,metric_value,method,score,description
4803,2026-09-18 17:31:25.532255,invoice_iqr,16707,208.95,iqr,15.7500,Invoice 16707 (customer 1229) outside IQR fences
4904,2026-09-18 17:31:25.532255,invoice_iqr,18694,208.95,iqr,15.7500,Invoice 18694 (customer 1376) outside IQR fences
4905,2026-09-18 17:31:25.532255,invoice_iqr,18695,208.95,iqr,15.7500,Invoice 18695 (customer 1376) outside IQR fences
4906,2026-09-18 17:31:25.532255,invoice_iqr,18696,208.95,iqr,15.7500,Invoice 18696 (customer 1376) outside IQR fences
4907,2026-09-18 17:31:25.532255,invoice_iqr,18697,208.95,iqr,15.7500,Invoice 18697 (customer 1376) outside IQR fences
4908,2026-09-18 17:31:25.532255,invoice_iqr,18698,208.95,iqr,15.7500,Invoice 18698 (customer 1376) outside IQR fences
4909,2026-09-18 17:31:25.532255,invoice_iqr,18733,208.95,iqr,15.7500,Invoice 18733 (customer 1379) outside IQR fences
4910,2026-09-18 17:31:25.532255,invoice_iqr,18734,208.95,iqr,15.7500,Invoice 18734 (customer 1379) outside IQR fences
4911,2026-09-18 17:31:25.532255,invoice_iqr,18735,208.95,iqr,15.7500,Invoice 18735 (customer 1379) outside IQR fences
4912,2026-09-18 17:31:25.532255,invoice_iqr,18736,208.95,iqr,15.7500,Invoice 18736 (customer 1379) outside IQR fences
4913,2026-09-18 17:31:25.532255,invoice_iqr,18737,2207.18,iqr,2013.9800,Invoice 18737 (customer 1379) outside IQR fences
4914,2026-09-18 17:31:25.532255,invoice_iqr,18738,208.95,iqr,15.7500,Invoice 18738 (customer 1379) outside IQR fences
4915,2026-09-18 17:31:25.532255,invoice_iqr,18739,208.95,iqr,15.7500,Invoice 18739 (customer 1379) outside IQR fences
4916,2026-09-18 17:31:25.532255,invoice_iqr,18810,208.95,iqr,15.7500,Invoice 18810 (customer 1385) outside IQR fences
4917,2026-09-18 17:31:25.532255,invoice_iqr,18811,208.95,iqr,15.7500,Invoice 18811 (customer 1385) outside IQR fences
4918,2026-09-18 17:31:25.532255,invoice_iqr,18812,208.95,iqr,15.7500,Invoice 18812 (customer 1385) outside IQR fences
4919,2026-09-18 17:31:25.532255,invoice_iqr,18813,208.95,iqr,15.7500,Invoice 18813 (customer 1385) outside IQR fences
4920,2026-09-18 17:31:25.532255,invoice_iqr,18814,208.95,iqr,15.7500,Invoice 18814 (customer 1385) outside IQR fences
4921,2026-09-18 17:31:25.532255,invoice_iqr,18815,208.95,iqr,15.7500,Invoice 18815 (customer 1385) outside IQR fences
4922,2026-09-18 17:31:25.532255,invoice_iqr,19066,208.95,iqr,15.7500,Invoice 19066 (customer 1405) outside IQR fences
4923,2026-09-18 17:31:25.532255,invoice_iqr,19067,208.95,iqr,15.7500,Invoice 19067 (customer 1405) outside IQR fences
4924,2026-09-18 17:31:25.532255,invoice_iqr,19069,208.95,iqr,15.7500,Invoice 19069 (customer 1405) outside IQR fences
4925,2026-09-18 17:31:25.532255,invoice_iqr,19070,208.95,iqr,15.7500,Invoice 19070 (customer 1405) outside IQR fences
4926,2026-09-18 17:31:25.532255,invoice_iqr,19071,208.95,iqr,15.7500,Invoice 19071 (customer 1405) outside IQR fences
4927,2026-09-18 17:31:25.532255,invoice_iqr,19072,208.95,iqr,15.7500,Invoice 19072 (customer 1405) outside IQR fences
4928,2026-09-18 17:31:25.532255,invoice_iqr,19073,208.95,iqr,15.7500,Invoice 19073 (customer 1405) outside IQR fences
4929,2026-09-18 17:31:25.532255,invoice_iqr,19074,208.95,iqr,15.7500,Invoice 19074 (customer 1405) outside IQR fences
4930,2026-09-18 17:31:25.532255,invoice_iqr,19075,208.95,iqr,15.7500,Invoice 19075 (customer 1405) outside IQR fences
4931,2026-09-18 17:31:25.532255,invoice_iqr,19383,283.80,iqr,90.6000,Invoice 19383 (customer 1424) outside IQR fences
4932,2026-09-18 17:31:25.532255,invoice_iqr,19398,213.11,iqr,19.9100,Invoice 19398 (customer 1425) outside IQR fences
4933,2026-09-18 17:31:25.532255,invoice_iqr,19408,208.95,iqr,15.7500,Invoice 19408 (customer 1426) outside IQR fences
4934,2026-09-18 17:31:25.532255,invoice_iqr,19409,208.95,iqr,15.7500,Invoice 19409 (customer 1426) outside IQR fences
4935,2026-09-18 17:31:25.532255,invoice_iqr,19410,208.95,iqr,15.7500,Invoice 19410 (customer 1426) outside IQR fences
4936,2026-09-18 17:31:25.532255,invoice_iqr,19411,208.95,iqr,15.7500,Invoice 19411 (customer 1426) outside IQR fences
4937,2026-09-18 17:31:25.532255,invoice_iqr,19412,208.95,iqr,15.7500,Invoice 19412 (customer 1426) outside IQR fences
4938,2026-09-18 17:31:25.532255,invoice_iqr,19462,208.95,iqr,15.7500,Invoice 19462 (customer 1431) outside IQR fences
4939,2026-09-18 17:31:25.532255,invoice_iqr,19463,208.95,iqr,15.7500,Invoice 19463 (customer 1431) outside IQR fences
4940,2026-09-18 17:31:25.532255,invoice_iqr,19464,208.95,iqr,15.7500,Invoice 19464 (customer 1431) outside IQR fences
4941,2026-09-18 17:31:25.532255,invoice_iqr,19465,208.95,iqr,15.7500,Invoice 19465 (customer 1431) outside IQR fences
4942,2026-09-18 17:31:25.532255,invoice_iqr,19466,208.95,iqr,15.7500,Invoice 19466 (customer 1431) outside IQR fences
4943,2026-09-18 17:31:25.532255,invoice_iqr,19467,208.95,iqr,15.7500,Invoice 19467 (customer 1431) outside IQR fences
4944,2026-09-18 17:31:25.532255,invoice_iqr,19468,208.95,iqr,15.7500,Invoice 19468 (customer 1431) outside IQR fences
4945,2026-09-18 17:31:25.532255,invoice_iqr,19469,208.95,iqr,15.7500,Invoice 19469 (customer 1431) outside IQR fences
4946,2026-09-18 17:31:25.532255,invoice_iqr,19470,208.95,iqr,15.7500,Invoice 19470 (customer 1431) outside IQR fences
4947,2026-09-18 17:31:25.532255,invoice_iqr,19472,208.95,iqr,15.7500,Invoice 19472 (customer 1431) outside IQR fences
4948,2026-09-18 17:31:25.532255,invoice_iqr,19473,208.95,iqr,15.7500,Invoice 19473 (customer 1431) outside IQR fences
4949,2026-09-18 17:31:25.532255,invoice_iqr,19474,208.95,iqr,15.7500,Invoice 19474 (customer 1431) outside IQR fences
4950,2026-09-18 17:31:25.532255,invoice_iqr,19475,208.95,iqr,15.7500,Invoice 19475 (customer 1431) outside IQR fences
4951,2026-09-18 17:31:25.532255,invoice_iqr,19476,208.95,iqr,15.7500,Invoice 19476 (customer 1431) outside IQR fences
4952,2026-09-18 17:31:25.532255,invoice_iqr,19477,208.95,iqr,15.7500,Invoice 19477 (customer 1431) outside IQR fences
4953,2026-09-18 17:31:25.532255,invoice_iqr,19478,208.95,iqr,15.7500,Invoice 19478 (customer 1431) outside IQR fences
4954,2026-09-18 17:31:25.532255,invoice_iqr,19479,208.95,iqr,15.7500,Invoice 19479 (customer 1431) outside IQR fences
4955,2026-09-18 17:31:25.532255,invoice_iqr,19480,208.95,iqr,15.7500,Invoice 19480 (customer 1431) outside IQR fences
4956,2026-09-18 17:31:25.532255,invoice_iqr,19635,208.95,iqr,15.7500,Invoice 19635 (customer 1443) outside IQR fences
4957,2026-09-18 17:31:25.532255,invoice_iqr,19636,208.95,iqr,15.7500,Invoice 19636 (customer 1443) outside IQR fences
4958,2026-09-18 17:31:25.532255,invoice_iqr,19637,208.95,iqr,15.7500,Invoice 19637 (customer 1443) outside IQR fences
4959,2026-09-18 17:31:25.532255,invoice_iqr,19638,208.95,iqr,15.7500,Invoice 19638 (customer 1443) outside IQR fences
4960,2026-09-18 17:31:25.532255,invoice_iqr,19639,208.95,iqr,15.7500,Invoice 19639 (customer 1443) outside IQR fences
4961,2026-09-18 17:31:25.532255,invoice_iqr,19640,208.95,iqr,15.7500,Invoice 19640 (customer 1443) outside IQR fences
4962,2026-09-18 17:31:25.532255,invoice_iqr,19641,208.95,iqr,15.7500,Invoice 19641 (customer 1443) outside IQR fences
4963,2026-09-18 17:31:25.532255,invoice_iqr,19642,208.95,iqr,15.7500,Invoice 19642 (customer 1443) outside IQR fences
4964,2026-09-18 17:31:25.532255,invoice_iqr,19643,208.95,iqr,15.7500,Invoice 19643 (customer 1443) outside IQR fences
4965,2026-09-18 17:31:25.532255,invoice_iqr,19644,208.95,iqr,15.7500,Invoice 19644 (customer 1443) outside IQR fences
4966,2026-09-18 17:31:25.532255,invoice_iqr,19678,208.95,iqr,15.7500,Invoice 19678 (customer 1446) outside IQR fences
4967,2026-09-18 17:31:25.532255,invoice_iqr,19679,208.95,iqr,15.7500,Invoice 19679 (customer 1446) outside IQR fences
4968,2026-09-18 17:31:25.532255,invoice_iqr,19680,208.95,iqr,15.7500,Invoice 19680 (customer 1446) outside IQR fences
4969,2026-09-18 17:31:25.532255,invoice_iqr,19681,208.95,iqr,15.7500,Invoice 19681 (customer 1446) outside IQR fences
4970,2026-09-18 17:31:25.532255,invoice_iqr,19682,208.95,iqr,15.7500,Invoice 19682 (customer 1446) outside IQR fences
4971,2026-09-18 17:31:25.532255,invoice_iqr,19683,208.95,iqr,15.7500,Invoice 19683 (customer 1446) outside IQR fences
4972,2026-09-18 17:31:25.532255,invoice_iqr,19684,208.95,iqr,15.7500,Invoice 19684 (customer 1446) outside IQR fences
4973,2026-09-18 17:31:25.532255,invoice_iqr,19685,208.95,iqr,15.7500,Invoice 19685 (customer 1446) outside IQR fences
4974,2026-09-18 17:31:25.532255,invoice_iqr,19686,208.95,iqr,15.7500,Invoice 19686 (customer 1446) outside IQR fences
4975,2026-09-18 17:31:25.532255,invoice_iqr,19687,208.95,iqr,15.7500,Invoice 19687 (customer 1446) outside IQR fences
4976,2026-09-18 17:31:25.532255,invoice_iqr,19688,208.95,iqr,15.7500,Invoice 19688 (customer 1446) outside IQR fences
4977,2026-09-18 17:31:25.532255,invoice_iqr,19689,208.95,iqr,15.7500,Invoice 19689 (customer 1446) outside IQR fences
4978,2026-09-18 17:31:25.532255,invoice_iqr,19690,208.95,iqr,15.7500,Invoice 19690 (customer 1446) outside IQR fences
4979,2026-09-18 17:31:25.532255,invoice_iqr,19691,208.95,iqr,15.7500,Invoice 19691 (customer 1446) outside IQR fences
4980,2026-09-18 17:31:25.532255,invoice_iqr,19692,208.95,iqr,15.7500,Invoice 19692 (customer 1446) outside IQR fences
4981,2026-09-18 17:31:25.532255,invoice_iqr,19693,208.95,iqr,15.7500,Invoice 19693 (customer 1446) outside IQR fences
4982,2026-09-18 17:31:25.532255,invoice_iqr,19694,208.95,iqr,15.7500,Invoice 19694 (customer 1446) outside IQR fences
4983,2026-09-18 17:31:25.532255,invoice_iqr,19695,208.95,iqr,15.7500,Invoice 19695 (customer 1446) outside IQR fences
4984,2026-09-18 17:31:25.532255,invoice_iqr,19696,208.95,iqr,15.7500,Invoice 19696 (customer 1446) outside IQR fences
4985,2026-09-18 17:31:25.532255,invoice_iqr,19697,208.95,iqr,15.7500,Invoice 19697 (customer 1446) outside IQR fences
4986,2026-09-18 17:31:25.532255,invoice_iqr,19698,208.95,iqr,15.7500,Invoice 19698 (customer 1446) outside IQR fences
4987,2026-09-18 17:31:25.532255,invoice_iqr,19699,208.95,iqr,15.7500,Invoice 19699 (customer 1446) outside IQR fences
4988,2026-09-18 17:31:25.532255,invoice_iqr,19700,208.95,iqr,15.7500,Invoice 19700 (customer 1446) outside IQR fences
4989,2026-09-18 17:31:25.532255,invoice_iqr,19718,208.95,iqr,15.7500,Invoice 19718 (customer 1448) outside IQR fences
4990,2026-09-18 17:31:25.532255,invoice_iqr,19719,208.95,iqr,15.7500,Invoice 19719 (customer 1448) outside IQR fences
4991,2026-09-18 17:31:25.532255,invoice_iqr,19721,208.95,iqr,15.7500,Invoice 19721 (customer 1448) outside IQR fences
4992,2026-09-18 17:31:25.532255,invoice_iqr,19722,208.95,iqr,15.7500,Invoice 19722 (customer 1448) outside IQR fences
4993,2026-09-18 17:31:25.532255,invoice_iqr,19723,208.95,iqr,15.7500,Invoice 19723 (customer 1448) outside IQR fences
4994,2026-09-18 17:31:25.532255,invoice_iqr,19805,208.95,iqr,15.7500,Invoice 19805 (customer 1457) outside IQR fences
4995,2026-09-18 17:31:25.532255,invoice_iqr,19807,208.95,iqr,15.7500,Invoice 19807 (customer 1457) outside IQR fences
4996,2026-09-18 17:31:25.532255,invoice_iqr,19808,208.95,iqr,15.7500,Invoice 19808 (customer 1457) outside IQR fences
4997,2026-09-18 17:31:25.532255,invoice_iqr,19809,208.95,iqr,15.7500,Invoice 19809 (customer 1457) outside IQR fences
4998,2026-09-18 17:31:25.532255,invoice_iqr,19810,208.95,iqr,15.7500,Invoice 19810 (customer 1457) outside IQR fences
4999,2026-09-18 17:31:25.532255,invoice_iqr,19811,208.95,iqr,15.7500,Invoice 19811 (customer 1457) outside IQR fences
5000,2026-09-18 17:31:25.532255,invoice_iqr,19823,208.95,iqr,15.7500,Invoice 19823 (customer 1459) outside IQR fences
5001,2026-09-18 17:31:25.532255,invoice_iqr,19825,208.95,iqr,15.7500,Invoice 19825 (customer 1459) outside IQR fences
5002,2026-09-18 17:31:25.532255,invoice_iqr,19826,208.95,iqr,15.7500,Invoice 19826 (customer 1459) outside IQR fences
5003,2026-09-18 17:31:25.532255,invoice_iqr,19827,208.95,iqr,15.7500,Invoice 19827 (customer 1459) outside IQR fences
5004,2026-09-18 17:31:25.532255,invoice_iqr,19828,208.95,iqr,15.7500,Invoice 19828 (customer 1459) outside IQR fences
5005,2026-09-18 17:31:25.532255,invoice_iqr,19829,208.95,iqr,15.7500,Invoice 19829 (customer 1459) outside IQR fences
5006,2026-09-18 17:31:25.532255,invoice_iqr,19830,208.95,iqr,15.7500,Invoice 19830 (customer 1459) outside IQR fences
5007,2026-09-18 17:31:25.532255,invoice_iqr,19831,208.95,iqr,15.7500,Invoice 19831 (customer 1459) outside IQR fences
5008,2026-09-18 17:31:25.532255,invoice_iqr,19832,208.95,iqr,15.7500,Invoice 19832 (customer 1459) outside IQR fences
5009,2026-09-18 17:31:25.532255,invoice_iqr,19833,208.95,iqr,15.7500,Invoice 19833 (customer 1459) outside IQR fences
5010,2026-09-18 17:31:25.532255,invoice_iqr,19834,208.95,iqr,15.7500,Invoice 19834 (customer 1459) outside IQR fences
5011,2026-09-18 17:31:25.532255,invoice_iqr,19835,208.95,iqr,15.7500,Invoice 19835 (customer 1459) outside IQR fences
5012,2026-09-18 17:31:25.532255,invoice_iqr,19902,208.95,iqr,15.7500,Invoice 19902 (customer 1465) outside IQR fences
5013,2026-09-18 17:31:25.532255,invoice_iqr,19903,208.95,iqr,15.7500,Invoice 19903 (customer 1465) outside IQR fences
5014,2026-09-18 17:31:25.532255,invoice_iqr,19904,208.95,iqr,15.7500,Invoice 19904 (customer 1465) outside IQR fences
5015,2026-09-18 17:31:25.532255,invoice_iqr,19905,208.95,iqr,15.7500,Invoice 19905 (customer 1465) outside IQR fences
5016,2026-09-18 17:31:25.532255,invoice_iqr,19906,208.95,iqr,15.7500,Invoice 19906 (customer 1465) outside IQR fences
5017,2026-09-18 17:31:25.532255,invoice_iqr,19907,208.95,iqr,15.7500,Invoice 19907 (customer 1465) outside IQR fences
5018,2026-09-18 17:31:25.532255,invoice_iqr,19908,208.95,iqr,15.7500,Invoice 19908 (customer 1465) outside IQR fences
5019,2026-09-18 17:31:25.532255,invoice_iqr,19909,208.95,iqr,15.7500,Invoice 19909 (customer 1465) outside IQR fences
5020,2026-09-18 17:31:25.532255,invoice_iqr,19910,208.95,iqr,15.7500,Invoice 19910 (customer 1465) outside IQR fences
5021,2026-09-18 17:31:25.532255,invoice_iqr,19911,208.95,iqr,15.7500,Invoice 19911 (customer 1465) outside IQR fences
5022,2026-09-18 17:31:25.532255,invoice_iqr,19912,208.95,iqr,15.7500,Invoice 19912 (customer 1465) outside IQR fences
5023,2026-09-18 17:31:25.532255,invoice_iqr,19913,208.95,iqr,15.7500,Invoice 19913 (customer 1465) outside IQR fences
5024,2026-09-18 17:31:25.532255,invoice_iqr,19914,208.95,iqr,15.7500,Invoice 19914 (customer 1465) outside IQR fences
5025,2026-09-18 17:31:25.532255,invoice_iqr,19915,208.95,iqr,15.7500,Invoice 19915 (customer 1465) outside IQR fences
5026,2026-09-18 17:31:25.532255,invoice_iqr,19916,208.95,iqr,15.7500,Invoice 19916 (customer 1465) outside IQR fences
5027,2026-09-18 17:31:25.532255,invoice_iqr,19917,208.95,iqr,15.7500,Invoice 19917 (customer 1465) outside IQR fences
5028,2026-09-18 17:31:25.532255,invoice_iqr,20100,208.95,iqr,15.7500,Invoice 20100 (customer 1479) outside IQR fences
5029,2026-09-18 17:31:25.532255,invoice_iqr,20101,208.95,iqr,15.7500,Invoice 20101 (customer 1479) outside IQR fences
5030,2026-09-18 17:31:25.532255,invoice_iqr,20102,208.95,iqr,15.7500,Invoice 20102 (customer 1479) outside IQR fences
5031,2026-09-18 17:31:25.532255,invoice_iqr,20103,208.95,iqr,15.7500,Invoice 20103 (customer 1479) outside IQR fences
5032,2026-09-18 17:31:25.532255,invoice_iqr,20104,208.95,iqr,15.7500,Invoice 20104 (customer 1479) outside IQR fences
5033,2026-09-18 17:31:25.532255,invoice_iqr,20105,208.95,iqr,15.7500,Invoice 20105 (customer 1479) outside IQR fences
5034,2026-09-18 17:31:25.532255,invoice_iqr,20106,208.95,iqr,15.7500,Invoice 20106 (customer 1479) outside IQR fences
5035,2026-09-18 17:31:25.532255,invoice_iqr,20107,208.95,iqr,15.7500,Invoice 20107 (customer 1479) outside IQR fences
5036,2026-09-18 17:31:25.532255,invoice_iqr,20108,208.95,iqr,15.7500,Invoice 20108 (customer 1479) outside IQR fences
5037,2026-09-18 17:31:25.532255,invoice_iqr,20109,208.95,iqr,15.7500,Invoice 20109 (customer 1479) outside IQR fences
5038,2026-09-18 17:31:25.532255,invoice_iqr,20110,208.95,iqr,15.7500,Invoice 20110 (customer 1479) outside IQR fences
5039,2026-09-18 17:31:25.532255,invoice_iqr,20111,208.95,iqr,15.7500,Invoice 20111 (customer 1479) outside IQR fences
5040,2026-09-18 17:31:25.532255,invoice_iqr,20112,208.95,iqr,15.7500,Invoice 20112 (customer 1479) outside IQR fences
5041,2026-09-18 17:31:25.532255,invoice_iqr,20113,208.95,iqr,15.7500,Invoice 20113 (customer 1479) outside IQR fences
5042,2026-09-18 17:31:25.532255,invoice_iqr,20114,208.95,iqr,15.7500,Invoice 20114 (customer 1479) outside IQR fences
5043,2026-09-18 17:31:25.532255,invoice_iqr,20115,208.95,iqr,15.7500,Invoice 20115 (customer 1479) outside IQR fences
5044,2026-09-18 17:31:25.532255,invoice_iqr,20116,208.95,iqr,15.7500,Invoice 20116 (customer 1479) outside IQR fences
5045,2026-09-18 17:31:25.532255,invoice_iqr,20117,208.95,iqr,15.7500,Invoice 20117 (customer 1479) outside IQR fences
5046,2026-09-18 17:31:25.532255,invoice_iqr,20118,208.95,iqr,15.7500,Invoice 20118 (customer 1479) outside IQR fences
5047,2026-09-18 17:31:25.532255,invoice_iqr,20119,208.95,iqr,15.7500,Invoice 20119 (customer 1479) outside IQR fences
5048,2026-09-18 17:31:25.532255,invoice_iqr,20120,208.95,iqr,15.7500,Invoice 20120 (customer 1479) outside IQR fences
5049,2026-09-18 17:31:25.532255,invoice_iqr,20121,208.95,iqr,15.7500,Invoice 20121 (customer 1479) outside IQR fences
5050,2026-09-18 17:31:25.532255,invoice_iqr,20226,208.95,iqr,15.7500,Invoice 20226 (customer 1487) outside IQR fences
5051,2026-09-18 17:31:25.532255,invoice_iqr,20227,208.95,iqr,15.7500,Invoice 20227 (customer 1487) outside IQR fences
5052,2026-09-18 17:31:25.532255,invoice_iqr,20228,208.95,iqr,15.7500,Invoice 20228 (customer 1487) outside IQR fences
5053,2026-09-18 17:31:25.532255,invoice_iqr,20229,208.95,iqr,15.7500,Invoice 20229 (customer 1487) outside IQR fences
5054,2026-09-18 17:31:25.532255,invoice_iqr,20230,208.95,iqr,15.7500,Invoice 20230 (customer 1487) outside IQR fences
5055,2026-09-18 17:31:25.532255,invoice_iqr,20231,208.95,iqr,15.7500,Invoice 20231 (customer 1487) outside IQR fences
5056,2026-09-18 17:31:25.532255,invoice_iqr,20232,208.95,iqr,15.7500,Invoice 20232 (customer 1487) outside IQR fences
5057,2026-09-18 17:31:25.532255,invoice_iqr,20233,208.95,iqr,15.7500,Invoice 20233 (customer 1487) outside IQR fences
5058,2026-09-18 17:31:25.532255,invoice_iqr,20234,208.95,iqr,15.7500,Invoice 20234 (customer 1487) outside IQR fences
5059,2026-09-18 17:31:25.532255,invoice_iqr,20235,208.95,iqr,15.7500,Invoice 20235 (customer 1487) outside IQR fences
5060,2026-09-18 17:31:25.532255,invoice_iqr,20236,208.95,iqr,15.7500,Invoice 20236 (customer 1487) outside IQR fences
5061,2026-09-18 17:31:25.532255,invoice_iqr,20237,208.95,iqr,15.7500,Invoice 20237 (customer 1487) outside IQR fences
5062,2026-09-18 17:31:25.532255,invoice_iqr,20238,208.95,iqr,15.7500,Invoice 20238 (customer 1487) outside IQR fences
5063,2026-09-18 17:31:25.532255,invoice_iqr,20239,208.95,iqr,15.7500,Invoice 20239 (customer 1487) outside IQR fences
5064,2026-09-18 17:31:25.532255,invoice_iqr,20240,208.95,iqr,15.7500,Invoice 20240 (customer 1487) outside IQR fences
5065,2026-09-18 17:31:25.532255,invoice_iqr,20241,208.95,iqr,15.7500,Invoice 20241 (customer 1487) outside IQR fences
5066,2026-09-18 17:31:25.532255,invoice_iqr,20257,502.49,iqr,309.2900,Invoice 20257 (customer 1489) outside IQR fences
5067,2026-09-18 17:31:25.532255,invoice_iqr,20449,208.95,iqr,15.7500,Invoice 20449 (customer 484) outside IQR fences
5068,2026-09-18 17:31:25.532255,invoice_iqr,20491,208.95,iqr,15.7500,Invoice 20491 (customer 588) outside IQR fences
5069,2026-09-18 17:31:25.532255,invoice_iqr,20502,208.95,iqr,15.7500,Invoice 20502 (customer 1446) outside IQR fences
5070,2026-09-18 17:31:25.532255,invoice_iqr,20503,208.95,iqr,15.7500,Invoice 20503 (customer 1479) outside IQR fences
5071,2026-09-18 17:31:25.532255,invoice_iqr,20516,208.95,iqr,15.7500,Invoice 20516 (customer 1376) outside IQR fences
5072,2026-09-18 17:31:25.532255,invoice_iqr,20546,208.95,iqr,15.7500,Invoice 20546 (customer 880) outside IQR fences
3495,2026-09-18 17:31:25.532255,invoice_iqr,128,231.62,iqr,38.4200,Invoice 128 (customer 10) outside IQR fences
3496,2026-09-18 17:31:25.532255,invoice_iqr,181,227.16,iqr,33.9600,Invoice 181 (customer 14) outside IQR fences
3497,2026-09-18 17:31:25.532255,invoice_iqr,193,208.95,iqr,15.7500,Invoice 193 (customer 17) outside IQR fences
3498,2026-09-18 17:31:25.532255,invoice_iqr,194,208.95,iqr,15.7500,Invoice 194 (customer 17) outside IQR fences
3499,2026-09-18 17:31:25.532255,invoice_iqr,195,208.95,iqr,15.7500,Invoice 195 (customer 17) outside IQR fences
3500,2026-09-18 17:31:25.532255,invoice_iqr,196,208.95,iqr,15.7500,Invoice 196 (customer 17) outside IQR fences
3501,2026-09-18 17:31:25.532255,invoice_iqr,197,208.95,iqr,15.7500,Invoice 197 (customer 17) outside IQR fences
3502,2026-09-18 17:31:25.532255,invoice_iqr,198,208.95,iqr,15.7500,Invoice 198 (customer 17) outside IQR fences
3503,2026-09-18 17:31:25.532255,invoice_iqr,199,208.95,iqr,15.7500,Invoice 199 (customer 17) outside IQR fences
3504,2026-09-18 17:31:25.532255,invoice_iqr,200,208.95,iqr,15.7500,Invoice 200 (customer 17) outside IQR fences
3505,2026-09-18 17:31:25.532255,invoice_iqr,201,208.95,iqr,15.7500,Invoice 201 (customer 17) outside IQR fences
3506,2026-09-18 17:31:25.532255,invoice_iqr,202,208.95,iqr,15.7500,Invoice 202 (customer 17) outside IQR fences
3507,2026-09-18 17:31:25.532255,invoice_iqr,203,208.95,iqr,15.7500,Invoice 203 (customer 17) outside IQR fences
3508,2026-09-18 17:31:25.532255,invoice_iqr,204,208.95,iqr,15.7500,Invoice 204 (customer 17) outside IQR fences
3509,2026-09-18 17:31:25.532255,invoice_iqr,205,208.95,iqr,15.7500,Invoice 205 (customer 17) outside IQR fences
3510,2026-09-18 17:31:25.532255,invoice_iqr,206,208.95,iqr,15.7500,Invoice 206 (customer 17) outside IQR fences
3511,2026-09-18 17:31:25.532255,invoice_iqr,207,208.95,iqr,15.7500,Invoice 207 (customer 17) outside IQR fences
3512,2026-09-18 17:31:25.532255,invoice_iqr,208,208.95,iqr,15.7500,Invoice 208 (customer 17) outside IQR fences
3513,2026-09-18 17:31:25.532255,invoice_iqr,209,208.95,iqr,15.7500,Invoice 209 (customer 17) outside IQR fences
3514,2026-09-18 17:31:25.532255,invoice_iqr,210,208.95,iqr,15.7500,Invoice 210 (customer 17) outside IQR fences
3515,2026-09-18 17:31:25.532255,invoice_iqr,211,208.95,iqr,15.7500,Invoice 211 (customer 17) outside IQR fences
3516,2026-09-18 17:31:25.532255,invoice_iqr,212,208.95,iqr,15.7500,Invoice 212 (customer 17) outside IQR fences
3517,2026-09-18 17:31:25.532255,invoice_iqr,213,208.95,iqr,15.7500,Invoice 213 (customer 17) outside IQR fences
3518,2026-09-18 17:31:25.532255,invoice_iqr,214,208.95,iqr,15.7500,Invoice 214 (customer 17) outside IQR fences
3519,2026-09-18 17:31:25.532255,invoice_iqr,215,208.95,iqr,15.7500,Invoice 215 (customer 17) outside IQR fences
3520,2026-09-18 17:31:25.532255,invoice_iqr,234,208.95,iqr,15.7500,Invoice 234 (customer 20) outside IQR fences
3521,2026-09-18 17:31:25.532255,invoice_iqr,235,208.95,iqr,15.7500,Invoice 235 (customer 20) outside IQR fences
3522,2026-09-18 17:31:25.532255,invoice_iqr,236,208.95,iqr,15.7500,Invoice 236 (customer 20) outside IQR fences
3523,2026-09-18 17:31:25.532255,invoice_iqr,237,208.95,iqr,15.7500,Invoice 237 (customer 20) outside IQR fences
3524,2026-09-18 17:31:25.532255,invoice_iqr,238,208.95,iqr,15.7500,Invoice 238 (customer 20) outside IQR fences
3525,2026-09-18 17:31:25.532255,invoice_iqr,239,208.95,iqr,15.7500,Invoice 239 (customer 20) outside IQR fences
3526,2026-09-18 17:31:25.532255,invoice_iqr,240,208.95,iqr,15.7500,Invoice 240 (customer 20) outside IQR fences
3527,2026-09-18 17:31:25.532255,invoice_iqr,241,208.95,iqr,15.7500,Invoice 241 (customer 20) outside IQR fences
3528,2026-09-18 17:31:25.532255,invoice_iqr,242,208.95,iqr,15.7500,Invoice 242 (customer 20) outside IQR fences
3529,2026-09-18 17:31:25.532255,invoice_iqr,243,208.95,iqr,15.7500,Invoice 243 (customer 20) outside IQR fences
3530,2026-09-18 17:31:25.532255,invoice_iqr,244,208.95,iqr,15.7500,Invoice 244 (customer 20) outside IQR fences
3531,2026-09-18 17:31:25.532255,invoice_iqr,245,208.95,iqr,15.7500,Invoice 245 (customer 20) outside IQR fences
3532,2026-09-18 17:31:25.532255,invoice_iqr,246,208.95,iqr,15.7500,Invoice 246 (customer 20) outside IQR fences
3533,2026-09-18 17:31:25.532255,invoice_iqr,247,208.95,iqr,15.7500,Invoice 247 (customer 20) outside IQR fences
3534,2026-09-18 17:31:25.532255,invoice_iqr,248,208.95,iqr,15.7500,Invoice 248 (customer 20) outside IQR fences
3535,2026-09-18 17:31:25.532255,invoice_iqr,249,208.95,iqr,15.7500,Invoice 249 (customer 20) outside IQR fences
3536,2026-09-18 17:31:25.532255,invoice_iqr,250,208.95,iqr,15.7500,Invoice 250 (customer 20) outside IQR fences
3537,2026-09-18 17:31:25.532255,invoice_iqr,251,208.95,iqr,15.7500,Invoice 251 (customer 20) outside IQR fences
3538,2026-09-18 17:31:25.532255,invoice_iqr,252,208.95,iqr,15.7500,Invoice 252 (customer 20) outside IQR fences
3539,2026-09-18 17:31:25.532255,invoice_iqr,253,208.95,iqr,15.7500,Invoice 253 (customer 20) outside IQR fences
3540,2026-09-18 17:31:25.532255,invoice_iqr,254,208.95,iqr,15.7500,Invoice 254 (customer 20) outside IQR fences
3541,2026-09-18 17:31:25.532255,invoice_iqr,255,208.95,iqr,15.7500,Invoice 255 (customer 20) outside IQR fences
3542,2026-09-18 17:31:25.532255,invoice_iqr,256,208.95,iqr,15.7500,Invoice 256 (customer 20) outside IQR fences
3543,2026-09-18 17:31:25.532255,invoice_iqr,257,208.95,iqr,15.7500,Invoice 257 (customer 20) outside IQR fences
3544,2026-09-18 17:31:25.532255,invoice_iqr,430,199.27,iqr,6.0700,Invoice 430 (customer 35) outside IQR fences
3545,2026-09-18 17:31:25.532255,invoice_iqr,723,208.95,iqr,15.7500,Invoice 723 (customer 59) outside IQR fences
3546,2026-09-18 17:31:25.532255,invoice_iqr,724,208.95,iqr,15.7500,Invoice 724 (customer 59) outside IQR fences
3547,2026-09-18 17:31:25.532255,invoice_iqr,725,208.95,iqr,15.7500,Invoice 725 (customer 59) outside IQR fences
3548,2026-09-18 17:31:25.532255,invoice_iqr,726,208.95,iqr,15.7500,Invoice 726 (customer 59) outside IQR fences
3549,2026-09-18 17:31:25.532255,invoice_iqr,727,208.95,iqr,15.7500,Invoice 727 (customer 59) outside IQR fences
3550,2026-09-18 17:31:25.532255,invoice_iqr,728,208.95,iqr,15.7500,Invoice 728 (customer 59) outside IQR fences
3551,2026-09-18 17:31:25.532255,invoice_iqr,729,208.95,iqr,15.7500,Invoice 729 (customer 59) outside IQR fences
3552,2026-09-18 17:31:25.532255,invoice_iqr,730,208.95,iqr,15.7500,Invoice 730 (customer 59) outside IQR fences
3553,2026-09-18 17:31:25.532255,invoice_iqr,731,208.95,iqr,15.7500,Invoice 731 (customer 59) outside IQR fences
3554,2026-09-18 17:31:25.532255,invoice_iqr,732,208.95,iqr,15.7500,Invoice 732 (customer 59) outside IQR fences
3555,2026-09-18 17:31:25.532255,invoice_iqr,733,208.95,iqr,15.7500,Invoice 733 (customer 59) outside IQR fences
3556,2026-09-18 17:31:25.532255,invoice_iqr,734,208.95,iqr,15.7500,Invoice 734 (customer 59) outside IQR fences
3557,2026-09-18 17:31:25.532255,invoice_iqr,735,208.95,iqr,15.7500,Invoice 735 (customer 59) outside IQR fences
3558,2026-09-18 17:31:25.532255,invoice_iqr,790,311.84,iqr,118.6400,Invoice 790 (customer 63) outside IQR fences
3559,2026-09-18 17:31:25.532255,invoice_iqr,872,208.95,iqr,15.7500,Invoice 872 (customer 69) outside IQR fences
3560,2026-09-18 17:31:25.532255,invoice_iqr,873,208.95,iqr,15.7500,Invoice 873 (customer 69) outside IQR fences
3561,2026-09-18 17:31:25.532255,invoice_iqr,874,208.95,iqr,15.7500,Invoice 874 (customer 69) outside IQR fences
3562,2026-09-18 17:31:25.532255,invoice_iqr,875,208.95,iqr,15.7500,Invoice 875 (customer 69) outside IQR fences
3563,2026-09-18 17:31:25.532255,invoice_iqr,876,208.95,iqr,15.7500,Invoice 876 (customer 69) outside IQR fences
3564,2026-09-18 17:31:25.532255,invoice_iqr,877,208.95,iqr,15.7500,Invoice 877 (customer 69) outside IQR fences
3565,2026-09-18 17:31:25.532255,invoice_iqr,878,208.95,iqr,15.7500,Invoice 878 (customer 69) outside IQR fences
3566,2026-09-18 17:31:25.532255,invoice_iqr,879,208.95,iqr,15.7500,Invoice 879 (customer 69) outside IQR fences
3567,2026-09-18 17:31:25.532255,invoice_iqr,880,208.95,iqr,15.7500,Invoice 880 (customer 69) outside IQR fences
3568,2026-09-18 17:31:25.532255,invoice_iqr,881,208.95,iqr,15.7500,Invoice 881 (customer 69) outside IQR fences
3569,2026-09-18 17:31:25.532255,invoice_iqr,882,208.95,iqr,15.7500,Invoice 882 (customer 69) outside IQR fences
3570,2026-09-18 17:31:25.532255,invoice_iqr,883,208.95,iqr,15.7500,Invoice 883 (customer 69) outside IQR fences
3571,2026-09-18 17:31:25.532255,invoice_iqr,884,208.95,iqr,15.7500,Invoice 884 (customer 69) outside IQR fences
3572,2026-09-18 17:31:25.532255,invoice_iqr,885,208.95,iqr,15.7500,Invoice 885 (customer 69) outside IQR fences
3573,2026-09-18 17:31:25.532255,invoice_iqr,886,208.95,iqr,15.7500,Invoice 886 (customer 69) outside IQR fences
3574,2026-09-18 17:31:25.532255,invoice_iqr,887,208.95,iqr,15.7500,Invoice 887 (customer 69) outside IQR fences
3575,2026-09-18 17:31:25.532255,invoice_iqr,888,208.95,iqr,15.7500,Invoice 888 (customer 69) outside IQR fences
3576,2026-09-18 17:31:25.532255,invoice_iqr,889,208.95,iqr,15.7500,Invoice 889 (customer 69) outside IQR fences
3577,2026-09-18 17:31:25.532255,invoice_iqr,890,208.95,iqr,15.7500,Invoice 890 (customer 69) outside IQR fences
3578,2026-09-18 17:31:25.532255,invoice_iqr,891,208.95,iqr,15.7500,Invoice 891 (customer 69) outside IQR fences
3579,2026-09-18 17:31:25.532255,invoice_iqr,892,208.95,iqr,15.7500,Invoice 892 (customer 69) outside IQR fences
3580,2026-09-18 17:31:25.532255,invoice_iqr,893,208.95,iqr,15.7500,Invoice 893 (customer 69) outside IQR fences
3581,2026-09-18 17:31:25.532255,invoice_iqr,894,208.95,iqr,15.7500,Invoice 894 (customer 69) outside IQR fences
3582,2026-09-18 17:31:25.532255,invoice_iqr,978,208.95,iqr,15.7500,Invoice 978 (customer 77) outside IQR fences
3583,2026-09-18 17:31:25.532255,invoice_iqr,979,208.95,iqr,15.7500,Invoice 979 (customer 77) outside IQR fences
3584,2026-09-18 17:31:25.532255,invoice_iqr,980,208.95,iqr,15.7500,Invoice 980 (customer 77) outside IQR fences
3585,2026-09-18 17:31:25.532255,invoice_iqr,981,208.95,iqr,15.7500,Invoice 981 (customer 77) outside IQR fences
3586,2026-09-18 17:31:25.532255,invoice_iqr,982,208.95,iqr,15.7500,Invoice 982 (customer 77) outside IQR fences
3587,2026-09-18 17:31:25.532255,invoice_iqr,983,208.95,iqr,15.7500,Invoice 983 (customer 77) outside IQR fences
3588,2026-09-18 17:31:25.532255,invoice_iqr,984,208.95,iqr,15.7500,Invoice 984 (customer 77) outside IQR fences
3589,2026-09-18 17:31:25.532255,invoice_iqr,985,208.95,iqr,15.7500,Invoice 985 (customer 77) outside IQR fences
3590,2026-09-18 17:31:25.532255,invoice_iqr,986,208.95,iqr,15.7500,Invoice 986 (customer 77) outside IQR fences
3591,2026-09-18 17:31:25.532255,invoice_iqr,987,208.95,iqr,15.7500,Invoice 987 (customer 77) outside IQR fences
3592,2026-09-18 17:31:25.532255,invoice_iqr,988,208.95,iqr,15.7500,Invoice 988 (customer 77) outside IQR fences
3593,2026-09-18 17:31:25.532255,invoice_iqr,989,208.95,iqr,15.7500,Invoice 989 (customer 77) outside IQR fences
3594,2026-09-18 17:31:25.532255,invoice_iqr,1042,2224.60,iqr,2031.4000,Invoice 1042 (customer 82) outside IQR fences
3595,2026-09-18 17:31:25.532255,invoice_iqr,1043,208.95,iqr,15.7500,Invoice 1043 (customer 82) outside IQR fences
3596,2026-09-18 17:31:25.532255,invoice_iqr,1044,208.95,iqr,15.7500,Invoice 1044 (customer 82) outside IQR fences
3597,2026-09-18 17:31:25.532255,invoice_iqr,1045,208.95,iqr,15.7500,Invoice 1045 (customer 82) outside IQR fences
3598,2026-09-18 17:31:25.532255,invoice_iqr,1046,208.95,iqr,15.7500,Invoice 1046 (customer 82) outside IQR fences
3599,2026-09-18 17:31:25.532255,invoice_iqr,1047,208.95,iqr,15.7500,Invoice 1047 (customer 82) outside IQR fences
3600,2026-09-18 17:31:25.532255,invoice_iqr,1048,208.95,iqr,15.7500,Invoice 1048 (customer 82) outside IQR fences
3601,2026-09-18 17:31:25.532255,invoice_iqr,1049,208.95,iqr,15.7500,Invoice 1049 (customer 82) outside IQR fences
3602,2026-09-18 17:31:25.532255,invoice_iqr,1050,208.95,iqr,15.7500,Invoice 1050 (customer 82) outside IQR fences
3603,2026-09-18 17:31:25.532255,invoice_iqr,1051,208.95,iqr,15.7500,Invoice 1051 (customer 82) outside IQR fences
3604,2026-09-18 17:31:25.532255,invoice_iqr,1052,208.95,iqr,15.7500,Invoice 1052 (customer 82) outside IQR fences
3605,2026-09-18 17:31:25.532255,invoice_iqr,1053,208.95,iqr,15.7500,Invoice 1053 (customer 82) outside IQR fences
3606,2026-09-18 17:31:25.532255,invoice_iqr,1054,208.95,iqr,15.7500,Invoice 1054 (customer 82) outside IQR fences
3607,2026-09-18 17:31:25.532255,invoice_iqr,1055,208.95,iqr,15.7500,Invoice 1055 (customer 82) outside IQR fences
3608,2026-09-18 17:31:25.532255,invoice_iqr,1056,208.95,iqr,15.7500,Invoice 1056 (customer 82) outside IQR fences
3609,2026-09-18 17:31:25.532255,invoice_iqr,1057,208.95,iqr,15.7500,Invoice 1057 (customer 82) outside IQR fences
3610,2026-09-18 17:31:25.532255,invoice_iqr,1058,208.95,iqr,15.7500,Invoice 1058 (customer 82) outside IQR fences
3611,2026-09-18 17:31:25.532255,invoice_iqr,1059,208.95,iqr,15.7500,Invoice 1059 (customer 82) outside IQR fences
3612,2026-09-18 17:31:25.532255,invoice_iqr,1060,208.95,iqr,15.7500,Invoice 1060 (customer 82) outside IQR fences
3613,2026-09-18 17:31:25.532255,invoice_iqr,1345,208.95,iqr,15.7500,Invoice 1345 (customer 101) outside IQR fences
3614,2026-09-18 17:31:25.532255,invoice_iqr,1346,208.95,iqr,15.7500,Invoice 1346 (customer 101) outside IQR fences
3615,2026-09-18 17:31:25.532255,invoice_iqr,1347,208.95,iqr,15.7500,Invoice 1347 (customer 101) outside IQR fences
3616,2026-09-18 17:31:25.532255,invoice_iqr,1348,208.95,iqr,15.7500,Invoice 1348 (customer 101) outside IQR fences
3617,2026-09-18 17:31:25.532255,invoice_iqr,1349,208.95,iqr,15.7500,Invoice 1349 (customer 101) outside IQR fences
3618,2026-09-18 17:31:25.532255,invoice_iqr,1350,208.95,iqr,15.7500,Invoice 1350 (customer 101) outside IQR fences
3619,2026-09-18 17:31:25.532255,invoice_iqr,1351,208.95,iqr,15.7500,Invoice 1351 (customer 101) outside IQR fences
3620,2026-09-18 17:31:25.532255,invoice_iqr,1352,208.95,iqr,15.7500,Invoice 1352 (customer 101) outside IQR fences
3621,2026-09-18 17:31:25.532255,invoice_iqr,1353,208.95,iqr,15.7500,Invoice 1353 (customer 101) outside IQR fences
3622,2026-09-18 17:31:25.532255,invoice_iqr,1354,208.95,iqr,15.7500,Invoice 1354 (customer 101) outside IQR fences
3623,2026-09-18 17:31:25.532255,invoice_iqr,1355,208.95,iqr,15.7500,Invoice 1355 (customer 101) outside IQR fences
3624,2026-09-18 17:31:25.532255,invoice_iqr,1356,208.95,iqr,15.7500,Invoice 1356 (customer 101) outside IQR fences
3625,2026-09-18 17:31:25.532255,invoice_iqr,1499,208.95,iqr,15.7500,Invoice 1499 (customer 114) outside IQR fences
3626,2026-09-18 17:31:25.532255,invoice_iqr,1500,208.95,iqr,15.7500,Invoice 1500 (customer 114) outside IQR fences
3627,2026-09-18 17:31:25.532255,invoice_iqr,1501,208.95,iqr,15.7500,Invoice 1501 (customer 114) outside IQR fences
3628,2026-09-18 17:31:25.532255,invoice_iqr,1502,208.95,iqr,15.7500,Invoice 1502 (customer 114) outside IQR fences
3629,2026-09-18 17:31:25.532255,invoice_iqr,1505,208.95,iqr,15.7500,Invoice 1505 (customer 114) outside IQR fences
3630,2026-09-18 17:31:25.532255,invoice_iqr,1597,545.98,iqr,352.7800,Invoice 1597 (customer 123) outside IQR fences
3631,2026-09-18 17:31:25.532255,invoice_iqr,1666,208.95,iqr,15.7500,Invoice 1666 (customer 131) outside IQR fences
3632,2026-09-18 17:31:25.532255,invoice_iqr,1667,208.95,iqr,15.7500,Invoice 1667 (customer 131) outside IQR fences
3633,2026-09-18 17:31:25.532255,invoice_iqr,1668,208.95,iqr,15.7500,Invoice 1668 (customer 131) outside IQR fences
3634,2026-09-18 17:31:25.532255,invoice_iqr,1669,208.95,iqr,15.7500,Invoice 1669 (customer 131) outside IQR fences
3635,2026-09-18 17:31:25.532255,invoice_iqr,1670,208.95,iqr,15.7500,Invoice 1670 (customer 131) outside IQR fences
3636,2026-09-18 17:31:25.532255,invoice_iqr,1671,208.95,iqr,15.7500,Invoice 1671 (customer 131) outside IQR fences
3637,2026-09-18 17:31:25.532255,invoice_iqr,1672,417.90,iqr,224.7000,Invoice 1672 (customer 131) outside IQR fences
3638,2026-09-18 17:31:25.532255,invoice_iqr,1673,208.95,iqr,15.7500,Invoice 1673 (customer 131) outside IQR fences
3639,2026-09-18 17:31:25.532255,invoice_iqr,1674,208.95,iqr,15.7500,Invoice 1674 (customer 131) outside IQR fences
3640,2026-09-18 17:31:25.532255,invoice_iqr,1675,208.95,iqr,15.7500,Invoice 1675 (customer 131) outside IQR fences
3641,2026-09-18 17:31:25.532255,invoice_iqr,1676,208.95,iqr,15.7500,Invoice 1676 (customer 131) outside IQR fences
3642,2026-09-18 17:31:25.532255,invoice_iqr,1677,208.95,iqr,15.7500,Invoice 1677 (customer 131) outside IQR fences
3643,2026-09-18 17:31:25.532255,invoice_iqr,1708,208.95,iqr,15.7500,Invoice 1708 (customer 135) outside IQR fences
3644,2026-09-18 17:31:25.532255,invoice_iqr,1709,208.95,iqr,15.7500,Invoice 1709 (customer 135) outside IQR fences
3645,2026-09-18 17:31:25.532255,invoice_iqr,1710,208.95,iqr,15.7500,Invoice 1710 (customer 135) outside IQR fences
3646,2026-09-18 17:31:25.532255,invoice_iqr,1711,208.95,iqr,15.7500,Invoice 1711 (customer 135) outside IQR fences
3647,2026-09-18 17:31:25.532255,invoice_iqr,1712,208.95,iqr,15.7500,Invoice 1712 (customer 135) outside IQR fences
3648,2026-09-18 17:31:25.532255,invoice_iqr,1713,208.95,iqr,15.7500,Invoice 1713 (customer 135) outside IQR fences
3649,2026-09-18 17:31:25.532255,invoice_iqr,1714,208.95,iqr,15.7500,Invoice 1714 (customer 135) outside IQR fences
3650,2026-09-18 17:31:25.532255,invoice_iqr,1715,208.95,iqr,15.7500,Invoice 1715 (customer 135) outside IQR fences
3651,2026-09-18 17:31:25.532255,invoice_iqr,1716,208.95,iqr,15.7500,Invoice 1716 (customer 135) outside IQR fences
3652,2026-09-18 17:31:25.532255,invoice_iqr,1725,208.95,iqr,15.7500,Invoice 1725 (customer 137) outside IQR fences
3653,2026-09-18 17:31:25.532255,invoice_iqr,1726,208.95,iqr,15.7500,Invoice 1726 (customer 137) outside IQR fences
3654,2026-09-18 17:31:25.532255,invoice_iqr,1728,208.95,iqr,15.7500,Invoice 1728 (customer 137) outside IQR fences
3655,2026-09-18 17:31:25.532255,invoice_iqr,1729,208.95,iqr,15.7500,Invoice 1729 (customer 137) outside IQR fences
3656,2026-09-18 17:31:25.532255,invoice_iqr,1730,208.95,iqr,15.7500,Invoice 1730 (customer 137) outside IQR fences
3657,2026-09-18 17:31:25.532255,invoice_iqr,1731,208.95,iqr,15.7500,Invoice 1731 (customer 137) outside IQR fences
3658,2026-09-18 17:31:25.532255,invoice_iqr,1732,208.95,iqr,15.7500,Invoice 1732 (customer 137) outside IQR fences
3659,2026-09-18 17:31:25.532255,invoice_iqr,1733,208.95,iqr,15.7500,Invoice 1733 (customer 137) outside IQR fences
3660,2026-09-18 17:31:25.532255,invoice_iqr,1734,208.95,iqr,15.7500,Invoice 1734 (customer 137) outside IQR fences
3661,2026-09-18 17:31:25.532255,invoice_iqr,1735,208.95,iqr,15.7500,Invoice 1735 (customer 137) outside IQR fences
3662,2026-09-18 17:31:25.532255,invoice_iqr,1736,208.95,iqr,15.7500,Invoice 1736 (customer 137) outside IQR fences
3663,2026-09-18 17:31:25.532255,invoice_iqr,1737,208.95,iqr,15.7500,Invoice 1737 (customer 137) outside IQR fences
3664,2026-09-18 17:31:25.532255,invoice_iqr,1738,208.95,iqr,15.7500,Invoice 1738 (customer 137) outside IQR fences
3665,2026-09-18 17:31:25.532255,invoice_iqr,1739,208.95,iqr,15.7500,Invoice 1739 (customer 137) outside IQR fences
3666,2026-09-18 17:31:25.532255,invoice_iqr,1740,208.95,iqr,15.7500,Invoice 1740 (customer 137) outside IQR fences
3667,2026-09-18 17:31:25.532255,invoice_iqr,1741,208.95,iqr,15.7500,Invoice 1741 (customer 137) outside IQR fences
3668,2026-09-18 17:31:25.532255,invoice_iqr,1742,208.95,iqr,15.7500,Invoice 1742 (customer 137) outside IQR fences
3669,2026-09-18 17:31:25.532255,invoice_iqr,1743,208.95,iqr,15.7500,Invoice 1743 (customer 137) outside IQR fences
3670,2026-09-18 17:31:25.532255,invoice_iqr,1744,208.95,iqr,15.7500,Invoice 1744 (customer 137) outside IQR fences
3671,2026-09-18 17:31:25.532255,invoice_iqr,1745,208.95,iqr,15.7500,Invoice 1745 (customer 137) outside IQR fences
3672,2026-09-18 17:31:25.532255,invoice_iqr,1746,208.95,iqr,15.7500,Invoice 1746 (customer 137) outside IQR fences
3673,2026-09-18 17:31:25.532255,invoice_iqr,1747,208.95,iqr,15.7500,Invoice 1747 (customer 137) outside IQR fences
3674,2026-09-18 17:31:25.532255,invoice_iqr,1748,208.95,iqr,15.7500,Invoice 1748 (customer 137) outside IQR fences
3675,2026-09-18 17:31:25.532255,invoice_iqr,1859,208.95,iqr,15.7500,Invoice 1859 (customer 146) outside IQR fences
3676,2026-09-18 17:31:25.532255,invoice_iqr,1860,208.95,iqr,15.7500,Invoice 1860 (customer 146) outside IQR fences
3677,2026-09-18 17:31:25.532255,invoice_iqr,1861,208.95,iqr,15.7500,Invoice 1861 (customer 146) outside IQR fences
3678,2026-09-18 17:31:25.532255,invoice_iqr,1862,208.95,iqr,15.7500,Invoice 1862 (customer 146) outside IQR fences
3679,2026-09-18 17:31:25.532255,invoice_iqr,1863,208.95,iqr,15.7500,Invoice 1863 (customer 146) outside IQR fences
3680,2026-09-18 17:31:25.532255,invoice_iqr,1864,208.95,iqr,15.7500,Invoice 1864 (customer 146) outside IQR fences
3681,2026-09-18 17:31:25.532255,invoice_iqr,1865,208.95,iqr,15.7500,Invoice 1865 (customer 146) outside IQR fences
3682,2026-09-18 17:31:25.532255,invoice_iqr,1866,208.95,iqr,15.7500,Invoice 1866 (customer 146) outside IQR fences
3683,2026-09-18 17:31:25.532255,invoice_iqr,1867,208.95,iqr,15.7500,Invoice 1867 (customer 146) outside IQR fences
3684,2026-09-18 17:31:25.532255,invoice_iqr,1903,208.95,iqr,15.7500,Invoice 1903 (customer 150) outside IQR fences
3685,2026-09-18 17:31:25.532255,invoice_iqr,1904,208.95,iqr,15.7500,Invoice 1904 (customer 150) outside IQR fences
3686,2026-09-18 17:31:25.532255,invoice_iqr,1905,208.95,iqr,15.7500,Invoice 1905 (customer 150) outside IQR fences
3687,2026-09-18 17:31:25.532255,invoice_iqr,1906,208.95,iqr,15.7500,Invoice 1906 (customer 150) outside IQR fences
3688,2026-09-18 17:31:25.532255,invoice_iqr,1907,208.95,iqr,15.7500,Invoice 1907 (customer 150) outside IQR fences
3689,2026-09-18 17:31:25.532255,invoice_iqr,1908,208.95,iqr,15.7500,Invoice 1908 (customer 150) outside IQR fences
3690,2026-09-18 17:31:25.532255,invoice_iqr,1909,208.95,iqr,15.7500,Invoice 1909 (customer 150) outside IQR fences
3691,2026-09-18 17:31:25.532255,invoice_iqr,1910,208.95,iqr,15.7500,Invoice 1910 (customer 150) outside IQR fences
3692,2026-09-18 17:31:25.532255,invoice_iqr,1911,208.95,iqr,15.7500,Invoice 1911 (customer 150) outside IQR fences
3693,2026-09-18 17:31:25.532255,invoice_iqr,1912,208.95,iqr,15.7500,Invoice 1912 (customer 150) outside IQR fences
3694,2026-09-18 17:31:25.532255,invoice_iqr,1913,208.95,iqr,15.7500,Invoice 1913 (customer 150) outside IQR fences
3695,2026-09-18 17:31:25.532255,invoice_iqr,1914,208.95,iqr,15.7500,Invoice 1914 (customer 150) outside IQR fences
3696,2026-09-18 17:31:25.532255,invoice_iqr,1915,208.95,iqr,15.7500,Invoice 1915 (customer 150) outside IQR fences
3697,2026-09-18 17:31:25.532255,invoice_iqr,1917,208.95,iqr,15.7500,Invoice 1917 (customer 150) outside IQR fences
3698,2026-09-18 17:31:25.532255,invoice_iqr,1918,208.95,iqr,15.7500,Invoice 1918 (customer 150) outside IQR fences
3699,2026-09-18 17:31:25.532255,invoice_iqr,1919,208.95,iqr,15.7500,Invoice 1919 (customer 150) outside IQR fences
3700,2026-09-18 17:31:25.532255,invoice_iqr,1920,208.95,iqr,15.7500,Invoice 1920 (customer 150) outside IQR fences
3701,2026-09-18 17:31:25.532255,invoice_iqr,1921,208.95,iqr,15.7500,Invoice 1921 (customer 150) outside IQR fences
3702,2026-09-18 17:31:25.532255,invoice_iqr,1922,208.95,iqr,15.7500,Invoice 1922 (customer 150) outside IQR fences
3703,2026-09-18 17:31:25.532255,invoice_iqr,1923,208.95,iqr,15.7500,Invoice 1923 (customer 150) outside IQR fences
3704,2026-09-18 17:31:25.532255,invoice_iqr,1924,208.95,iqr,15.7500,Invoice 1924 (customer 150) outside IQR fences
3705,2026-09-18 17:31:25.532255,invoice_iqr,1999,208.95,iqr,15.7500,Invoice 1999 (customer 156) outside IQR fences
3706,2026-09-18 17:31:25.532255,invoice_iqr,2000,208.95,iqr,15.7500,Invoice 2000 (customer 156) outside IQR fences
3707,2026-09-18 17:31:25.532255,invoice_iqr,2001,208.95,iqr,15.7500,Invoice 2001 (customer 156) outside IQR fences
3708,2026-09-18 17:31:25.532255,invoice_iqr,2002,208.95,iqr,15.7500,Invoice 2002 (customer 156) outside IQR fences
3709,2026-09-18 17:31:25.532255,invoice_iqr,2003,208.95,iqr,15.7500,Invoice 2003 (customer 156) outside IQR fences
3710,2026-09-18 17:31:25.532255,invoice_iqr,2004,208.95,iqr,15.7500,Invoice 2004 (customer 156) outside IQR fences
3711,2026-09-18 17:31:25.532255,invoice_iqr,2005,208.95,iqr,15.7500,Invoice 2005 (customer 156) outside IQR fences
3712,2026-09-18 17:31:25.532255,invoice_iqr,2006,208.95,iqr,15.7500,Invoice 2006 (customer 156) outside IQR fences
3713,2026-09-18 17:31:25.532255,invoice_iqr,2007,208.95,iqr,15.7500,Invoice 2007 (customer 156) outside IQR fences
3714,2026-09-18 17:31:25.532255,invoice_iqr,2008,417.90,iqr,224.7000,Invoice 2008 (customer 156) outside IQR fences
3715,2026-09-18 17:31:25.532255,invoice_iqr,2009,208.95,iqr,15.7500,Invoice 2009 (customer 156) outside IQR fences
3716,2026-09-18 17:31:25.532255,invoice_iqr,2010,208.95,iqr,15.7500,Invoice 2010 (customer 156) outside IQR fences
3717,2026-09-18 17:31:25.532255,invoice_iqr,2011,208.95,iqr,15.7500,Invoice 2011 (customer 156) outside IQR fences
3718,2026-09-18 17:31:25.532255,invoice_iqr,2012,208.95,iqr,15.7500,Invoice 2012 (customer 156) outside IQR fences
3719,2026-09-18 17:31:25.532255,invoice_iqr,2013,208.95,iqr,15.7500,Invoice 2013 (customer 156) outside IQR fences
3720,2026-09-18 17:31:25.532255,invoice_iqr,2187,208.95,iqr,15.7500,Invoice 2187 (customer 170) outside IQR fences
3721,2026-09-18 17:31:25.532255,invoice_iqr,2188,208.95,iqr,15.7500,Invoice 2188 (customer 170) outside IQR fences
3722,2026-09-18 17:31:25.532255,invoice_iqr,2189,208.95,iqr,15.7500,Invoice 2189 (customer 170) outside IQR fences
3723,2026-09-18 17:31:25.532255,invoice_iqr,2190,208.95,iqr,15.7500,Invoice 2190 (customer 170) outside IQR fences
3724,2026-09-18 17:31:25.532255,invoice_iqr,2191,208.95,iqr,15.7500,Invoice 2191 (customer 170) outside IQR fences
3725,2026-09-18 17:31:25.532255,invoice_iqr,2192,208.95,iqr,15.7500,Invoice 2192 (customer 170) outside IQR fences
3726,2026-09-18 17:31:25.532255,invoice_iqr,2193,208.95,iqr,15.7500,Invoice 2193 (customer 170) outside IQR fences
3727,2026-09-18 17:31:25.532255,invoice_iqr,2194,208.95,iqr,15.7500,Invoice 2194 (customer 170) outside IQR fences
3728,2026-09-18 17:31:25.532255,invoice_iqr,2195,208.95,iqr,15.7500,Invoice 2195 (customer 170) outside IQR fences
3729,2026-09-18 17:31:25.532255,invoice_iqr,2196,208.95,iqr,15.7500,Invoice 2196 (customer 170) outside IQR fences
3730,2026-09-18 17:31:25.532255,invoice_iqr,2197,208.95,iqr,15.7500,Invoice 2197 (customer 170) outside IQR fences
3731,2026-09-18 17:31:25.532255,invoice_iqr,2198,208.95,iqr,15.7500,Invoice 2198 (customer 170) outside IQR fences
3732,2026-09-18 17:31:25.532255,invoice_iqr,2199,208.95,iqr,15.7500,Invoice 2199 (customer 170) outside IQR fences
3733,2026-09-18 17:31:25.532255,invoice_iqr,2200,208.95,iqr,15.7500,Invoice 2200 (customer 170) outside IQR fences
3734,2026-09-18 17:31:25.532255,invoice_iqr,2201,208.95,iqr,15.7500,Invoice 2201 (customer 170) outside IQR fences
3735,2026-09-18 17:31:25.532255,invoice_iqr,2202,208.95,iqr,15.7500,Invoice 2202 (customer 170) outside IQR fences
3736,2026-09-18 17:31:25.532255,invoice_iqr,2203,208.95,iqr,15.7500,Invoice 2203 (customer 170) outside IQR fences
3737,2026-09-18 17:31:25.532255,invoice_iqr,2665,208.95,iqr,15.7500,Invoice 2665 (customer 199) outside IQR fences
3738,2026-09-18 17:31:25.532255,invoice_iqr,2666,208.95,iqr,15.7500,Invoice 2666 (customer 199) outside IQR fences
3739,2026-09-18 17:31:25.532255,invoice_iqr,2667,208.95,iqr,15.7500,Invoice 2667 (customer 199) outside IQR fences
3740,2026-09-18 17:31:25.532255,invoice_iqr,2668,208.95,iqr,15.7500,Invoice 2668 (customer 199) outside IQR fences
3741,2026-09-18 17:31:25.532255,invoice_iqr,2669,208.95,iqr,15.7500,Invoice 2669 (customer 199) outside IQR fences
3742,2026-09-18 17:31:25.532255,invoice_iqr,2670,208.95,iqr,15.7500,Invoice 2670 (customer 199) outside IQR fences
3743,2026-09-18 17:31:25.532255,invoice_iqr,2671,208.95,iqr,15.7500,Invoice 2671 (customer 199) outside IQR fences
3744,2026-09-18 17:31:25.532255,invoice_iqr,2672,208.95,iqr,15.7500,Invoice 2672 (customer 199) outside IQR fences
3745,2026-09-18 17:31:25.532255,invoice_iqr,2673,208.95,iqr,15.7500,Invoice 2673 (customer 199) outside IQR fences
3746,2026-09-18 17:31:25.532255,invoice_iqr,2674,208.95,iqr,15.7500,Invoice 2674 (customer 199) outside IQR fences
3747,2026-09-18 17:31:25.532255,invoice_iqr,2675,208.95,iqr,15.7500,Invoice 2675 (customer 199) outside IQR fences
3748,2026-09-18 17:31:25.532255,invoice_iqr,2676,208.95,iqr,15.7500,Invoice 2676 (customer 199) outside IQR fences
3749,2026-09-18 17:31:25.532255,invoice_iqr,2677,208.95,iqr,15.7500,Invoice 2677 (customer 199) outside IQR fences
3750,2026-09-18 17:31:25.532255,invoice_iqr,2678,208.95,iqr,15.7500,Invoice 2678 (customer 199) outside IQR fences
3751,2026-09-18 17:31:25.532255,invoice_iqr,2679,208.95,iqr,15.7500,Invoice 2679 (customer 199) outside IQR fences
3752,2026-09-18 17:31:25.532255,invoice_iqr,2681,208.95,iqr,15.7500,Invoice 2681 (customer 199) outside IQR fences
3753,2026-09-18 17:31:25.532255,invoice_iqr,2682,208.95,iqr,15.7500,Invoice 2682 (customer 199) outside IQR fences
3754,2026-09-18 17:31:25.532255,invoice_iqr,2683,208.95,iqr,15.7500,Invoice 2683 (customer 199) outside IQR fences
3755,2026-09-18 17:31:25.532255,invoice_iqr,2684,208.95,iqr,15.7500,Invoice 2684 (customer 199) outside IQR fences
3756,2026-09-18 17:31:25.532255,invoice_iqr,2685,208.95,iqr,15.7500,Invoice 2685 (customer 199) outside IQR fences
3757,2026-09-18 17:31:25.532255,invoice_iqr,2686,208.95,iqr,15.7500,Invoice 2686 (customer 199) outside IQR fences
3758,2026-09-18 17:31:25.532255,invoice_iqr,2779,208.95,iqr,15.7500,Invoice 2779 (customer 208) outside IQR fences
3759,2026-09-18 17:31:25.532255,invoice_iqr,2780,208.95,iqr,15.7500,Invoice 2780 (customer 208) outside IQR fences
3760,2026-09-18 17:31:25.532255,invoice_iqr,2781,208.95,iqr,15.7500,Invoice 2781 (customer 208) outside IQR fences
3761,2026-09-18 17:31:25.532255,invoice_iqr,2782,208.95,iqr,15.7500,Invoice 2782 (customer 208) outside IQR fences
3762,2026-09-18 17:31:25.532255,invoice_iqr,2783,208.95,iqr,15.7500,Invoice 2783 (customer 208) outside IQR fences
3763,2026-09-18 17:31:25.532255,invoice_iqr,2784,208.95,iqr,15.7500,Invoice 2784 (customer 208) outside IQR fences
3764,2026-09-18 17:31:25.532255,invoice_iqr,2785,208.95,iqr,15.7500,Invoice 2785 (customer 208) outside IQR fences
3765,2026-09-18 17:31:25.532255,invoice_iqr,2786,208.95,iqr,15.7500,Invoice 2786 (customer 208) outside IQR fences
3766,2026-09-18 17:31:25.532255,invoice_iqr,2787,208.95,iqr,15.7500,Invoice 2787 (customer 208) outside IQR fences
3767,2026-09-18 17:31:25.532255,invoice_iqr,2788,208.95,iqr,15.7500,Invoice 2788 (customer 208) outside IQR fences
3768,2026-09-18 17:31:25.532255,invoice_iqr,2789,208.95,iqr,15.7500,Invoice 2789 (customer 208) outside IQR fences
3769,2026-09-18 17:31:25.532255,invoice_iqr,2790,208.95,iqr,15.7500,Invoice 2790 (customer 208) outside IQR fences
3770,2026-09-18 17:31:25.532255,invoice_iqr,2791,208.95,iqr,15.7500,Invoice 2791 (customer 208) outside IQR fences
3771,2026-09-18 17:31:25.532255,invoice_iqr,2792,208.95,iqr,15.7500,Invoice 2792 (customer 208) outside IQR fences
3772,2026-09-18 17:31:25.532255,invoice_iqr,2793,208.95,iqr,15.7500,Invoice 2793 (customer 208) outside IQR fences
3773,2026-09-18 17:31:25.532255,invoice_iqr,2794,208.95,iqr,15.7500,Invoice 2794 (customer 208) outside IQR fences
3774,2026-09-18 17:31:25.532255,invoice_iqr,2795,208.95,iqr,15.7500,Invoice 2795 (customer 208) outside IQR fences
3775,2026-09-18 17:31:25.532255,invoice_iqr,2796,208.95,iqr,15.7500,Invoice 2796 (customer 208) outside IQR fences
3776,2026-09-18 17:31:25.532255,invoice_iqr,2797,208.95,iqr,15.7500,Invoice 2797 (customer 208) outside IQR fences
3777,2026-09-18 17:31:25.532255,invoice_iqr,2798,208.95,iqr,15.7500,Invoice 2798 (customer 208) outside IQR fences
3778,2026-09-18 17:31:25.532255,invoice_iqr,3247,208.95,iqr,15.7500,Invoice 3247 (customer 240) outside IQR fences
3779,2026-09-18 17:31:25.532255,invoice_iqr,3248,208.95,iqr,15.7500,Invoice 3248 (customer 240) outside IQR fences
3780,2026-09-18 17:31:25.532255,invoice_iqr,3249,208.95,iqr,15.7500,Invoice 3249 (customer 240) outside IQR fences
3781,2026-09-18 17:31:25.532255,invoice_iqr,3250,208.95,iqr,15.7500,Invoice 3250 (customer 240) outside IQR fences
3782,2026-09-18 17:31:25.532255,invoice_iqr,3251,208.95,iqr,15.7500,Invoice 3251 (customer 240) outside IQR fences
3783,2026-09-18 17:31:25.532255,invoice_iqr,3252,208.95,iqr,15.7500,Invoice 3252 (customer 240) outside IQR fences
3784,2026-09-18 17:31:25.532255,invoice_iqr,3253,208.95,iqr,15.7500,Invoice 3253 (customer 240) outside IQR fences
3785,2026-09-18 17:31:25.532255,invoice_iqr,3254,2004.75,iqr,1811.5500,Invoice 3254 (customer 240) outside IQR fences
3786,2026-09-18 17:31:25.532255,invoice_iqr,3255,208.95,iqr,15.7500,Invoice 3255 (customer 240) outside IQR fences
3787,2026-09-18 17:31:25.532255,invoice_iqr,3256,208.95,iqr,15.7500,Invoice 3256 (customer 240) outside IQR fences
3788,2026-09-18 17:31:25.532255,invoice_iqr,4011,208.95,iqr,15.7500,Invoice 4011 (customer 296) outside IQR fences
3789,2026-09-18 17:31:25.532255,invoice_iqr,4012,208.95,iqr,15.7500,Invoice 4012 (customer 296) outside IQR fences
3790,2026-09-18 17:31:25.532255,invoice_iqr,4013,208.95,iqr,15.7500,Invoice 4013 (customer 296) outside IQR fences
3791,2026-09-18 17:31:25.532255,invoice_iqr,4014,208.95,iqr,15.7500,Invoice 4014 (customer 296) outside IQR fences
3792,2026-09-18 17:31:25.532255,invoice_iqr,4015,208.95,iqr,15.7500,Invoice 4015 (customer 296) outside IQR fences
3793,2026-09-18 17:31:25.532255,invoice_iqr,4016,208.95,iqr,15.7500,Invoice 4016 (customer 296) outside IQR fences
3794,2026-09-18 17:31:25.532255,invoice_iqr,4017,208.95,iqr,15.7500,Invoice 4017 (customer 296) outside IQR fences
3795,2026-09-18 17:31:25.532255,invoice_iqr,4018,208.95,iqr,15.7500,Invoice 4018 (customer 296) outside IQR fences
3796,2026-09-18 17:31:25.532255,invoice_iqr,4019,208.95,iqr,15.7500,Invoice 4019 (customer 296) outside IQR fences
3797,2026-09-18 17:31:25.532255,invoice_iqr,4020,208.95,iqr,15.7500,Invoice 4020 (customer 296) outside IQR fences
3798,2026-09-18 17:31:25.532255,invoice_iqr,4022,208.95,iqr,15.7500,Invoice 4022 (customer 297) outside IQR fences
3799,2026-09-18 17:31:25.532255,invoice_iqr,4023,208.95,iqr,15.7500,Invoice 4023 (customer 297) outside IQR fences
3800,2026-09-18 17:31:25.532255,invoice_iqr,4024,208.95,iqr,15.7500,Invoice 4024 (customer 297) outside IQR fences
3801,2026-09-18 17:31:25.532255,invoice_iqr,4025,208.95,iqr,15.7500,Invoice 4025 (customer 297) outside IQR fences
3802,2026-09-18 17:31:25.532255,invoice_iqr,4026,208.95,iqr,15.7500,Invoice 4026 (customer 297) outside IQR fences
3803,2026-09-18 17:31:25.532255,invoice_iqr,4027,208.95,iqr,15.7500,Invoice 4027 (customer 297) outside IQR fences
3804,2026-09-18 17:31:25.532255,invoice_iqr,4028,208.95,iqr,15.7500,Invoice 4028 (customer 297) outside IQR fences
3805,2026-09-18 17:31:25.532255,invoice_iqr,4029,208.95,iqr,15.7500,Invoice 4029 (customer 297) outside IQR fences
3806,2026-09-18 17:31:25.532255,invoice_iqr,4030,208.95,iqr,15.7500,Invoice 4030 (customer 297) outside IQR fences
3807,2026-09-18 17:31:25.532255,invoice_iqr,4150,242.69,iqr,49.4900,Invoice 4150 (customer 306) outside IQR fences
3808,2026-09-18 17:31:25.532255,invoice_iqr,4376,208.95,iqr,15.7500,Invoice 4376 (customer 321) outside IQR fences
3809,2026-09-18 17:31:25.532255,invoice_iqr,4377,208.95,iqr,15.7500,Invoice 4377 (customer 321) outside IQR fences
3810,2026-09-18 17:31:25.532255,invoice_iqr,4378,208.95,iqr,15.7500,Invoice 4378 (customer 321) outside IQR fences
3811,2026-09-18 17:31:25.532255,invoice_iqr,4379,208.95,iqr,15.7500,Invoice 4379 (customer 321) outside IQR fences
3812,2026-09-18 17:31:25.532255,invoice_iqr,4380,208.95,iqr,15.7500,Invoice 4380 (customer 321) outside IQR fences
3813,2026-09-18 17:31:25.532255,invoice_iqr,4381,208.95,iqr,15.7500,Invoice 4381 (customer 321) outside IQR fences
3814,2026-09-18 17:31:25.532255,invoice_iqr,4382,208.95,iqr,15.7500,Invoice 4382 (customer 321) outside IQR fences
3815,2026-09-18 17:31:25.532255,invoice_iqr,4383,208.95,iqr,15.7500,Invoice 4383 (customer 321) outside IQR fences
3816,2026-09-18 17:31:25.532255,invoice_iqr,4384,208.95,iqr,15.7500,Invoice 4384 (customer 321) outside IQR fences
3817,2026-09-18 17:31:25.532255,invoice_iqr,4385,208.95,iqr,15.7500,Invoice 4385 (customer 321) outside IQR fences
3818,2026-09-18 17:31:25.532255,invoice_iqr,4386,208.95,iqr,15.7500,Invoice 4386 (customer 321) outside IQR fences
3819,2026-09-18 17:31:25.532255,invoice_iqr,4387,208.95,iqr,15.7500,Invoice 4387 (customer 321) outside IQR fences
3820,2026-09-18 17:31:25.532255,invoice_iqr,4388,208.95,iqr,15.7500,Invoice 4388 (customer 321) outside IQR fences
3821,2026-09-18 17:31:25.532255,invoice_iqr,4389,208.95,iqr,15.7500,Invoice 4389 (customer 321) outside IQR fences
3822,2026-09-18 17:31:25.532255,invoice_iqr,4440,208.95,iqr,15.7500,Invoice 4440 (customer 325) outside IQR fences
3823,2026-09-18 17:31:25.532255,invoice_iqr,4441,208.95,iqr,15.7500,Invoice 4441 (customer 325) outside IQR fences
3824,2026-09-18 17:31:25.532255,invoice_iqr,4442,208.95,iqr,15.7500,Invoice 4442 (customer 325) outside IQR fences
3825,2026-09-18 17:31:25.532255,invoice_iqr,4443,208.95,iqr,15.7500,Invoice 4443 (customer 325) outside IQR fences
3826,2026-09-18 17:31:25.532255,invoice_iqr,4444,208.95,iqr,15.7500,Invoice 4444 (customer 325) outside IQR fences
3827,2026-09-18 17:31:25.532255,invoice_iqr,4445,208.95,iqr,15.7500,Invoice 4445 (customer 325) outside IQR fences
3828,2026-09-18 17:31:25.532255,invoice_iqr,4446,208.95,iqr,15.7500,Invoice 4446 (customer 325) outside IQR fences
3829,2026-09-18 17:31:25.532255,invoice_iqr,4447,208.95,iqr,15.7500,Invoice 4447 (customer 325) outside IQR fences
3830,2026-09-18 17:31:25.532255,invoice_iqr,4448,208.95,iqr,15.7500,Invoice 4448 (customer 325) outside IQR fences
3831,2026-09-18 17:31:25.532255,invoice_iqr,4449,208.95,iqr,15.7500,Invoice 4449 (customer 325) outside IQR fences
3832,2026-09-18 17:31:25.532255,invoice_iqr,4450,208.95,iqr,15.7500,Invoice 4450 (customer 325) outside IQR fences
3833,2026-09-18 17:31:25.532255,invoice_iqr,4451,208.95,iqr,15.7500,Invoice 4451 (customer 325) outside IQR fences
3834,2026-09-18 17:31:25.532255,invoice_iqr,4452,208.95,iqr,15.7500,Invoice 4452 (customer 325) outside IQR fences
3835,2026-09-18 17:31:25.532255,invoice_iqr,4453,208.95,iqr,15.7500,Invoice 4453 (customer 325) outside IQR fences
3836,2026-09-18 17:31:25.532255,invoice_iqr,4454,208.95,iqr,15.7500,Invoice 4454 (customer 325) outside IQR fences
3837,2026-09-18 17:31:25.532255,invoice_iqr,4455,208.95,iqr,15.7500,Invoice 4455 (customer 325) outside IQR fences
3838,2026-09-18 17:31:25.532255,invoice_iqr,4476,208.95,iqr,15.7500,Invoice 4476 (customer 328) outside IQR fences
3839,2026-09-18 17:31:25.532255,invoice_iqr,4477,208.95,iqr,15.7500,Invoice 4477 (customer 328) outside IQR fences
3840,2026-09-18 17:31:25.532255,invoice_iqr,4478,208.95,iqr,15.7500,Invoice 4478 (customer 328) outside IQR fences
3841,2026-09-18 17:31:25.532255,invoice_iqr,4479,208.95,iqr,15.7500,Invoice 4479 (customer 328) outside IQR fences
3842,2026-09-18 17:31:25.532255,invoice_iqr,4480,208.95,iqr,15.7500,Invoice 4480 (customer 328) outside IQR fences
3843,2026-09-18 17:31:25.532255,invoice_iqr,4481,208.95,iqr,15.7500,Invoice 4481 (customer 328) outside IQR fences
3844,2026-09-18 17:31:25.532255,invoice_iqr,4482,208.95,iqr,15.7500,Invoice 4482 (customer 328) outside IQR fences
3845,2026-09-18 17:31:25.532255,invoice_iqr,4483,208.95,iqr,15.7500,Invoice 4483 (customer 328) outside IQR fences
3846,2026-09-18 17:31:25.532255,invoice_iqr,4484,208.95,iqr,15.7500,Invoice 4484 (customer 328) outside IQR fences
3847,2026-09-18 17:31:25.532255,invoice_iqr,4485,208.95,iqr,15.7500,Invoice 4485 (customer 328) outside IQR fences
3848,2026-09-18 17:31:25.532255,invoice_iqr,4486,208.95,iqr,15.7500,Invoice 4486 (customer 328) outside IQR fences
3849,2026-09-18 17:31:25.532255,invoice_iqr,4487,208.95,iqr,15.7500,Invoice 4487 (customer 328) outside IQR fences
3850,2026-09-18 17:31:25.532255,invoice_iqr,4488,1956.46,iqr,1763.2600,Invoice 4488 (customer 328) outside IQR fences
3851,2026-09-18 17:31:25.532255,invoice_iqr,4489,208.95,iqr,15.7500,Invoice 4489 (customer 328) outside IQR fences
3852,2026-09-18 17:31:25.532255,invoice_iqr,4490,208.95,iqr,15.7500,Invoice 4490 (customer 328) outside IQR fences
3853,2026-09-18 17:31:25.532255,invoice_iqr,4491,208.95,iqr,15.7500,Invoice 4491 (customer 328) outside IQR fences
3854,2026-09-18 17:31:25.532255,invoice_iqr,4744,208.95,iqr,15.7500,Invoice 4744 (customer 346) outside IQR fences
3855,2026-09-18 17:31:25.532255,invoice_iqr,4745,208.95,iqr,15.7500,Invoice 4745 (customer 346) outside IQR fences
3856,2026-09-18 17:31:25.532255,invoice_iqr,4746,208.95,iqr,15.7500,Invoice 4746 (customer 346) outside IQR fences
3857,2026-09-18 17:31:25.532255,invoice_iqr,4747,208.95,iqr,15.7500,Invoice 4747 (customer 346) outside IQR fences
3858,2026-09-18 17:31:25.532255,invoice_iqr,4748,208.95,iqr,15.7500,Invoice 4748 (customer 346) outside IQR fences
3859,2026-09-18 17:31:25.532255,invoice_iqr,4749,208.95,iqr,15.7500,Invoice 4749 (customer 346) outside IQR fences
3860,2026-09-18 17:31:25.532255,invoice_iqr,4750,208.95,iqr,15.7500,Invoice 4750 (customer 346) outside IQR fences
3861,2026-09-18 17:31:25.532255,invoice_iqr,4751,208.95,iqr,15.7500,Invoice 4751 (customer 346) outside IQR fences
3862,2026-09-18 17:31:25.532255,invoice_iqr,4752,208.95,iqr,15.7500,Invoice 4752 (customer 346) outside IQR fences
3863,2026-09-18 17:31:25.532255,invoice_iqr,4753,208.95,iqr,15.7500,Invoice 4753 (customer 346) outside IQR fences
3864,2026-09-18 17:31:25.532255,invoice_iqr,4754,208.95,iqr,15.7500,Invoice 4754 (customer 346) outside IQR fences
3865,2026-09-18 17:31:25.532255,invoice_iqr,4755,208.95,iqr,15.7500,Invoice 4755 (customer 346) outside IQR fences
3866,2026-09-18 17:31:25.532255,invoice_iqr,4756,208.95,iqr,15.7500,Invoice 4756 (customer 346) outside IQR fences
3867,2026-09-18 17:31:25.532255,invoice_iqr,4757,208.95,iqr,15.7500,Invoice 4757 (customer 346) outside IQR fences
3868,2026-09-18 17:31:25.532255,invoice_iqr,4758,208.95,iqr,15.7500,Invoice 4758 (customer 346) outside IQR fences
3869,2026-09-18 17:31:25.532255,invoice_iqr,4759,208.95,iqr,15.7500,Invoice 4759 (customer 346) outside IQR fences
3870,2026-09-18 17:31:25.532255,invoice_iqr,4760,208.95,iqr,15.7500,Invoice 4760 (customer 346) outside IQR fences
3871,2026-09-18 17:31:25.532255,invoice_iqr,4761,417.90,iqr,224.7000,Invoice 4761 (customer 346) outside IQR fences
3872,2026-09-18 17:31:25.532255,invoice_iqr,4762,208.95,iqr,15.7500,Invoice 4762 (customer 346) outside IQR fences
3873,2026-09-18 17:31:25.532255,invoice_iqr,4763,208.95,iqr,15.7500,Invoice 4763 (customer 346) outside IQR fences
3874,2026-09-18 17:31:25.532255,invoice_iqr,4764,208.95,iqr,15.7500,Invoice 4764 (customer 346) outside IQR fences
3875,2026-09-18 17:31:25.532255,invoice_iqr,4765,208.95,iqr,15.7500,Invoice 4765 (customer 346) outside IQR fences
3876,2026-09-18 17:31:25.532255,invoice_iqr,4766,208.95,iqr,15.7500,Invoice 4766 (customer 346) outside IQR fences
3877,2026-09-18 17:31:25.532255,invoice_iqr,5127,208.95,iqr,15.7500,Invoice 5127 (customer 373) outside IQR fences
3878,2026-09-18 17:31:25.532255,invoice_iqr,5128,208.95,iqr,15.7500,Invoice 5128 (customer 373) outside IQR fences
3879,2026-09-18 17:31:25.532255,invoice_iqr,5129,208.95,iqr,15.7500,Invoice 5129 (customer 373) outside IQR fences
3880,2026-09-18 17:31:25.532255,invoice_iqr,5130,208.95,iqr,15.7500,Invoice 5130 (customer 373) outside IQR fences
3881,2026-09-18 17:31:25.532255,invoice_iqr,5131,208.95,iqr,15.7500,Invoice 5131 (customer 373) outside IQR fences
3882,2026-09-18 17:31:25.532255,invoice_iqr,5132,208.95,iqr,15.7500,Invoice 5132 (customer 374) outside IQR fences
3883,2026-09-18 17:31:25.532255,invoice_iqr,5133,208.95,iqr,15.7500,Invoice 5133 (customer 374) outside IQR fences
3884,2026-09-18 17:31:25.532255,invoice_iqr,5134,208.95,iqr,15.7500,Invoice 5134 (customer 374) outside IQR fences
3885,2026-09-18 17:31:25.532255,invoice_iqr,5135,208.95,iqr,15.7500,Invoice 5135 (customer 374) outside IQR fences
3886,2026-09-18 17:31:25.532255,invoice_iqr,5136,208.95,iqr,15.7500,Invoice 5136 (customer 374) outside IQR fences
3887,2026-09-18 17:31:25.532255,invoice_iqr,5137,208.95,iqr,15.7500,Invoice 5137 (customer 374) outside IQR fences
3888,2026-09-18 17:31:25.532255,invoice_iqr,5138,208.95,iqr,15.7500,Invoice 5138 (customer 374) outside IQR fences
3889,2026-09-18 17:31:25.532255,invoice_iqr,5139,208.95,iqr,15.7500,Invoice 5139 (customer 374) outside IQR fences
3890,2026-09-18 17:31:25.532255,invoice_iqr,5140,208.95,iqr,15.7500,Invoice 5140 (customer 374) outside IQR fences
3891,2026-09-18 17:31:25.532255,invoice_iqr,5141,208.95,iqr,15.7500,Invoice 5141 (customer 374) outside IQR fences
3892,2026-09-18 17:31:25.532255,invoice_iqr,5160,208.95,iqr,15.7500,Invoice 5160 (customer 376) outside IQR fences
3893,2026-09-18 17:31:25.532255,invoice_iqr,5161,208.95,iqr,15.7500,Invoice 5161 (customer 376) outside IQR fences
3894,2026-09-18 17:31:25.532255,invoice_iqr,5162,208.95,iqr,15.7500,Invoice 5162 (customer 376) outside IQR fences
3895,2026-09-18 17:31:25.532255,invoice_iqr,5163,208.95,iqr,15.7500,Invoice 5163 (customer 376) outside IQR fences
3896,2026-09-18 17:31:25.532255,invoice_iqr,5164,208.95,iqr,15.7500,Invoice 5164 (customer 376) outside IQR fences
3897,2026-09-18 17:31:25.532255,invoice_iqr,5165,208.95,iqr,15.7500,Invoice 5165 (customer 376) outside IQR fences
3898,2026-09-18 17:31:25.532255,invoice_iqr,5166,208.95,iqr,15.7500,Invoice 5166 (customer 376) outside IQR fences
3899,2026-09-18 17:31:25.532255,invoice_iqr,5167,208.95,iqr,15.7500,Invoice 5167 (customer 376) outside IQR fences
3900,2026-09-18 17:31:25.532255,invoice_iqr,5168,208.95,iqr,15.7500,Invoice 5168 (customer 376) outside IQR fences
3901,2026-09-18 17:31:25.532255,invoice_iqr,5169,208.95,iqr,15.7500,Invoice 5169 (customer 376) outside IQR fences
3902,2026-09-18 17:31:25.532255,invoice_iqr,5170,208.95,iqr,15.7500,Invoice 5170 (customer 376) outside IQR fences
3903,2026-09-18 17:31:25.532255,invoice_iqr,5171,208.95,iqr,15.7500,Invoice 5171 (customer 376) outside IQR fences
3904,2026-09-18 17:31:25.532255,invoice_iqr,5172,208.95,iqr,15.7500,Invoice 5172 (customer 376) outside IQR fences
3905,2026-09-18 17:31:25.532255,invoice_iqr,5173,208.95,iqr,15.7500,Invoice 5173 (customer 376) outside IQR fences
3906,2026-09-18 17:31:25.532255,invoice_iqr,5174,208.95,iqr,15.7500,Invoice 5174 (customer 376) outside IQR fences
3907,2026-09-18 17:31:25.532255,invoice_iqr,5175,208.95,iqr,15.7500,Invoice 5175 (customer 376) outside IQR fences
3908,2026-09-18 17:31:25.532255,invoice_iqr,5176,208.95,iqr,15.7500,Invoice 5176 (customer 376) outside IQR fences
3909,2026-09-18 17:31:25.532255,invoice_iqr,5510,208.95,iqr,15.7500,Invoice 5510 (customer 402) outside IQR fences
3910,2026-09-18 17:31:25.532255,invoice_iqr,5511,208.95,iqr,15.7500,Invoice 5511 (customer 402) outside IQR fences
3911,2026-09-18 17:31:25.532255,invoice_iqr,5512,208.95,iqr,15.7500,Invoice 5512 (customer 402) outside IQR fences
3912,2026-09-18 17:31:25.532255,invoice_iqr,5513,208.95,iqr,15.7500,Invoice 5513 (customer 402) outside IQR fences
3913,2026-09-18 17:31:25.532255,invoice_iqr,5514,208.95,iqr,15.7500,Invoice 5514 (customer 402) outside IQR fences
3914,2026-09-18 17:31:25.532255,invoice_iqr,5515,208.95,iqr,15.7500,Invoice 5515 (customer 402) outside IQR fences
3915,2026-09-18 17:31:25.532255,invoice_iqr,5516,208.95,iqr,15.7500,Invoice 5516 (customer 402) outside IQR fences
3916,2026-09-18 17:31:25.532255,invoice_iqr,5517,208.95,iqr,15.7500,Invoice 5517 (customer 402) outside IQR fences
3917,2026-09-18 17:31:25.532255,invoice_iqr,5518,208.95,iqr,15.7500,Invoice 5518 (customer 402) outside IQR fences
3918,2026-09-18 17:31:25.532255,invoice_iqr,5519,208.95,iqr,15.7500,Invoice 5519 (customer 402) outside IQR fences
3919,2026-09-18 17:31:25.532255,invoice_iqr,5520,208.95,iqr,15.7500,Invoice 5520 (customer 402) outside IQR fences
3920,2026-09-18 17:31:25.532255,invoice_iqr,5521,208.95,iqr,15.7500,Invoice 5521 (customer 402) outside IQR fences
3921,2026-09-18 17:31:25.532255,invoice_iqr,5522,208.95,iqr,15.7500,Invoice 5522 (customer 402) outside IQR fences
3922,2026-09-18 17:31:25.532255,invoice_iqr,5523,208.95,iqr,15.7500,Invoice 5523 (customer 402) outside IQR fences
3923,2026-09-18 17:31:25.532255,invoice_iqr,5524,208.95,iqr,15.7500,Invoice 5524 (customer 402) outside IQR fences
3924,2026-09-18 17:31:25.532255,invoice_iqr,5525,208.95,iqr,15.7500,Invoice 5525 (customer 402) outside IQR fences
3925,2026-09-18 17:31:25.532255,invoice_iqr,5526,208.95,iqr,15.7500,Invoice 5526 (customer 402) outside IQR fences
3926,2026-09-18 17:31:25.532255,invoice_iqr,5527,208.95,iqr,15.7500,Invoice 5527 (customer 402) outside IQR fences
3927,2026-09-18 17:31:25.532255,invoice_iqr,5528,208.95,iqr,15.7500,Invoice 5528 (customer 402) outside IQR fences
3928,2026-09-18 17:31:25.532255,invoice_iqr,5529,208.95,iqr,15.7500,Invoice 5529 (customer 402) outside IQR fences
3929,2026-09-18 17:31:25.532255,invoice_iqr,5552,208.95,iqr,15.7500,Invoice 5552 (customer 406) outside IQR fences
3930,2026-09-18 17:31:25.532255,invoice_iqr,5553,208.95,iqr,15.7500,Invoice 5553 (customer 406) outside IQR fences
3931,2026-09-18 17:31:25.532255,invoice_iqr,5554,208.95,iqr,15.7500,Invoice 5554 (customer 406) outside IQR fences
3932,2026-09-18 17:31:25.532255,invoice_iqr,5555,208.95,iqr,15.7500,Invoice 5555 (customer 406) outside IQR fences
3933,2026-09-18 17:31:25.532255,invoice_iqr,5556,208.95,iqr,15.7500,Invoice 5556 (customer 406) outside IQR fences
3934,2026-09-18 17:31:25.532255,invoice_iqr,5557,208.95,iqr,15.7500,Invoice 5557 (customer 406) outside IQR fences
3935,2026-09-18 17:31:25.532255,invoice_iqr,5558,208.95,iqr,15.7500,Invoice 5558 (customer 406) outside IQR fences
3936,2026-09-18 17:31:25.532255,invoice_iqr,5559,208.95,iqr,15.7500,Invoice 5559 (customer 406) outside IQR fences
3937,2026-09-18 17:31:25.532255,invoice_iqr,5560,208.95,iqr,15.7500,Invoice 5560 (customer 406) outside IQR fences
3938,2026-09-18 17:31:25.532255,invoice_iqr,5561,208.95,iqr,15.7500,Invoice 5561 (customer 406) outside IQR fences
3939,2026-09-18 17:31:25.532255,invoice_iqr,5562,208.95,iqr,15.7500,Invoice 5562 (customer 406) outside IQR fences
3940,2026-09-18 17:31:25.532255,invoice_iqr,5563,208.95,iqr,15.7500,Invoice 5563 (customer 406) outside IQR fences
3941,2026-09-18 17:31:25.532255,invoice_iqr,5564,208.95,iqr,15.7500,Invoice 5564 (customer 406) outside IQR fences
3942,2026-09-18 17:31:25.532255,invoice_iqr,5565,208.95,iqr,15.7500,Invoice 5565 (customer 406) outside IQR fences
3943,2026-09-18 17:31:25.532255,invoice_iqr,5566,208.95,iqr,15.7500,Invoice 5566 (customer 406) outside IQR fences
3944,2026-09-18 17:31:25.532255,invoice_iqr,5567,208.95,iqr,15.7500,Invoice 5567 (customer 406) outside IQR fences
3945,2026-09-18 17:31:25.532255,invoice_iqr,5568,208.95,iqr,15.7500,Invoice 5568 (customer 406) outside IQR fences
3946,2026-09-18 17:31:25.532255,invoice_iqr,5569,208.95,iqr,15.7500,Invoice 5569 (customer 406) outside IQR fences
3947,2026-09-18 17:31:25.532255,invoice_iqr,5570,208.95,iqr,15.7500,Invoice 5570 (customer 406) outside IQR fences
3948,2026-09-18 17:31:25.532255,invoice_iqr,5571,208.95,iqr,15.7500,Invoice 5571 (customer 406) outside IQR fences
3949,2026-09-18 17:31:25.532255,invoice_iqr,5572,208.95,iqr,15.7500,Invoice 5572 (customer 406) outside IQR fences
3950,2026-09-18 17:31:25.532255,invoice_iqr,5593,620.32,iqr,427.1200,Invoice 5593 (customer 408) outside IQR fences
3951,2026-09-18 17:31:25.532255,invoice_iqr,5662,208.95,iqr,15.7500,Invoice 5662 (customer 413) outside IQR fences
3952,2026-09-18 17:31:25.532255,invoice_iqr,5663,208.95,iqr,15.7500,Invoice 5663 (customer 413) outside IQR fences
3953,2026-09-18 17:31:25.532255,invoice_iqr,5664,208.95,iqr,15.7500,Invoice 5664 (customer 413) outside IQR fences
3954,2026-09-18 17:31:25.532255,invoice_iqr,5665,208.95,iqr,15.7500,Invoice 5665 (customer 413) outside IQR fences
3955,2026-09-18 17:31:25.532255,invoice_iqr,5666,208.95,iqr,15.7500,Invoice 5666 (customer 413) outside IQR fences
3956,2026-09-18 17:31:25.532255,invoice_iqr,5667,208.95,iqr,15.7500,Invoice 5667 (customer 413) outside IQR fences
3957,2026-09-18 17:31:25.532255,invoice_iqr,5668,208.95,iqr,15.7500,Invoice 5668 (customer 413) outside IQR fences
3958,2026-09-18 17:31:25.532255,invoice_iqr,5669,208.95,iqr,15.7500,Invoice 5669 (customer 413) outside IQR fences
3959,2026-09-18 17:31:25.532255,invoice_iqr,5670,208.95,iqr,15.7500,Invoice 5670 (customer 413) outside IQR fences
3960,2026-09-18 17:31:25.532255,invoice_iqr,5847,208.95,iqr,15.7500,Invoice 5847 (customer 426) outside IQR fences
3961,2026-09-18 17:31:25.532255,invoice_iqr,5848,208.95,iqr,15.7500,Invoice 5848 (customer 426) outside IQR fences
3962,2026-09-18 17:31:25.532255,invoice_iqr,5849,208.95,iqr,15.7500,Invoice 5849 (customer 426) outside IQR fences
3963,2026-09-18 17:31:25.532255,invoice_iqr,5850,208.95,iqr,15.7500,Invoice 5850 (customer 426) outside IQR fences
3964,2026-09-18 17:31:25.532255,invoice_iqr,5851,208.95,iqr,15.7500,Invoice 5851 (customer 426) outside IQR fences
3965,2026-09-18 17:31:25.532255,invoice_iqr,5852,208.95,iqr,15.7500,Invoice 5852 (customer 426) outside IQR fences
3966,2026-09-18 17:31:25.532255,invoice_iqr,5853,208.95,iqr,15.7500,Invoice 5853 (customer 426) outside IQR fences
3967,2026-09-18 17:31:25.532255,invoice_iqr,5854,208.95,iqr,15.7500,Invoice 5854 (customer 426) outside IQR fences
3968,2026-09-18 17:31:25.532255,invoice_iqr,5855,208.95,iqr,15.7500,Invoice 5855 (customer 426) outside IQR fences
3969,2026-09-18 17:31:25.532255,invoice_iqr,5880,197.06,iqr,3.8600,Invoice 5880 (customer 428) outside IQR fences
3970,2026-09-18 17:31:25.532255,invoice_iqr,5930,886.43,iqr,693.2300,Invoice 5930 (customer 431) outside IQR fences
3971,2026-09-18 17:31:25.532255,invoice_iqr,5986,208.95,iqr,15.7500,Invoice 5986 (customer 435) outside IQR fences
3972,2026-09-18 17:31:25.532255,invoice_iqr,5987,208.95,iqr,15.7500,Invoice 5987 (customer 435) outside IQR fences
3973,2026-09-18 17:31:25.532255,invoice_iqr,5988,208.95,iqr,15.7500,Invoice 5988 (customer 435) outside IQR fences
3974,2026-09-18 17:31:25.532255,invoice_iqr,5989,208.95,iqr,15.7500,Invoice 5989 (customer 435) outside IQR fences
3975,2026-09-18 17:31:25.532255,invoice_iqr,5990,208.95,iqr,15.7500,Invoice 5990 (customer 435) outside IQR fences
3976,2026-09-18 17:31:25.532255,invoice_iqr,5991,208.95,iqr,15.7500,Invoice 5991 (customer 435) outside IQR fences
3977,2026-09-18 17:31:25.532255,invoice_iqr,5992,208.95,iqr,15.7500,Invoice 5992 (customer 435) outside IQR fences
3978,2026-09-18 17:31:25.532255,invoice_iqr,5993,208.95,iqr,15.7500,Invoice 5993 (customer 435) outside IQR fences
3979,2026-09-18 17:31:25.532255,invoice_iqr,5994,208.95,iqr,15.7500,Invoice 5994 (customer 435) outside IQR fences
3980,2026-09-18 17:31:25.532255,invoice_iqr,5995,208.95,iqr,15.7500,Invoice 5995 (customer 435) outside IQR fences
3981,2026-09-18 17:31:25.532255,invoice_iqr,5996,208.95,iqr,15.7500,Invoice 5996 (customer 435) outside IQR fences
3982,2026-09-18 17:31:25.532255,invoice_iqr,5997,208.95,iqr,15.7500,Invoice 5997 (customer 435) outside IQR fences
3983,2026-09-18 17:31:25.532255,invoice_iqr,5998,208.95,iqr,15.7500,Invoice 5998 (customer 435) outside IQR fences
3984,2026-09-18 17:31:25.532255,invoice_iqr,5999,208.95,iqr,15.7500,Invoice 5999 (customer 435) outside IQR fences
3985,2026-09-18 17:31:25.532255,invoice_iqr,6000,208.95,iqr,15.7500,Invoice 6000 (customer 435) outside IQR fences
3986,2026-09-18 17:31:25.532255,invoice_iqr,6001,208.95,iqr,15.7500,Invoice 6001 (customer 435) outside IQR fences
3987,2026-09-18 17:31:25.532255,invoice_iqr,6002,208.95,iqr,15.7500,Invoice 6002 (customer 435) outside IQR fences
3988,2026-09-18 17:31:25.532255,invoice_iqr,6003,417.90,iqr,224.7000,Invoice 6003 (customer 435) outside IQR fences
3989,2026-09-18 17:31:25.532255,invoice_iqr,6004,208.95,iqr,15.7500,Invoice 6004 (customer 435) outside IQR fences
3990,2026-09-18 17:31:25.532255,invoice_iqr,6005,208.95,iqr,15.7500,Invoice 6005 (customer 435) outside IQR fences
3991,2026-09-18 17:31:25.532255,invoice_iqr,6006,208.95,iqr,15.7500,Invoice 6006 (customer 435) outside IQR fences
3992,2026-09-18 17:31:25.532255,invoice_iqr,6008,208.95,iqr,15.7500,Invoice 6008 (customer 435) outside IQR fences
3993,2026-09-18 17:31:25.532255,invoice_iqr,6496,865.39,iqr,672.1900,Invoice 6496 (customer 473) outside IQR fences
3994,2026-09-18 17:31:25.532255,invoice_iqr,6630,208.95,iqr,15.7500,Invoice 6630 (customer 484) outside IQR fences
3995,2026-09-18 17:31:25.532255,invoice_iqr,6631,208.95,iqr,15.7500,Invoice 6631 (customer 484) outside IQR fences
3996,2026-09-18 17:31:25.532255,invoice_iqr,6632,208.95,iqr,15.7500,Invoice 6632 (customer 484) outside IQR fences
3997,2026-09-18 17:31:25.532255,invoice_iqr,6633,208.95,iqr,15.7500,Invoice 6633 (customer 484) outside IQR fences
3998,2026-09-18 17:31:25.532255,invoice_iqr,6634,208.95,iqr,15.7500,Invoice 6634 (customer 484) outside IQR fences
3999,2026-09-18 17:31:25.532255,invoice_iqr,6635,208.95,iqr,15.7500,Invoice 6635 (customer 484) outside IQR fences
4000,2026-09-18 17:31:25.532255,invoice_iqr,6636,208.95,iqr,15.7500,Invoice 6636 (customer 484) outside IQR fences
4001,2026-09-18 17:31:25.532255,invoice_iqr,6637,208.95,iqr,15.7500,Invoice 6637 (customer 484) outside IQR fences
4002,2026-09-18 17:31:25.532255,invoice_iqr,6638,208.95,iqr,15.7500,Invoice 6638 (customer 484) outside IQR fences
4003,2026-09-18 17:31:25.532255,invoice_iqr,6639,208.95,iqr,15.7500,Invoice 6639 (customer 484) outside IQR fences
4004,2026-09-18 17:31:25.532255,invoice_iqr,6640,208.95,iqr,15.7500,Invoice 6640 (customer 484) outside IQR fences
4005,2026-09-18 17:31:25.532255,invoice_iqr,6641,208.95,iqr,15.7500,Invoice 6641 (customer 484) outside IQR fences
4006,2026-09-18 17:31:25.532255,invoice_iqr,6642,208.95,iqr,15.7500,Invoice 6642 (customer 484) outside IQR fences
4007,2026-09-18 17:31:25.532255,invoice_iqr,6709,208.95,iqr,15.7500,Invoice 6709 (customer 489) outside IQR fences
4008,2026-09-18 17:31:25.532255,invoice_iqr,6710,417.90,iqr,224.7000,Invoice 6710 (customer 489) outside IQR fences
4009,2026-09-18 17:31:25.532255,invoice_iqr,6711,208.95,iqr,15.7500,Invoice 6711 (customer 489) outside IQR fences
4010,2026-09-18 17:31:25.532255,invoice_iqr,6712,208.95,iqr,15.7500,Invoice 6712 (customer 489) outside IQR fences
4011,2026-09-18 17:31:25.532255,invoice_iqr,6713,208.95,iqr,15.7500,Invoice 6713 (customer 489) outside IQR fences
4012,2026-09-18 17:31:25.532255,invoice_iqr,6714,208.95,iqr,15.7500,Invoice 6714 (customer 489) outside IQR fences
4013,2026-09-18 17:31:25.532255,invoice_iqr,6715,208.95,iqr,15.7500,Invoice 6715 (customer 489) outside IQR fences
4014,2026-09-18 17:31:25.532255,invoice_iqr,7076,286.42,iqr,93.2200,Invoice 7076 (customer 518) outside IQR fences
4015,2026-09-18 17:31:25.532255,invoice_iqr,7249,208.95,iqr,15.7500,Invoice 7249 (customer 528) outside IQR fences
4016,2026-09-18 17:31:25.532255,invoice_iqr,7251,208.95,iqr,15.7500,Invoice 7251 (customer 528) outside IQR fences
4017,2026-09-18 17:31:25.532255,invoice_iqr,7252,208.95,iqr,15.7500,Invoice 7252 (customer 528) outside IQR fences
4018,2026-09-18 17:31:25.532255,invoice_iqr,7253,208.95,iqr,15.7500,Invoice 7253 (customer 528) outside IQR fences
4019,2026-09-18 17:31:25.532255,invoice_iqr,7254,208.95,iqr,15.7500,Invoice 7254 (customer 528) outside IQR fences
4020,2026-09-18 17:31:25.532255,invoice_iqr,7255,208.95,iqr,15.7500,Invoice 7255 (customer 528) outside IQR fences
4021,2026-09-18 17:31:25.532255,invoice_iqr,7256,208.95,iqr,15.7500,Invoice 7256 (customer 528) outside IQR fences
4022,2026-09-18 17:31:25.532255,invoice_iqr,7257,208.95,iqr,15.7500,Invoice 7257 (customer 528) outside IQR fences
4023,2026-09-18 17:31:25.532255,invoice_iqr,7258,208.95,iqr,15.7500,Invoice 7258 (customer 528) outside IQR fences
4024,2026-09-18 17:31:25.532255,invoice_iqr,7259,208.95,iqr,15.7500,Invoice 7259 (customer 528) outside IQR fences
4025,2026-09-18 17:31:25.532255,invoice_iqr,7260,208.95,iqr,15.7500,Invoice 7260 (customer 528) outside IQR fences
4026,2026-09-18 17:31:25.532255,invoice_iqr,7261,208.95,iqr,15.7500,Invoice 7261 (customer 528) outside IQR fences
4027,2026-09-18 17:31:25.532255,invoice_iqr,7262,208.95,iqr,15.7500,Invoice 7262 (customer 528) outside IQR fences
4028,2026-09-18 17:31:25.532255,invoice_iqr,7263,208.95,iqr,15.7500,Invoice 7263 (customer 528) outside IQR fences
4029,2026-09-18 17:31:25.532255,invoice_iqr,7452,208.95,iqr,15.7500,Invoice 7452 (customer 541) outside IQR fences
4030,2026-09-18 17:31:25.532255,invoice_iqr,7453,208.95,iqr,15.7500,Invoice 7453 (customer 541) outside IQR fences
4031,2026-09-18 17:31:25.532255,invoice_iqr,7454,208.95,iqr,15.7500,Invoice 7454 (customer 541) outside IQR fences
4032,2026-09-18 17:31:25.532255,invoice_iqr,7455,208.95,iqr,15.7500,Invoice 7455 (customer 541) outside IQR fences
4033,2026-09-18 17:31:25.532255,invoice_iqr,7456,208.95,iqr,15.7500,Invoice 7456 (customer 541) outside IQR fences
4034,2026-09-18 17:31:25.532255,invoice_iqr,7644,208.95,iqr,15.7500,Invoice 7644 (customer 557) outside IQR fences
4035,2026-09-18 17:31:25.532255,invoice_iqr,7645,208.95,iqr,15.7500,Invoice 7645 (customer 557) outside IQR fences
4036,2026-09-18 17:31:25.532255,invoice_iqr,7646,208.95,iqr,15.7500,Invoice 7646 (customer 557) outside IQR fences
4037,2026-09-18 17:31:25.532255,invoice_iqr,7647,208.95,iqr,15.7500,Invoice 7647 (customer 557) outside IQR fences
4038,2026-09-18 17:31:25.532255,invoice_iqr,7648,208.95,iqr,15.7500,Invoice 7648 (customer 557) outside IQR fences
4039,2026-09-18 17:31:25.532255,invoice_iqr,7649,208.95,iqr,15.7500,Invoice 7649 (customer 557) outside IQR fences
4040,2026-09-18 17:31:25.532255,invoice_iqr,7650,208.95,iqr,15.7500,Invoice 7650 (customer 557) outside IQR fences
4041,2026-09-18 17:31:25.532255,invoice_iqr,7870,208.95,iqr,15.7500,Invoice 7870 (customer 573) outside IQR fences
4042,2026-09-18 17:31:25.532255,invoice_iqr,7871,208.95,iqr,15.7500,Invoice 7871 (customer 573) outside IQR fences
4043,2026-09-18 17:31:25.532255,invoice_iqr,7872,208.95,iqr,15.7500,Invoice 7872 (customer 573) outside IQR fences
4044,2026-09-18 17:31:25.532255,invoice_iqr,7873,208.95,iqr,15.7500,Invoice 7873 (customer 573) outside IQR fences
4045,2026-09-18 17:31:25.532255,invoice_iqr,7874,208.95,iqr,15.7500,Invoice 7874 (customer 573) outside IQR fences
4046,2026-09-18 17:31:25.532255,invoice_iqr,7875,208.95,iqr,15.7500,Invoice 7875 (customer 573) outside IQR fences
4047,2026-09-18 17:31:25.532255,invoice_iqr,7876,208.95,iqr,15.7500,Invoice 7876 (customer 573) outside IQR fences
4048,2026-09-18 17:31:25.532255,invoice_iqr,7877,208.95,iqr,15.7500,Invoice 7877 (customer 573) outside IQR fences
4049,2026-09-18 17:31:25.532255,invoice_iqr,7878,208.95,iqr,15.7500,Invoice 7878 (customer 573) outside IQR fences
4050,2026-09-18 17:31:25.532255,invoice_iqr,7879,208.95,iqr,15.7500,Invoice 7879 (customer 573) outside IQR fences
4051,2026-09-18 17:31:25.532255,invoice_iqr,7880,208.95,iqr,15.7500,Invoice 7880 (customer 573) outside IQR fences
4052,2026-09-18 17:31:25.532255,invoice_iqr,7881,208.95,iqr,15.7500,Invoice 7881 (customer 573) outside IQR fences
4053,2026-09-18 17:31:25.532255,invoice_iqr,7882,208.95,iqr,15.7500,Invoice 7882 (customer 573) outside IQR fences
4054,2026-09-18 17:31:25.532255,invoice_iqr,7883,208.95,iqr,15.7500,Invoice 7883 (customer 573) outside IQR fences
4055,2026-09-18 17:31:25.532255,invoice_iqr,7884,208.95,iqr,15.7500,Invoice 7884 (customer 573) outside IQR fences
4056,2026-09-18 17:31:25.532255,invoice_iqr,7885,208.95,iqr,15.7500,Invoice 7885 (customer 573) outside IQR fences
4057,2026-09-18 17:31:25.532255,invoice_iqr,7886,208.95,iqr,15.7500,Invoice 7886 (customer 573) outside IQR fences
4058,2026-09-18 17:31:25.532255,invoice_iqr,7887,208.95,iqr,15.7500,Invoice 7887 (customer 573) outside IQR fences
4059,2026-09-18 17:31:25.532255,invoice_iqr,7888,208.95,iqr,15.7500,Invoice 7888 (customer 573) outside IQR fences
4060,2026-09-18 17:31:25.532255,invoice_iqr,7889,208.95,iqr,15.7500,Invoice 7889 (customer 573) outside IQR fences
4061,2026-09-18 17:31:25.532255,invoice_iqr,7890,208.95,iqr,15.7500,Invoice 7890 (customer 573) outside IQR fences
4062,2026-09-18 17:31:25.532255,invoice_iqr,7891,208.95,iqr,15.7500,Invoice 7891 (customer 573) outside IQR fences
4063,2026-09-18 17:31:25.532255,invoice_iqr,7892,208.95,iqr,15.7500,Invoice 7892 (customer 573) outside IQR fences
4064,2026-09-18 17:31:25.532255,invoice_iqr,7893,208.95,iqr,15.7500,Invoice 7893 (customer 573) outside IQR fences
4065,2026-09-18 17:31:25.532255,invoice_iqr,8000,208.95,iqr,15.7500,Invoice 8000 (customer 581) outside IQR fences
4066,2026-09-18 17:31:25.532255,invoice_iqr,8001,208.95,iqr,15.7500,Invoice 8001 (customer 581) outside IQR fences
4067,2026-09-18 17:31:25.532255,invoice_iqr,8002,208.95,iqr,15.7500,Invoice 8002 (customer 581) outside IQR fences
4068,2026-09-18 17:31:25.532255,invoice_iqr,8003,208.95,iqr,15.7500,Invoice 8003 (customer 581) outside IQR fences
4069,2026-09-18 17:31:25.532255,invoice_iqr,8004,208.95,iqr,15.7500,Invoice 8004 (customer 581) outside IQR fences
4070,2026-09-18 17:31:25.532255,invoice_iqr,8005,208.95,iqr,15.7500,Invoice 8005 (customer 581) outside IQR fences
4071,2026-09-18 17:31:25.532255,invoice_iqr,8006,208.95,iqr,15.7500,Invoice 8006 (customer 581) outside IQR fences
4072,2026-09-18 17:31:25.532255,invoice_iqr,8007,208.95,iqr,15.7500,Invoice 8007 (customer 581) outside IQR fences
4073,2026-09-18 17:31:25.532255,invoice_iqr,8008,208.95,iqr,15.7500,Invoice 8008 (customer 581) outside IQR fences
4074,2026-09-18 17:31:25.532255,invoice_iqr,8009,208.95,iqr,15.7500,Invoice 8009 (customer 581) outside IQR fences
4075,2026-09-18 17:31:25.532255,invoice_iqr,8010,208.95,iqr,15.7500,Invoice 8010 (customer 581) outside IQR fences
4076,2026-09-18 17:31:25.532255,invoice_iqr,8011,208.95,iqr,15.7500,Invoice 8011 (customer 581) outside IQR fences
4077,2026-09-18 17:31:25.532255,invoice_iqr,8012,208.95,iqr,15.7500,Invoice 8012 (customer 581) outside IQR fences
4078,2026-09-18 17:31:25.532255,invoice_iqr,8080,208.95,iqr,15.7500,Invoice 8080 (customer 588) outside IQR fences
4079,2026-09-18 17:31:25.532255,invoice_iqr,8081,208.95,iqr,15.7500,Invoice 8081 (customer 588) outside IQR fences
4080,2026-09-18 17:31:25.532255,invoice_iqr,8082,208.95,iqr,15.7500,Invoice 8082 (customer 588) outside IQR fences
4081,2026-09-18 17:31:25.532255,invoice_iqr,8083,208.95,iqr,15.7500,Invoice 8083 (customer 588) outside IQR fences
4082,2026-09-18 17:31:25.532255,invoice_iqr,8084,208.95,iqr,15.7500,Invoice 8084 (customer 588) outside IQR fences
4083,2026-09-18 17:31:25.532255,invoice_iqr,8085,208.95,iqr,15.7500,Invoice 8085 (customer 588) outside IQR fences
4084,2026-09-18 17:31:25.532255,invoice_iqr,8086,208.95,iqr,15.7500,Invoice 8086 (customer 588) outside IQR fences
4085,2026-09-18 17:31:25.532255,invoice_iqr,8087,208.95,iqr,15.7500,Invoice 8087 (customer 588) outside IQR fences
4086,2026-09-18 17:31:25.532255,invoice_iqr,8088,208.95,iqr,15.7500,Invoice 8088 (customer 588) outside IQR fences
4087,2026-09-18 17:31:25.532255,invoice_iqr,8089,208.95,iqr,15.7500,Invoice 8089 (customer 588) outside IQR fences
4088,2026-09-18 17:31:25.532255,invoice_iqr,8090,208.95,iqr,15.7500,Invoice 8090 (customer 588) outside IQR fences
4089,2026-09-18 17:31:25.532255,invoice_iqr,8091,208.95,iqr,15.7500,Invoice 8091 (customer 588) outside IQR fences
4090,2026-09-18 17:31:25.532255,invoice_iqr,8092,208.95,iqr,15.7500,Invoice 8092 (customer 588) outside IQR fences
4091,2026-09-18 17:31:25.532255,invoice_iqr,8093,208.95,iqr,15.7500,Invoice 8093 (customer 588) outside IQR fences
4092,2026-09-18 17:31:25.532255,invoice_iqr,8094,208.95,iqr,15.7500,Invoice 8094 (customer 588) outside IQR fences
4093,2026-09-18 17:31:25.532255,invoice_iqr,8095,208.95,iqr,15.7500,Invoice 8095 (customer 588) outside IQR fences
4094,2026-09-18 17:31:25.532255,invoice_iqr,8096,208.95,iqr,15.7500,Invoice 8096 (customer 588) outside IQR fences
4095,2026-09-18 17:31:25.532255,invoice_iqr,8097,208.95,iqr,15.7500,Invoice 8097 (customer 588) outside IQR fences
4096,2026-09-18 17:31:25.532255,invoice_iqr,8098,208.95,iqr,15.7500,Invoice 8098 (customer 588) outside IQR fences
4097,2026-09-18 17:31:25.532255,invoice_iqr,8099,208.95,iqr,15.7500,Invoice 8099 (customer 588) outside IQR fences
4098,2026-09-18 17:31:25.532255,invoice_iqr,8100,208.95,iqr,15.7500,Invoice 8100 (customer 588) outside IQR fences
4099,2026-09-18 17:31:25.532255,invoice_iqr,8101,208.95,iqr,15.7500,Invoice 8101 (customer 588) outside IQR fences
4100,2026-09-18 17:31:25.532255,invoice_iqr,8102,208.95,iqr,15.7500,Invoice 8102 (customer 588) outside IQR fences
4101,2026-09-18 17:31:25.532255,invoice_iqr,8103,208.95,iqr,15.7500,Invoice 8103 (customer 588) outside IQR fences
4102,2026-09-18 17:31:25.532255,invoice_iqr,8156,208.95,iqr,15.7500,Invoice 8156 (customer 593) outside IQR fences
4103,2026-09-18 17:31:25.532255,invoice_iqr,8157,208.95,iqr,15.7500,Invoice 8157 (customer 593) outside IQR fences
4104,2026-09-18 17:31:25.532255,invoice_iqr,8158,208.95,iqr,15.7500,Invoice 8158 (customer 593) outside IQR fences
4105,2026-09-18 17:31:25.532255,invoice_iqr,8159,208.95,iqr,15.7500,Invoice 8159 (customer 593) outside IQR fences
4106,2026-09-18 17:31:25.532255,invoice_iqr,8160,208.95,iqr,15.7500,Invoice 8160 (customer 593) outside IQR fences
4107,2026-09-18 17:31:25.532255,invoice_iqr,8161,208.95,iqr,15.7500,Invoice 8161 (customer 593) outside IQR fences
4108,2026-09-18 17:31:25.532255,invoice_iqr,8162,208.95,iqr,15.7500,Invoice 8162 (customer 593) outside IQR fences
4109,2026-09-18 17:31:25.532255,invoice_iqr,8163,208.95,iqr,15.7500,Invoice 8163 (customer 593) outside IQR fences
4110,2026-09-18 17:31:25.532255,invoice_iqr,8164,208.95,iqr,15.7500,Invoice 8164 (customer 593) outside IQR fences
4111,2026-09-18 17:31:25.532255,invoice_iqr,8165,208.95,iqr,15.7500,Invoice 8165 (customer 593) outside IQR fences
4112,2026-09-18 17:31:25.532255,invoice_iqr,8166,208.95,iqr,15.7500,Invoice 8166 (customer 593) outside IQR fences
4113,2026-09-18 17:31:25.532255,invoice_iqr,8167,208.95,iqr,15.7500,Invoice 8167 (customer 593) outside IQR fences
4114,2026-09-18 17:31:25.532255,invoice_iqr,8168,208.86,iqr,15.6600,Invoice 8168 (customer 594) outside IQR fences
4115,2026-09-18 17:31:25.532255,invoice_iqr,8388,208.95,iqr,15.7500,Invoice 8388 (customer 609) outside IQR fences
4116,2026-09-18 17:31:25.532255,invoice_iqr,8389,208.95,iqr,15.7500,Invoice 8389 (customer 609) outside IQR fences
4117,2026-09-18 17:31:25.532255,invoice_iqr,8390,208.95,iqr,15.7500,Invoice 8390 (customer 609) outside IQR fences
4118,2026-09-18 17:31:25.532255,invoice_iqr,8567,208.95,iqr,15.7500,Invoice 8567 (customer 623) outside IQR fences
4119,2026-09-18 17:31:25.532255,invoice_iqr,8569,208.95,iqr,15.7500,Invoice 8569 (customer 623) outside IQR fences
4120,2026-09-18 17:31:25.532255,invoice_iqr,8570,208.95,iqr,15.7500,Invoice 8570 (customer 623) outside IQR fences
4121,2026-09-18 17:31:25.532255,invoice_iqr,8571,208.95,iqr,15.7500,Invoice 8571 (customer 623) outside IQR fences
4122,2026-09-18 17:31:25.532255,invoice_iqr,8572,208.95,iqr,15.7500,Invoice 8572 (customer 623) outside IQR fences
4123,2026-09-18 17:31:25.532255,invoice_iqr,8573,208.95,iqr,15.7500,Invoice 8573 (customer 623) outside IQR fences
4124,2026-09-18 17:31:25.532255,invoice_iqr,8574,208.95,iqr,15.7500,Invoice 8574 (customer 623) outside IQR fences
4125,2026-09-18 17:31:25.532255,invoice_iqr,8575,208.95,iqr,15.7500,Invoice 8575 (customer 623) outside IQR fences
4126,2026-09-18 17:31:25.532255,invoice_iqr,8576,208.95,iqr,15.7500,Invoice 8576 (customer 623) outside IQR fences
4127,2026-09-18 17:31:25.532255,invoice_iqr,8577,208.95,iqr,15.7500,Invoice 8577 (customer 623) outside IQR fences
4128,2026-09-18 17:31:25.532255,invoice_iqr,8579,208.95,iqr,15.7500,Invoice 8579 (customer 623) outside IQR fences
4129,2026-09-18 17:31:25.532255,invoice_iqr,8580,208.95,iqr,15.7500,Invoice 8580 (customer 623) outside IQR fences
4130,2026-09-18 17:31:25.532255,invoice_iqr,8581,208.95,iqr,15.7500,Invoice 8581 (customer 623) outside IQR fences
4131,2026-09-18 17:31:25.532255,invoice_iqr,8906,208.95,iqr,15.7500,Invoice 8906 (customer 650) outside IQR fences
4132,2026-09-18 17:31:25.532255,invoice_iqr,8907,208.95,iqr,15.7500,Invoice 8907 (customer 650) outside IQR fences
4133,2026-09-18 17:31:25.532255,invoice_iqr,8908,208.95,iqr,15.7500,Invoice 8908 (customer 650) outside IQR fences
4134,2026-09-18 17:31:25.532255,invoice_iqr,8909,208.95,iqr,15.7500,Invoice 8909 (customer 650) outside IQR fences
4135,2026-09-18 17:31:25.532255,invoice_iqr,8910,208.95,iqr,15.7500,Invoice 8910 (customer 650) outside IQR fences
4136,2026-09-18 17:31:25.532255,invoice_iqr,8911,208.95,iqr,15.7500,Invoice 8911 (customer 650) outside IQR fences
4137,2026-09-18 17:31:25.532255,invoice_iqr,8912,208.95,iqr,15.7500,Invoice 8912 (customer 650) outside IQR fences
4138,2026-09-18 17:31:25.532255,invoice_iqr,8913,208.95,iqr,15.7500,Invoice 8913 (customer 650) outside IQR fences
4139,2026-09-18 17:31:25.532255,invoice_iqr,9149,208.95,iqr,15.7500,Invoice 9149 (customer 668) outside IQR fences
4140,2026-09-18 17:31:25.532255,invoice_iqr,9151,208.95,iqr,15.7500,Invoice 9151 (customer 668) outside IQR fences
4141,2026-09-18 17:31:25.532255,invoice_iqr,9152,208.95,iqr,15.7500,Invoice 9152 (customer 668) outside IQR fences
4142,2026-09-18 17:31:25.532255,invoice_iqr,9153,417.90,iqr,224.7000,Invoice 9153 (customer 668) outside IQR fences
4143,2026-09-18 17:31:25.532255,invoice_iqr,9154,208.95,iqr,15.7500,Invoice 9154 (customer 668) outside IQR fences
4144,2026-09-18 17:31:25.532255,invoice_iqr,9155,208.95,iqr,15.7500,Invoice 9155 (customer 668) outside IQR fences
4145,2026-09-18 17:31:25.532255,invoice_iqr,9156,208.95,iqr,15.7500,Invoice 9156 (customer 668) outside IQR fences
4146,2026-09-18 17:31:25.532255,invoice_iqr,9157,208.95,iqr,15.7500,Invoice 9157 (customer 668) outside IQR fences
4147,2026-09-18 17:31:25.532255,invoice_iqr,9158,208.95,iqr,15.7500,Invoice 9158 (customer 668) outside IQR fences
4148,2026-09-18 17:31:25.532255,invoice_iqr,9425,208.95,iqr,15.7500,Invoice 9425 (customer 690) outside IQR fences
4149,2026-09-18 17:31:25.532255,invoice_iqr,9426,208.95,iqr,15.7500,Invoice 9426 (customer 690) outside IQR fences
4150,2026-09-18 17:31:25.532255,invoice_iqr,9427,208.95,iqr,15.7500,Invoice 9427 (customer 690) outside IQR fences
4151,2026-09-18 17:31:25.532255,invoice_iqr,9428,208.95,iqr,15.7500,Invoice 9428 (customer 690) outside IQR fences
4152,2026-09-18 17:31:25.532255,invoice_iqr,9429,208.95,iqr,15.7500,Invoice 9429 (customer 690) outside IQR fences
4153,2026-09-18 17:31:25.532255,invoice_iqr,9430,208.95,iqr,15.7500,Invoice 9430 (customer 690) outside IQR fences
4154,2026-09-18 17:31:25.532255,invoice_iqr,9431,208.95,iqr,15.7500,Invoice 9431 (customer 690) outside IQR fences
4155,2026-09-18 17:31:25.532255,invoice_iqr,9432,208.95,iqr,15.7500,Invoice 9432 (customer 690) outside IQR fences
4156,2026-09-18 17:31:25.532255,invoice_iqr,9498,226.29,iqr,33.0900,Invoice 9498 (customer 696) outside IQR fences
4157,2026-09-18 17:31:25.532255,invoice_iqr,9501,208.95,iqr,15.7500,Invoice 9501 (customer 697) outside IQR fences
4158,2026-09-18 17:31:25.532255,invoice_iqr,9502,208.95,iqr,15.7500,Invoice 9502 (customer 697) outside IQR fences
4159,2026-09-18 17:31:25.532255,invoice_iqr,9503,208.95,iqr,15.7500,Invoice 9503 (customer 697) outside IQR fences
4160,2026-09-18 17:31:25.532255,invoice_iqr,9504,208.95,iqr,15.7500,Invoice 9504 (customer 697) outside IQR fences
4161,2026-09-18 17:31:25.532255,invoice_iqr,9505,208.95,iqr,15.7500,Invoice 9505 (customer 697) outside IQR fences
4162,2026-09-18 17:31:25.532255,invoice_iqr,9506,208.95,iqr,15.7500,Invoice 9506 (customer 697) outside IQR fences
4163,2026-09-18 17:31:25.532255,invoice_iqr,9507,208.95,iqr,15.7500,Invoice 9507 (customer 697) outside IQR fences
4164,2026-09-18 17:31:25.532255,invoice_iqr,9508,208.95,iqr,15.7500,Invoice 9508 (customer 697) outside IQR fences
4165,2026-09-18 17:31:25.532255,invoice_iqr,9509,208.95,iqr,15.7500,Invoice 9509 (customer 697) outside IQR fences
4166,2026-09-18 17:31:25.532255,invoice_iqr,9510,208.95,iqr,15.7500,Invoice 9510 (customer 697) outside IQR fences
4167,2026-09-18 17:31:25.532255,invoice_iqr,9511,208.95,iqr,15.7500,Invoice 9511 (customer 697) outside IQR fences
4168,2026-09-18 17:31:25.532255,invoice_iqr,9512,208.95,iqr,15.7500,Invoice 9512 (customer 697) outside IQR fences
4169,2026-09-18 17:31:25.532255,invoice_iqr,9513,208.95,iqr,15.7500,Invoice 9513 (customer 697) outside IQR fences
4170,2026-09-18 17:31:25.532255,invoice_iqr,9514,208.95,iqr,15.7500,Invoice 9514 (customer 697) outside IQR fences
4171,2026-09-18 17:31:25.532255,invoice_iqr,9515,208.95,iqr,15.7500,Invoice 9515 (customer 697) outside IQR fences
4172,2026-09-18 17:31:25.532255,invoice_iqr,9516,208.95,iqr,15.7500,Invoice 9516 (customer 697) outside IQR fences
4173,2026-09-18 17:31:25.532255,invoice_iqr,9517,208.95,iqr,15.7500,Invoice 9517 (customer 697) outside IQR fences
4174,2026-09-18 17:31:25.532255,invoice_iqr,9518,208.95,iqr,15.7500,Invoice 9518 (customer 697) outside IQR fences
4175,2026-09-18 17:31:25.532255,invoice_iqr,9519,208.95,iqr,15.7500,Invoice 9519 (customer 697) outside IQR fences
4176,2026-09-18 17:31:25.532255,invoice_iqr,9520,208.95,iqr,15.7500,Invoice 9520 (customer 697) outside IQR fences
4177,2026-09-18 17:31:25.532255,invoice_iqr,9785,356.27,iqr,163.0700,Invoice 9785 (customer 719) outside IQR fences
4178,2026-09-18 17:31:25.532255,invoice_iqr,9856,208.95,iqr,15.7500,Invoice 9856 (customer 723) outside IQR fences
4179,2026-09-18 17:31:25.532255,invoice_iqr,9857,208.95,iqr,15.7500,Invoice 9857 (customer 723) outside IQR fences
4180,2026-09-18 17:31:25.532255,invoice_iqr,9858,208.95,iqr,15.7500,Invoice 9858 (customer 723) outside IQR fences
4181,2026-09-18 17:31:25.532255,invoice_iqr,9860,208.95,iqr,15.7500,Invoice 9860 (customer 723) outside IQR fences
4182,2026-09-18 17:31:25.532255,invoice_iqr,9861,208.95,iqr,15.7500,Invoice 9861 (customer 723) outside IQR fences
4183,2026-09-18 17:31:25.532255,invoice_iqr,9862,208.95,iqr,15.7500,Invoice 9862 (customer 723) outside IQR fences
4184,2026-09-18 17:31:25.532255,invoice_iqr,9863,208.95,iqr,15.7500,Invoice 9863 (customer 723) outside IQR fences
4185,2026-09-18 17:31:25.532255,invoice_iqr,9864,208.95,iqr,15.7500,Invoice 9864 (customer 723) outside IQR fences
4186,2026-09-18 17:31:25.532255,invoice_iqr,9865,208.95,iqr,15.7500,Invoice 9865 (customer 723) outside IQR fences
4187,2026-09-18 17:31:25.532255,invoice_iqr,9866,208.95,iqr,15.7500,Invoice 9866 (customer 723) outside IQR fences
4188,2026-09-18 17:31:25.532255,invoice_iqr,9867,208.95,iqr,15.7500,Invoice 9867 (customer 723) outside IQR fences
4189,2026-09-18 17:31:25.532255,invoice_iqr,9868,208.95,iqr,15.7500,Invoice 9868 (customer 723) outside IQR fences
4190,2026-09-18 17:31:25.532255,invoice_iqr,9869,208.95,iqr,15.7500,Invoice 9869 (customer 723) outside IQR fences
4191,2026-09-18 17:31:25.532255,invoice_iqr,9870,208.95,iqr,15.7500,Invoice 9870 (customer 723) outside IQR fences
4192,2026-09-18 17:31:25.532255,invoice_iqr,9871,208.95,iqr,15.7500,Invoice 9871 (customer 723) outside IQR fences
4193,2026-09-18 17:31:25.532255,invoice_iqr,9872,208.95,iqr,15.7500,Invoice 9872 (customer 723) outside IQR fences
4194,2026-09-18 17:31:25.532255,invoice_iqr,9993,208.95,iqr,15.7500,Invoice 9993 (customer 733) outside IQR fences
4195,2026-09-18 17:31:25.532255,invoice_iqr,9994,208.95,iqr,15.7500,Invoice 9994 (customer 733) outside IQR fences
4196,2026-09-18 17:31:25.532255,invoice_iqr,9995,208.95,iqr,15.7500,Invoice 9995 (customer 733) outside IQR fences
4197,2026-09-18 17:31:25.532255,invoice_iqr,9996,208.95,iqr,15.7500,Invoice 9996 (customer 733) outside IQR fences
4198,2026-09-18 17:31:25.532255,invoice_iqr,9997,208.95,iqr,15.7500,Invoice 9997 (customer 733) outside IQR fences
4199,2026-09-18 17:31:25.532255,invoice_iqr,9998,208.95,iqr,15.7500,Invoice 9998 (customer 733) outside IQR fences
4200,2026-09-18 17:31:25.532255,invoice_iqr,9999,208.95,iqr,15.7500,Invoice 9999 (customer 733) outside IQR fences
4201,2026-09-18 17:31:25.532255,invoice_iqr,10000,208.95,iqr,15.7500,Invoice 10000 (customer 733) outside IQR fences
4202,2026-09-18 17:31:25.532255,invoice_iqr,10001,417.90,iqr,224.7000,Invoice 10001 (customer 733) outside IQR fences
4203,2026-09-18 17:31:25.532255,invoice_iqr,10002,208.95,iqr,15.7500,Invoice 10002 (customer 733) outside IQR fences
4204,2026-09-18 17:31:25.532255,invoice_iqr,10003,208.95,iqr,15.7500,Invoice 10003 (customer 733) outside IQR fences
4205,2026-09-18 17:31:25.532255,invoice_iqr,10004,208.95,iqr,15.7500,Invoice 10004 (customer 733) outside IQR fences
4206,2026-09-18 17:31:25.532255,invoice_iqr,10005,208.95,iqr,15.7500,Invoice 10005 (customer 733) outside IQR fences
4207,2026-09-18 17:31:25.532255,invoice_iqr,10006,208.95,iqr,15.7500,Invoice 10006 (customer 733) outside IQR fences
4208,2026-09-18 17:31:25.532255,invoice_iqr,10097,208.95,iqr,15.7500,Invoice 10097 (customer 742) outside IQR fences
4209,2026-09-18 17:31:25.532255,invoice_iqr,10098,208.95,iqr,15.7500,Invoice 10098 (customer 742) outside IQR fences
4210,2026-09-18 17:31:25.532255,invoice_iqr,10099,208.95,iqr,15.7500,Invoice 10099 (customer 742) outside IQR fences
4211,2026-09-18 17:31:25.532255,invoice_iqr,10100,208.95,iqr,15.7500,Invoice 10100 (customer 742) outside IQR fences
4212,2026-09-18 17:31:25.532255,invoice_iqr,10101,208.95,iqr,15.7500,Invoice 10101 (customer 742) outside IQR fences
4213,2026-09-18 17:31:25.532255,invoice_iqr,10102,208.95,iqr,15.7500,Invoice 10102 (customer 742) outside IQR fences
4214,2026-09-18 17:31:25.532255,invoice_iqr,10103,208.95,iqr,15.7500,Invoice 10103 (customer 742) outside IQR fences
4215,2026-09-18 17:31:25.532255,invoice_iqr,10104,208.95,iqr,15.7500,Invoice 10104 (customer 742) outside IQR fences
4216,2026-09-18 17:31:25.532255,invoice_iqr,10627,208.95,iqr,15.7500,Invoice 10627 (customer 779) outside IQR fences
4217,2026-09-18 17:31:25.532255,invoice_iqr,10628,208.95,iqr,15.7500,Invoice 10628 (customer 779) outside IQR fences
4218,2026-09-18 17:31:25.532255,invoice_iqr,10629,208.95,iqr,15.7500,Invoice 10629 (customer 779) outside IQR fences
4219,2026-09-18 17:31:25.532255,invoice_iqr,10630,208.95,iqr,15.7500,Invoice 10630 (customer 779) outside IQR fences
4220,2026-09-18 17:31:25.532255,invoice_iqr,10631,208.95,iqr,15.7500,Invoice 10631 (customer 779) outside IQR fences
4221,2026-09-18 17:31:25.532255,invoice_iqr,10632,208.95,iqr,15.7500,Invoice 10632 (customer 779) outside IQR fences
4222,2026-09-18 17:31:25.532255,invoice_iqr,10633,208.95,iqr,15.7500,Invoice 10633 (customer 779) outside IQR fences
4223,2026-09-18 17:31:25.532255,invoice_iqr,10634,208.95,iqr,15.7500,Invoice 10634 (customer 779) outside IQR fences
4224,2026-09-18 17:31:25.532255,invoice_iqr,10635,208.95,iqr,15.7500,Invoice 10635 (customer 779) outside IQR fences
4225,2026-09-18 17:31:25.532255,invoice_iqr,10636,208.95,iqr,15.7500,Invoice 10636 (customer 779) outside IQR fences
4226,2026-09-18 17:31:25.532255,invoice_iqr,10637,208.95,iqr,15.7500,Invoice 10637 (customer 779) outside IQR fences
4227,2026-09-18 17:31:25.532255,invoice_iqr,10638,208.95,iqr,15.7500,Invoice 10638 (customer 779) outside IQR fences
4228,2026-09-18 17:31:25.532255,invoice_iqr,10639,208.95,iqr,15.7500,Invoice 10639 (customer 779) outside IQR fences
4229,2026-09-18 17:31:25.532255,invoice_iqr,10688,208.95,iqr,15.7500,Invoice 10688 (customer 784) outside IQR fences
4230,2026-09-18 17:31:25.532255,invoice_iqr,10689,208.95,iqr,15.7500,Invoice 10689 (customer 784) outside IQR fences
4231,2026-09-18 17:31:25.532255,invoice_iqr,10740,208.95,iqr,15.7500,Invoice 10740 (customer 791) outside IQR fences
4232,2026-09-18 17:31:25.532255,invoice_iqr,10741,208.95,iqr,15.7500,Invoice 10741 (customer 791) outside IQR fences
4233,2026-09-18 17:31:25.532255,invoice_iqr,10742,208.95,iqr,15.7500,Invoice 10742 (customer 791) outside IQR fences
4234,2026-09-18 17:31:25.532255,invoice_iqr,10743,208.95,iqr,15.7500,Invoice 10743 (customer 791) outside IQR fences
4235,2026-09-18 17:31:25.532255,invoice_iqr,10744,208.95,iqr,15.7500,Invoice 10744 (customer 791) outside IQR fences
4236,2026-09-18 17:31:25.532255,invoice_iqr,10745,208.95,iqr,15.7500,Invoice 10745 (customer 791) outside IQR fences
4237,2026-09-18 17:31:25.532255,invoice_iqr,10746,208.95,iqr,15.7500,Invoice 10746 (customer 791) outside IQR fences
4238,2026-09-18 17:31:25.532255,invoice_iqr,10747,208.95,iqr,15.7500,Invoice 10747 (customer 791) outside IQR fences
4239,2026-09-18 17:31:25.532255,invoice_iqr,10748,208.95,iqr,15.7500,Invoice 10748 (customer 791) outside IQR fences
4240,2026-09-18 17:31:25.532255,invoice_iqr,10749,208.95,iqr,15.7500,Invoice 10749 (customer 791) outside IQR fences
4241,2026-09-18 17:31:25.532255,invoice_iqr,10750,208.95,iqr,15.7500,Invoice 10750 (customer 791) outside IQR fences
4242,2026-09-18 17:31:25.532255,invoice_iqr,10751,208.95,iqr,15.7500,Invoice 10751 (customer 791) outside IQR fences
4243,2026-09-18 17:31:25.532255,invoice_iqr,10752,208.95,iqr,15.7500,Invoice 10752 (customer 791) outside IQR fences
4244,2026-09-18 17:31:25.532255,invoice_iqr,10753,208.95,iqr,15.7500,Invoice 10753 (customer 791) outside IQR fences
4245,2026-09-18 17:31:25.532255,invoice_iqr,10754,208.95,iqr,15.7500,Invoice 10754 (customer 791) outside IQR fences
4246,2026-09-18 17:31:25.532255,invoice_iqr,10755,208.95,iqr,15.7500,Invoice 10755 (customer 791) outside IQR fences
4247,2026-09-18 17:31:25.532255,invoice_iqr,10756,208.95,iqr,15.7500,Invoice 10756 (customer 791) outside IQR fences
4248,2026-09-18 17:31:25.532255,invoice_iqr,10757,208.95,iqr,15.7500,Invoice 10757 (customer 791) outside IQR fences
4249,2026-09-18 17:31:25.532255,invoice_iqr,10758,208.95,iqr,15.7500,Invoice 10758 (customer 791) outside IQR fences
4250,2026-09-18 17:31:25.532255,invoice_iqr,10759,208.95,iqr,15.7500,Invoice 10759 (customer 791) outside IQR fences
4251,2026-09-18 17:31:25.532255,invoice_iqr,10784,730.12,iqr,536.9200,Invoice 10784 (customer 793) outside IQR fences
4252,2026-09-18 17:31:25.532255,invoice_iqr,10892,208.95,iqr,15.7500,Invoice 10892 (customer 801) outside IQR fences
4253,2026-09-18 17:31:25.532255,invoice_iqr,10893,208.95,iqr,15.7500,Invoice 10893 (customer 801) outside IQR fences
4254,2026-09-18 17:31:25.532255,invoice_iqr,10894,208.95,iqr,15.7500,Invoice 10894 (customer 801) outside IQR fences
4255,2026-09-18 17:31:25.532255,invoice_iqr,10895,208.95,iqr,15.7500,Invoice 10895 (customer 801) outside IQR fences
4256,2026-09-18 17:31:25.532255,invoice_iqr,10896,208.95,iqr,15.7500,Invoice 10896 (customer 801) outside IQR fences
4257,2026-09-18 17:31:25.532255,invoice_iqr,10897,208.95,iqr,15.7500,Invoice 10897 (customer 801) outside IQR fences
4258,2026-09-18 17:31:25.532255,invoice_iqr,10898,208.95,iqr,15.7500,Invoice 10898 (customer 801) outside IQR fences
4259,2026-09-18 17:31:25.532255,invoice_iqr,10899,208.95,iqr,15.7500,Invoice 10899 (customer 801) outside IQR fences
4260,2026-09-18 17:31:25.532255,invoice_iqr,10900,208.95,iqr,15.7500,Invoice 10900 (customer 801) outside IQR fences
4261,2026-09-18 17:31:25.532255,invoice_iqr,10901,208.95,iqr,15.7500,Invoice 10901 (customer 801) outside IQR fences
4262,2026-09-18 17:31:25.532255,invoice_iqr,10902,208.95,iqr,15.7500,Invoice 10902 (customer 801) outside IQR fences
4263,2026-09-18 17:31:25.532255,invoice_iqr,10974,208.95,iqr,15.7500,Invoice 10974 (customer 807) outside IQR fences
4264,2026-09-18 17:31:25.532255,invoice_iqr,10975,208.95,iqr,15.7500,Invoice 10975 (customer 807) outside IQR fences
4265,2026-09-18 17:31:25.532255,invoice_iqr,10976,208.95,iqr,15.7500,Invoice 10976 (customer 807) outside IQR fences
4266,2026-09-18 17:31:25.532255,invoice_iqr,10977,208.95,iqr,15.7500,Invoice 10977 (customer 807) outside IQR fences
4267,2026-09-18 17:31:25.532255,invoice_iqr,10978,208.95,iqr,15.7500,Invoice 10978 (customer 807) outside IQR fences
4268,2026-09-18 17:31:25.532255,invoice_iqr,10979,208.95,iqr,15.7500,Invoice 10979 (customer 807) outside IQR fences
4269,2026-09-18 17:31:25.532255,invoice_iqr,10980,208.95,iqr,15.7500,Invoice 10980 (customer 807) outside IQR fences
4270,2026-09-18 17:31:25.532255,invoice_iqr,10981,208.95,iqr,15.7500,Invoice 10981 (customer 807) outside IQR fences
4271,2026-09-18 17:31:25.532255,invoice_iqr,10982,208.95,iqr,15.7500,Invoice 10982 (customer 807) outside IQR fences
4272,2026-09-18 17:31:25.532255,invoice_iqr,10983,208.95,iqr,15.7500,Invoice 10983 (customer 807) outside IQR fences
4273,2026-09-18 17:31:25.532255,invoice_iqr,10984,208.95,iqr,15.7500,Invoice 10984 (customer 807) outside IQR fences
4274,2026-09-18 17:31:25.532255,invoice_iqr,10985,208.95,iqr,15.7500,Invoice 10985 (customer 807) outside IQR fences
4275,2026-09-18 17:31:25.532255,invoice_iqr,10986,208.95,iqr,15.7500,Invoice 10986 (customer 807) outside IQR fences
4276,2026-09-18 17:31:25.532255,invoice_iqr,10987,208.95,iqr,15.7500,Invoice 10987 (customer 807) outside IQR fences
4277,2026-09-18 17:31:25.532255,invoice_iqr,10988,208.95,iqr,15.7500,Invoice 10988 (customer 807) outside IQR fences
4278,2026-09-18 17:31:25.532255,invoice_iqr,10989,208.95,iqr,15.7500,Invoice 10989 (customer 807) outside IQR fences
4279,2026-09-18 17:31:25.532255,invoice_iqr,10990,208.95,iqr,15.7500,Invoice 10990 (customer 807) outside IQR fences
4280,2026-09-18 17:31:25.532255,invoice_iqr,10991,208.95,iqr,15.7500,Invoice 10991 (customer 807) outside IQR fences
4281,2026-09-18 17:31:25.532255,invoice_iqr,10992,208.95,iqr,15.7500,Invoice 10992 (customer 807) outside IQR fences
4282,2026-09-18 17:31:25.532255,invoice_iqr,10993,208.95,iqr,15.7500,Invoice 10993 (customer 807) outside IQR fences
4283,2026-09-18 17:31:25.532255,invoice_iqr,10994,208.95,iqr,15.7500,Invoice 10994 (customer 807) outside IQR fences
4284,2026-09-18 17:31:25.532255,invoice_iqr,10995,208.95,iqr,15.7500,Invoice 10995 (customer 807) outside IQR fences
4285,2026-09-18 17:31:25.532255,invoice_iqr,10996,208.95,iqr,15.7500,Invoice 10996 (customer 807) outside IQR fences
4286,2026-09-18 17:31:25.532255,invoice_iqr,11028,208.95,iqr,15.7500,Invoice 11028 (customer 810) outside IQR fences
4287,2026-09-18 17:31:25.532255,invoice_iqr,11029,208.95,iqr,15.7500,Invoice 11029 (customer 810) outside IQR fences
4288,2026-09-18 17:31:25.532255,invoice_iqr,11030,208.95,iqr,15.7500,Invoice 11030 (customer 810) outside IQR fences
4289,2026-09-18 17:31:25.532255,invoice_iqr,11031,208.95,iqr,15.7500,Invoice 11031 (customer 810) outside IQR fences
4290,2026-09-18 17:31:25.532255,invoice_iqr,11032,208.95,iqr,15.7500,Invoice 11032 (customer 810) outside IQR fences
4291,2026-09-18 17:31:25.532255,invoice_iqr,11033,208.95,iqr,15.7500,Invoice 11033 (customer 811) outside IQR fences
4292,2026-09-18 17:31:25.532255,invoice_iqr,11034,208.95,iqr,15.7500,Invoice 11034 (customer 811) outside IQR fences
4293,2026-09-18 17:31:25.532255,invoice_iqr,11035,208.95,iqr,15.7500,Invoice 11035 (customer 811) outside IQR fences
4294,2026-09-18 17:31:25.532255,invoice_iqr,11036,208.95,iqr,15.7500,Invoice 11036 (customer 811) outside IQR fences
4295,2026-09-18 17:31:25.532255,invoice_iqr,11037,208.95,iqr,15.7500,Invoice 11037 (customer 811) outside IQR fences
4296,2026-09-18 17:31:25.532255,invoice_iqr,11038,208.95,iqr,15.7500,Invoice 11038 (customer 811) outside IQR fences
4297,2026-09-18 17:31:25.532255,invoice_iqr,11039,208.95,iqr,15.7500,Invoice 11039 (customer 811) outside IQR fences
4298,2026-09-18 17:31:25.532255,invoice_iqr,11040,208.95,iqr,15.7500,Invoice 11040 (customer 811) outside IQR fences
4299,2026-09-18 17:31:25.532255,invoice_iqr,11041,208.95,iqr,15.7500,Invoice 11041 (customer 811) outside IQR fences
4300,2026-09-18 17:31:25.532255,invoice_iqr,11042,208.95,iqr,15.7500,Invoice 11042 (customer 811) outside IQR fences
4301,2026-09-18 17:31:25.532255,invoice_iqr,11043,208.95,iqr,15.7500,Invoice 11043 (customer 811) outside IQR fences
4302,2026-09-18 17:31:25.532255,invoice_iqr,11044,208.95,iqr,15.7500,Invoice 11044 (customer 811) outside IQR fences
4303,2026-09-18 17:31:25.532255,invoice_iqr,11045,208.95,iqr,15.7500,Invoice 11045 (customer 811) outside IQR fences
4304,2026-09-18 17:31:25.532255,invoice_iqr,11046,208.95,iqr,15.7500,Invoice 11046 (customer 811) outside IQR fences
4305,2026-09-18 17:31:25.532255,invoice_iqr,11047,208.95,iqr,15.7500,Invoice 11047 (customer 811) outside IQR fences
4306,2026-09-18 17:31:25.532255,invoice_iqr,11048,208.95,iqr,15.7500,Invoice 11048 (customer 811) outside IQR fences
4307,2026-09-18 17:31:25.532255,invoice_iqr,11072,208.95,iqr,15.7500,Invoice 11072 (customer 813) outside IQR fences
4308,2026-09-18 17:31:25.532255,invoice_iqr,11073,208.95,iqr,15.7500,Invoice 11073 (customer 813) outside IQR fences
4309,2026-09-18 17:31:25.532255,invoice_iqr,11074,208.95,iqr,15.7500,Invoice 11074 (customer 813) outside IQR fences
4310,2026-09-18 17:31:25.532255,invoice_iqr,11075,208.95,iqr,15.7500,Invoice 11075 (customer 813) outside IQR fences
4311,2026-09-18 17:31:25.532255,invoice_iqr,11076,208.95,iqr,15.7500,Invoice 11076 (customer 813) outside IQR fences
4312,2026-09-18 17:31:25.532255,invoice_iqr,11077,208.95,iqr,15.7500,Invoice 11077 (customer 813) outside IQR fences
4313,2026-09-18 17:31:25.532255,invoice_iqr,11078,208.95,iqr,15.7500,Invoice 11078 (customer 813) outside IQR fences
4314,2026-09-18 17:31:25.532255,invoice_iqr,11079,208.95,iqr,15.7500,Invoice 11079 (customer 813) outside IQR fences
4315,2026-09-18 17:31:25.532255,invoice_iqr,11368,694.44,iqr,501.2400,Invoice 11368 (customer 838) outside IQR fences
4316,2026-09-18 17:31:25.532255,invoice_iqr,11529,208.95,iqr,15.7500,Invoice 11529 (customer 851) outside IQR fences
4317,2026-09-18 17:31:25.532255,invoice_iqr,11530,208.95,iqr,15.7500,Invoice 11530 (customer 851) outside IQR fences
4318,2026-09-18 17:31:25.532255,invoice_iqr,11531,208.95,iqr,15.7500,Invoice 11531 (customer 851) outside IQR fences
4319,2026-09-18 17:31:25.532255,invoice_iqr,11532,208.95,iqr,15.7500,Invoice 11532 (customer 851) outside IQR fences
4320,2026-09-18 17:31:25.532255,invoice_iqr,11533,208.95,iqr,15.7500,Invoice 11533 (customer 851) outside IQR fences
4321,2026-09-18 17:31:25.532255,invoice_iqr,11534,208.95,iqr,15.7500,Invoice 11534 (customer 851) outside IQR fences
4322,2026-09-18 17:31:25.532255,invoice_iqr,11578,208.95,iqr,15.7500,Invoice 11578 (customer 855) outside IQR fences
4323,2026-09-18 17:31:25.532255,invoice_iqr,11579,208.95,iqr,15.7500,Invoice 11579 (customer 855) outside IQR fences
4324,2026-09-18 17:31:25.532255,invoice_iqr,11580,208.95,iqr,15.7500,Invoice 11580 (customer 855) outside IQR fences
4325,2026-09-18 17:31:25.532255,invoice_iqr,11581,208.95,iqr,15.7500,Invoice 11581 (customer 855) outside IQR fences
4326,2026-09-18 17:31:25.532255,invoice_iqr,11582,208.95,iqr,15.7500,Invoice 11582 (customer 855) outside IQR fences
4327,2026-09-18 17:31:25.532255,invoice_iqr,11583,208.95,iqr,15.7500,Invoice 11583 (customer 855) outside IQR fences
4328,2026-09-18 17:31:25.532255,invoice_iqr,11584,208.95,iqr,15.7500,Invoice 11584 (customer 855) outside IQR fences
4329,2026-09-18 17:31:25.532255,invoice_iqr,11585,208.95,iqr,15.7500,Invoice 11585 (customer 855) outside IQR fences
4330,2026-09-18 17:31:25.532255,invoice_iqr,11586,208.95,iqr,15.7500,Invoice 11586 (customer 855) outside IQR fences
4331,2026-09-18 17:31:25.532255,invoice_iqr,11587,208.95,iqr,15.7500,Invoice 11587 (customer 855) outside IQR fences
4332,2026-09-18 17:31:25.532255,invoice_iqr,11588,208.95,iqr,15.7500,Invoice 11588 (customer 855) outside IQR fences
4333,2026-09-18 17:31:25.532255,invoice_iqr,11589,208.95,iqr,15.7500,Invoice 11589 (customer 855) outside IQR fences
4334,2026-09-18 17:31:25.532255,invoice_iqr,11590,208.95,iqr,15.7500,Invoice 11590 (customer 855) outside IQR fences
4335,2026-09-18 17:31:25.532255,invoice_iqr,11591,208.95,iqr,15.7500,Invoice 11591 (customer 855) outside IQR fences
4336,2026-09-18 17:31:25.532255,invoice_iqr,11592,208.95,iqr,15.7500,Invoice 11592 (customer 855) outside IQR fences
4337,2026-09-18 17:31:25.532255,invoice_iqr,11593,208.95,iqr,15.7500,Invoice 11593 (customer 855) outside IQR fences
4338,2026-09-18 17:31:25.532255,invoice_iqr,11594,208.95,iqr,15.7500,Invoice 11594 (customer 855) outside IQR fences
4339,2026-09-18 17:31:25.532255,invoice_iqr,11595,208.95,iqr,15.7500,Invoice 11595 (customer 855) outside IQR fences
4340,2026-09-18 17:31:25.532255,invoice_iqr,11596,208.95,iqr,15.7500,Invoice 11596 (customer 855) outside IQR fences
4341,2026-09-18 17:31:25.532255,invoice_iqr,11619,208.95,iqr,15.7500,Invoice 11619 (customer 858) outside IQR fences
4342,2026-09-18 17:31:25.532255,invoice_iqr,11620,208.95,iqr,15.7500,Invoice 11620 (customer 858) outside IQR fences
4343,2026-09-18 17:31:25.532255,invoice_iqr,11621,208.95,iqr,15.7500,Invoice 11621 (customer 858) outside IQR fences
4344,2026-09-18 17:31:25.532255,invoice_iqr,11622,208.95,iqr,15.7500,Invoice 11622 (customer 858) outside IQR fences
4345,2026-09-18 17:31:25.532255,invoice_iqr,11623,208.95,iqr,15.7500,Invoice 11623 (customer 858) outside IQR fences
4346,2026-09-18 17:31:25.532255,invoice_iqr,11624,208.95,iqr,15.7500,Invoice 11624 (customer 858) outside IQR fences
4347,2026-09-18 17:31:25.532255,invoice_iqr,11627,208.95,iqr,15.7500,Invoice 11627 (customer 859) outside IQR fences
4348,2026-09-18 17:31:25.532255,invoice_iqr,11628,208.95,iqr,15.7500,Invoice 11628 (customer 859) outside IQR fences
4349,2026-09-18 17:31:25.532255,invoice_iqr,11629,208.95,iqr,15.7500,Invoice 11629 (customer 859) outside IQR fences
4350,2026-09-18 17:31:25.532255,invoice_iqr,11630,208.95,iqr,15.7500,Invoice 11630 (customer 859) outside IQR fences
4351,2026-09-18 17:31:25.532255,invoice_iqr,11631,208.95,iqr,15.7500,Invoice 11631 (customer 859) outside IQR fences
4352,2026-09-18 17:31:25.532255,invoice_iqr,11632,208.95,iqr,15.7500,Invoice 11632 (customer 859) outside IQR fences
4353,2026-09-18 17:31:25.532255,invoice_iqr,11633,208.95,iqr,15.7500,Invoice 11633 (customer 859) outside IQR fences
4354,2026-09-18 17:31:25.532255,invoice_iqr,11634,208.95,iqr,15.7500,Invoice 11634 (customer 859) outside IQR fences
4355,2026-09-18 17:31:25.532255,invoice_iqr,11635,208.95,iqr,15.7500,Invoice 11635 (customer 859) outside IQR fences
4356,2026-09-18 17:31:25.532255,invoice_iqr,11824,208.95,iqr,15.7500,Invoice 11824 (customer 874) outside IQR fences
4357,2026-09-18 17:31:25.532255,invoice_iqr,11825,208.95,iqr,15.7500,Invoice 11825 (customer 874) outside IQR fences
4358,2026-09-18 17:31:25.532255,invoice_iqr,11826,208.95,iqr,15.7500,Invoice 11826 (customer 874) outside IQR fences
4359,2026-09-18 17:31:25.532255,invoice_iqr,11827,208.95,iqr,15.7500,Invoice 11827 (customer 874) outside IQR fences
4360,2026-09-18 17:31:25.532255,invoice_iqr,11829,208.95,iqr,15.7500,Invoice 11829 (customer 874) outside IQR fences
4361,2026-09-18 17:31:25.532255,invoice_iqr,11830,208.95,iqr,15.7500,Invoice 11830 (customer 874) outside IQR fences
4362,2026-09-18 17:31:25.532255,invoice_iqr,11900,208.95,iqr,15.7500,Invoice 11900 (customer 880) outside IQR fences
4363,2026-09-18 17:31:25.532255,invoice_iqr,11901,208.95,iqr,15.7500,Invoice 11901 (customer 880) outside IQR fences
4364,2026-09-18 17:31:25.532255,invoice_iqr,11902,208.95,iqr,15.7500,Invoice 11902 (customer 880) outside IQR fences
4365,2026-09-18 17:31:25.532255,invoice_iqr,12164,208.95,iqr,15.7500,Invoice 12164 (customer 903) outside IQR fences
4366,2026-09-18 17:31:25.532255,invoice_iqr,12165,208.95,iqr,15.7500,Invoice 12165 (customer 903) outside IQR fences
4367,2026-09-18 17:31:25.532255,invoice_iqr,12166,208.95,iqr,15.7500,Invoice 12166 (customer 903) outside IQR fences
4368,2026-09-18 17:31:25.532255,invoice_iqr,12167,208.95,iqr,15.7500,Invoice 12167 (customer 903) outside IQR fences
4369,2026-09-18 17:31:25.532255,invoice_iqr,12168,208.95,iqr,15.7500,Invoice 12168 (customer 903) outside IQR fences
4370,2026-09-18 17:31:25.532255,invoice_iqr,12169,208.95,iqr,15.7500,Invoice 12169 (customer 903) outside IQR fences
4371,2026-09-18 17:31:25.532255,invoice_iqr,12170,208.95,iqr,15.7500,Invoice 12170 (customer 903) outside IQR fences
4372,2026-09-18 17:31:25.532255,invoice_iqr,12171,208.95,iqr,15.7500,Invoice 12171 (customer 903) outside IQR fences
4373,2026-09-18 17:31:25.532255,invoice_iqr,12172,208.95,iqr,15.7500,Invoice 12172 (customer 903) outside IQR fences
4374,2026-09-18 17:31:25.532255,invoice_iqr,12173,208.95,iqr,15.7500,Invoice 12173 (customer 903) outside IQR fences
4375,2026-09-18 17:31:25.532255,invoice_iqr,12174,208.95,iqr,15.7500,Invoice 12174 (customer 903) outside IQR fences
4376,2026-09-18 17:31:25.532255,invoice_iqr,12175,208.95,iqr,15.7500,Invoice 12175 (customer 903) outside IQR fences
4377,2026-09-18 17:31:25.532255,invoice_iqr,12176,208.95,iqr,15.7500,Invoice 12176 (customer 903) outside IQR fences
4378,2026-09-18 17:31:25.532255,invoice_iqr,12177,208.95,iqr,15.7500,Invoice 12177 (customer 903) outside IQR fences
4379,2026-09-18 17:31:25.532255,invoice_iqr,12178,208.95,iqr,15.7500,Invoice 12178 (customer 903) outside IQR fences
4380,2026-09-18 17:31:25.532255,invoice_iqr,12179,208.95,iqr,15.7500,Invoice 12179 (customer 903) outside IQR fences
4381,2026-09-18 17:31:25.532255,invoice_iqr,12180,208.95,iqr,15.7500,Invoice 12180 (customer 903) outside IQR fences
4382,2026-09-18 17:31:25.532255,invoice_iqr,12181,208.95,iqr,15.7500,Invoice 12181 (customer 903) outside IQR fences
4383,2026-09-18 17:31:25.532255,invoice_iqr,12182,208.95,iqr,15.7500,Invoice 12182 (customer 903) outside IQR fences
4384,2026-09-18 17:31:25.532255,invoice_iqr,12183,208.95,iqr,15.7500,Invoice 12183 (customer 903) outside IQR fences
4385,2026-09-18 17:31:25.532255,invoice_iqr,12184,208.95,iqr,15.7500,Invoice 12184 (customer 903) outside IQR fences
4386,2026-09-18 17:31:25.532255,invoice_iqr,12185,208.95,iqr,15.7500,Invoice 12185 (customer 903) outside IQR fences
4387,2026-09-18 17:31:25.532255,invoice_iqr,12186,208.95,iqr,15.7500,Invoice 12186 (customer 903) outside IQR fences
4388,2026-09-18 17:31:25.532255,invoice_iqr,12399,208.95,iqr,15.7500,Invoice 12399 (customer 918) outside IQR fences
4389,2026-09-18 17:31:25.532255,invoice_iqr,12400,417.90,iqr,224.7000,Invoice 12400 (customer 918) outside IQR fences
4390,2026-09-18 17:31:25.532255,invoice_iqr,12402,208.95,iqr,15.7500,Invoice 12402 (customer 918) outside IQR fences
4391,2026-09-18 17:31:25.532255,invoice_iqr,12403,208.95,iqr,15.7500,Invoice 12403 (customer 918) outside IQR fences
4392,2026-09-18 17:31:25.532255,invoice_iqr,12404,208.95,iqr,15.7500,Invoice 12404 (customer 918) outside IQR fences
4393,2026-09-18 17:31:25.532255,invoice_iqr,12405,208.95,iqr,15.7500,Invoice 12405 (customer 918) outside IQR fences
4394,2026-09-18 17:31:25.532255,invoice_iqr,12613,208.95,iqr,15.7500,Invoice 12613 (customer 933) outside IQR fences
4395,2026-09-18 17:31:25.532255,invoice_iqr,12614,208.95,iqr,15.7500,Invoice 12614 (customer 933) outside IQR fences
4396,2026-09-18 17:31:25.532255,invoice_iqr,12615,208.95,iqr,15.7500,Invoice 12615 (customer 933) outside IQR fences
4397,2026-09-18 17:31:25.532255,invoice_iqr,12616,208.95,iqr,15.7500,Invoice 12616 (customer 933) outside IQR fences
4398,2026-09-18 17:31:25.532255,invoice_iqr,12617,208.95,iqr,15.7500,Invoice 12617 (customer 933) outside IQR fences
4399,2026-09-18 17:31:25.532255,invoice_iqr,12618,208.95,iqr,15.7500,Invoice 12618 (customer 933) outside IQR fences
4400,2026-09-18 17:31:25.532255,invoice_iqr,12619,208.95,iqr,15.7500,Invoice 12619 (customer 933) outside IQR fences
4401,2026-09-18 17:31:25.532255,invoice_iqr,12620,208.95,iqr,15.7500,Invoice 12620 (customer 933) outside IQR fences
4402,2026-09-18 17:31:25.532255,invoice_iqr,12621,208.95,iqr,15.7500,Invoice 12621 (customer 933) outside IQR fences
4403,2026-09-18 17:31:25.532255,invoice_iqr,12668,208.95,iqr,15.7500,Invoice 12668 (customer 937) outside IQR fences
4404,2026-09-18 17:31:25.532255,invoice_iqr,12669,208.95,iqr,15.7500,Invoice 12669 (customer 937) outside IQR fences
4405,2026-09-18 17:31:25.532255,invoice_iqr,12670,208.95,iqr,15.7500,Invoice 12670 (customer 937) outside IQR fences
4406,2026-09-18 17:31:25.532255,invoice_iqr,12671,208.95,iqr,15.7500,Invoice 12671 (customer 937) outside IQR fences
4407,2026-09-18 17:31:25.532255,invoice_iqr,12672,208.95,iqr,15.7500,Invoice 12672 (customer 937) outside IQR fences
4408,2026-09-18 17:31:25.532255,invoice_iqr,12673,208.95,iqr,15.7500,Invoice 12673 (customer 937) outside IQR fences
4409,2026-09-18 17:31:25.532255,invoice_iqr,12674,208.95,iqr,15.7500,Invoice 12674 (customer 937) outside IQR fences
4410,2026-09-18 17:31:25.532255,invoice_iqr,12675,208.95,iqr,15.7500,Invoice 12675 (customer 937) outside IQR fences
4411,2026-09-18 17:31:25.532255,invoice_iqr,12676,208.95,iqr,15.7500,Invoice 12676 (customer 937) outside IQR fences
4412,2026-09-18 17:31:25.532255,invoice_iqr,12723,208.95,iqr,15.7500,Invoice 12723 (customer 943) outside IQR fences
4413,2026-09-18 17:31:25.532255,invoice_iqr,12724,208.95,iqr,15.7500,Invoice 12724 (customer 943) outside IQR fences
4414,2026-09-18 17:31:25.532255,invoice_iqr,12725,208.95,iqr,15.7500,Invoice 12725 (customer 943) outside IQR fences
4415,2026-09-18 17:31:25.532255,invoice_iqr,12726,208.95,iqr,15.7500,Invoice 12726 (customer 943) outside IQR fences
4416,2026-09-18 17:31:25.532255,invoice_iqr,12727,1777.11,iqr,1583.9100,Invoice 12727 (customer 943) outside IQR fences
4417,2026-09-18 17:31:25.532255,invoice_iqr,12728,208.95,iqr,15.7500,Invoice 12728 (customer 943) outside IQR fences
4418,2026-09-18 17:31:25.532255,invoice_iqr,12729,208.95,iqr,15.7500,Invoice 12729 (customer 943) outside IQR fences
4419,2026-09-18 17:31:25.532255,invoice_iqr,12730,208.95,iqr,15.7500,Invoice 12730 (customer 943) outside IQR fences
4420,2026-09-18 17:31:25.532255,invoice_iqr,12731,208.95,iqr,15.7500,Invoice 12731 (customer 943) outside IQR fences
4421,2026-09-18 17:31:25.532255,invoice_iqr,12732,208.95,iqr,15.7500,Invoice 12732 (customer 943) outside IQR fences
4422,2026-09-18 17:31:25.532255,invoice_iqr,12734,208.95,iqr,15.7500,Invoice 12734 (customer 943) outside IQR fences
4423,2026-09-18 17:31:25.532255,invoice_iqr,12737,208.95,iqr,15.7500,Invoice 12737 (customer 943) outside IQR fences
4424,2026-09-18 17:31:25.532255,invoice_iqr,12738,208.95,iqr,15.7500,Invoice 12738 (customer 943) outside IQR fences
4425,2026-09-18 17:31:25.532255,invoice_iqr,12739,208.95,iqr,15.7500,Invoice 12739 (customer 943) outside IQR fences
4426,2026-09-18 17:31:25.532255,invoice_iqr,12741,208.95,iqr,15.7500,Invoice 12741 (customer 943) outside IQR fences
4427,2026-09-18 17:31:25.532255,invoice_iqr,12742,208.95,iqr,15.7500,Invoice 12742 (customer 943) outside IQR fences
4428,2026-09-18 17:31:25.532255,invoice_iqr,12744,208.95,iqr,15.7500,Invoice 12744 (customer 943) outside IQR fences
4429,2026-09-18 17:31:25.532255,invoice_iqr,12745,208.95,iqr,15.7500,Invoice 12745 (customer 944) outside IQR fences
4430,2026-09-18 17:31:25.532255,invoice_iqr,12746,208.95,iqr,15.7500,Invoice 12746 (customer 944) outside IQR fences
4431,2026-09-18 17:31:25.532255,invoice_iqr,12747,208.95,iqr,15.7500,Invoice 12747 (customer 944) outside IQR fences
4432,2026-09-18 17:31:25.532255,invoice_iqr,12748,208.95,iqr,15.7500,Invoice 12748 (customer 944) outside IQR fences
4433,2026-09-18 17:31:25.532255,invoice_iqr,12749,208.95,iqr,15.7500,Invoice 12749 (customer 944) outside IQR fences
4434,2026-09-18 17:31:25.532255,invoice_iqr,12940,208.95,iqr,15.7500,Invoice 12940 (customer 958) outside IQR fences
4435,2026-09-18 17:31:25.532255,invoice_iqr,12941,208.95,iqr,15.7500,Invoice 12941 (customer 958) outside IQR fences
4436,2026-09-18 17:31:25.532255,invoice_iqr,12942,208.95,iqr,15.7500,Invoice 12942 (customer 958) outside IQR fences
4437,2026-09-18 17:31:25.532255,invoice_iqr,12943,208.95,iqr,15.7500,Invoice 12943 (customer 958) outside IQR fences
4438,2026-09-18 17:31:25.532255,invoice_iqr,12944,208.95,iqr,15.7500,Invoice 12944 (customer 958) outside IQR fences
4439,2026-09-18 17:31:25.532255,invoice_iqr,12946,208.95,iqr,15.7500,Invoice 12946 (customer 958) outside IQR fences
4440,2026-09-18 17:31:25.532255,invoice_iqr,12947,208.95,iqr,15.7500,Invoice 12947 (customer 958) outside IQR fences
4441,2026-09-18 17:31:25.532255,invoice_iqr,12948,208.95,iqr,15.7500,Invoice 12948 (customer 958) outside IQR fences
4442,2026-09-18 17:31:25.532255,invoice_iqr,12949,208.95,iqr,15.7500,Invoice 12949 (customer 958) outside IQR fences
4443,2026-09-18 17:31:25.532255,invoice_iqr,12950,208.95,iqr,15.7500,Invoice 12950 (customer 958) outside IQR fences
4444,2026-09-18 17:31:25.532255,invoice_iqr,12951,208.95,iqr,15.7500,Invoice 12951 (customer 958) outside IQR fences
4445,2026-09-18 17:31:25.532255,invoice_iqr,12952,208.95,iqr,15.7500,Invoice 12952 (customer 958) outside IQR fences
4446,2026-09-18 17:31:25.532255,invoice_iqr,12953,208.95,iqr,15.7500,Invoice 12953 (customer 958) outside IQR fences
4447,2026-09-18 17:31:25.532255,invoice_iqr,13114,208.95,iqr,15.7500,Invoice 13114 (customer 973) outside IQR fences
4448,2026-09-18 17:31:25.532255,invoice_iqr,13115,208.95,iqr,15.7500,Invoice 13115 (customer 973) outside IQR fences
4449,2026-09-18 17:31:25.532255,invoice_iqr,13116,208.95,iqr,15.7500,Invoice 13116 (customer 973) outside IQR fences
4450,2026-09-18 17:31:25.532255,invoice_iqr,13117,208.95,iqr,15.7500,Invoice 13117 (customer 973) outside IQR fences
4451,2026-09-18 17:31:25.532255,invoice_iqr,13118,208.95,iqr,15.7500,Invoice 13118 (customer 973) outside IQR fences
4452,2026-09-18 17:31:25.532255,invoice_iqr,13119,208.95,iqr,15.7500,Invoice 13119 (customer 973) outside IQR fences
4453,2026-09-18 17:31:25.532255,invoice_iqr,13120,208.95,iqr,15.7500,Invoice 13120 (customer 973) outside IQR fences
4454,2026-09-18 17:31:25.532255,invoice_iqr,13121,208.95,iqr,15.7500,Invoice 13121 (customer 973) outside IQR fences
4455,2026-09-18 17:31:25.532255,invoice_iqr,13245,208.95,iqr,15.7500,Invoice 13245 (customer 983) outside IQR fences
4456,2026-09-18 17:31:25.532255,invoice_iqr,13246,208.95,iqr,15.7500,Invoice 13246 (customer 983) outside IQR fences
4457,2026-09-18 17:31:25.532255,invoice_iqr,13247,208.95,iqr,15.7500,Invoice 13247 (customer 983) outside IQR fences
4458,2026-09-18 17:31:25.532255,invoice_iqr,13248,208.95,iqr,15.7500,Invoice 13248 (customer 983) outside IQR fences
4459,2026-09-18 17:31:25.532255,invoice_iqr,13249,208.95,iqr,15.7500,Invoice 13249 (customer 983) outside IQR fences
4460,2026-09-18 17:31:25.532255,invoice_iqr,13250,208.95,iqr,15.7500,Invoice 13250 (customer 983) outside IQR fences
4461,2026-09-18 17:31:25.532255,invoice_iqr,13251,208.95,iqr,15.7500,Invoice 13251 (customer 983) outside IQR fences
4462,2026-09-18 17:31:25.532255,invoice_iqr,13252,208.95,iqr,15.7500,Invoice 13252 (customer 983) outside IQR fences
4463,2026-09-18 17:31:25.532255,invoice_iqr,13253,208.95,iqr,15.7500,Invoice 13253 (customer 983) outside IQR fences
4464,2026-09-18 17:31:25.532255,invoice_iqr,13254,208.95,iqr,15.7500,Invoice 13254 (customer 983) outside IQR fences
4465,2026-09-18 17:31:25.532255,invoice_iqr,13255,208.95,iqr,15.7500,Invoice 13255 (customer 983) outside IQR fences
4466,2026-09-18 17:31:25.532255,invoice_iqr,13256,208.95,iqr,15.7500,Invoice 13256 (customer 983) outside IQR fences
4467,2026-09-18 17:31:25.532255,invoice_iqr,13379,208.95,iqr,15.7500,Invoice 13379 (customer 994) outside IQR fences
4468,2026-09-18 17:31:25.532255,invoice_iqr,13381,208.95,iqr,15.7500,Invoice 13381 (customer 994) outside IQR fences
4469,2026-09-18 17:31:25.532255,invoice_iqr,13382,208.95,iqr,15.7500,Invoice 13382 (customer 994) outside IQR fences
4470,2026-09-18 17:31:25.532255,invoice_iqr,13383,208.95,iqr,15.7500,Invoice 13383 (customer 994) outside IQR fences
4471,2026-09-18 17:31:25.532255,invoice_iqr,13384,208.95,iqr,15.7500,Invoice 13384 (customer 994) outside IQR fences
4472,2026-09-18 17:31:25.532255,invoice_iqr,13385,208.95,iqr,15.7500,Invoice 13385 (customer 994) outside IQR fences
4473,2026-09-18 17:31:25.532255,invoice_iqr,13386,208.95,iqr,15.7500,Invoice 13386 (customer 994) outside IQR fences
4474,2026-09-18 17:31:25.532255,invoice_iqr,13387,208.95,iqr,15.7500,Invoice 13387 (customer 994) outside IQR fences
4475,2026-09-18 17:31:25.532255,invoice_iqr,13388,208.95,iqr,15.7500,Invoice 13388 (customer 994) outside IQR fences
4476,2026-09-18 17:31:25.532255,invoice_iqr,13389,208.95,iqr,15.7500,Invoice 13389 (customer 994) outside IQR fences
4477,2026-09-18 17:31:25.532255,invoice_iqr,13390,208.95,iqr,15.7500,Invoice 13390 (customer 994) outside IQR fences
4478,2026-09-18 17:31:25.532255,invoice_iqr,13391,208.95,iqr,15.7500,Invoice 13391 (customer 994) outside IQR fences
4479,2026-09-18 17:31:25.532255,invoice_iqr,13392,208.95,iqr,15.7500,Invoice 13392 (customer 994) outside IQR fences
4480,2026-09-18 17:31:25.532255,invoice_iqr,13393,208.95,iqr,15.7500,Invoice 13393 (customer 994) outside IQR fences
4481,2026-09-18 17:31:25.532255,invoice_iqr,13394,208.95,iqr,15.7500,Invoice 13394 (customer 994) outside IQR fences
4482,2026-09-18 17:31:25.532255,invoice_iqr,13395,208.95,iqr,15.7500,Invoice 13395 (customer 994) outside IQR fences
4483,2026-09-18 17:31:25.532255,invoice_iqr,13396,208.95,iqr,15.7500,Invoice 13396 (customer 994) outside IQR fences
4484,2026-09-18 17:31:25.532255,invoice_iqr,13397,208.95,iqr,15.7500,Invoice 13397 (customer 994) outside IQR fences
4485,2026-09-18 17:31:25.532255,invoice_iqr,13398,208.95,iqr,15.7500,Invoice 13398 (customer 994) outside IQR fences
4486,2026-09-18 17:31:25.532255,invoice_iqr,13399,208.95,iqr,15.7500,Invoice 13399 (customer 995) outside IQR fences
4487,2026-09-18 17:31:25.532255,invoice_iqr,13400,208.95,iqr,15.7500,Invoice 13400 (customer 995) outside IQR fences
4488,2026-09-18 17:31:25.532255,invoice_iqr,13401,208.95,iqr,15.7500,Invoice 13401 (customer 995) outside IQR fences
4489,2026-09-18 17:31:25.532255,invoice_iqr,13402,208.95,iqr,15.7500,Invoice 13402 (customer 995) outside IQR fences
4490,2026-09-18 17:31:25.532255,invoice_iqr,13403,208.95,iqr,15.7500,Invoice 13403 (customer 995) outside IQR fences
4491,2026-09-18 17:31:25.532255,invoice_iqr,13404,208.95,iqr,15.7500,Invoice 13404 (customer 995) outside IQR fences
4492,2026-09-18 17:31:25.532255,invoice_iqr,13405,208.95,iqr,15.7500,Invoice 13405 (customer 995) outside IQR fences
4493,2026-09-18 17:31:25.532255,invoice_iqr,13406,208.95,iqr,15.7500,Invoice 13406 (customer 995) outside IQR fences
4494,2026-09-18 17:31:25.532255,invoice_iqr,13407,208.95,iqr,15.7500,Invoice 13407 (customer 995) outside IQR fences
4495,2026-09-18 17:31:25.532255,invoice_iqr,13408,208.95,iqr,15.7500,Invoice 13408 (customer 995) outside IQR fences
4496,2026-09-18 17:31:25.532255,invoice_iqr,13409,208.95,iqr,15.7500,Invoice 13409 (customer 995) outside IQR fences
4497,2026-09-18 17:31:25.532255,invoice_iqr,13410,208.95,iqr,15.7500,Invoice 13410 (customer 995) outside IQR fences
4498,2026-09-18 17:31:25.532255,invoice_iqr,13412,208.95,iqr,15.7500,Invoice 13412 (customer 995) outside IQR fences
4499,2026-09-18 17:31:25.532255,invoice_iqr,13413,208.95,iqr,15.7500,Invoice 13413 (customer 995) outside IQR fences
4500,2026-09-18 17:31:25.532255,invoice_iqr,13460,208.95,iqr,15.7500,Invoice 13460 (customer 999) outside IQR fences
4501,2026-09-18 17:31:25.532255,invoice_iqr,13461,208.95,iqr,15.7500,Invoice 13461 (customer 999) outside IQR fences
4502,2026-09-18 17:31:25.532255,invoice_iqr,13462,208.95,iqr,15.7500,Invoice 13462 (customer 999) outside IQR fences
4503,2026-09-18 17:31:25.532255,invoice_iqr,13463,208.95,iqr,15.7500,Invoice 13463 (customer 999) outside IQR fences
4504,2026-09-18 17:31:25.532255,invoice_iqr,13464,208.95,iqr,15.7500,Invoice 13464 (customer 999) outside IQR fences
4505,2026-09-18 17:31:25.532255,invoice_iqr,13465,208.95,iqr,15.7500,Invoice 13465 (customer 999) outside IQR fences
4506,2026-09-18 17:31:25.532255,invoice_iqr,13466,208.95,iqr,15.7500,Invoice 13466 (customer 999) outside IQR fences
4507,2026-09-18 17:31:25.532255,invoice_iqr,13467,208.95,iqr,15.7500,Invoice 13467 (customer 999) outside IQR fences
4508,2026-09-18 17:31:25.532255,invoice_iqr,13468,208.95,iqr,15.7500,Invoice 13468 (customer 999) outside IQR fences
4509,2026-09-18 17:31:25.532255,invoice_iqr,13620,208.95,iqr,15.7500,Invoice 13620 (customer 1011) outside IQR fences
4510,2026-09-18 17:31:25.532255,invoice_iqr,13621,208.95,iqr,15.7500,Invoice 13621 (customer 1011) outside IQR fences
4511,2026-09-18 17:31:25.532255,invoice_iqr,13622,208.95,iqr,15.7500,Invoice 13622 (customer 1011) outside IQR fences
4512,2026-09-18 17:31:25.532255,invoice_iqr,13623,208.95,iqr,15.7500,Invoice 13623 (customer 1011) outside IQR fences
4513,2026-09-18 17:31:25.532255,invoice_iqr,13624,208.95,iqr,15.7500,Invoice 13624 (customer 1011) outside IQR fences
4514,2026-09-18 17:31:25.532255,invoice_iqr,13625,208.95,iqr,15.7500,Invoice 13625 (customer 1011) outside IQR fences
4515,2026-09-18 17:31:25.532255,invoice_iqr,13626,208.95,iqr,15.7500,Invoice 13626 (customer 1011) outside IQR fences
4516,2026-09-18 17:31:25.532255,invoice_iqr,13627,208.95,iqr,15.7500,Invoice 13627 (customer 1011) outside IQR fences
4517,2026-09-18 17:31:25.532255,invoice_iqr,13628,208.95,iqr,15.7500,Invoice 13628 (customer 1011) outside IQR fences
4518,2026-09-18 17:31:25.532255,invoice_iqr,13629,208.95,iqr,15.7500,Invoice 13629 (customer 1011) outside IQR fences
4519,2026-09-18 17:31:25.532255,invoice_iqr,13630,208.95,iqr,15.7500,Invoice 13630 (customer 1011) outside IQR fences
4520,2026-09-18 17:31:25.532255,invoice_iqr,13857,287.02,iqr,93.8200,Invoice 13857 (customer 1027) outside IQR fences
4521,2026-09-18 17:31:25.532255,invoice_iqr,13989,208.95,iqr,15.7500,Invoice 13989 (customer 1036) outside IQR fences
4522,2026-09-18 17:31:25.532255,invoice_iqr,13990,208.95,iqr,15.7500,Invoice 13990 (customer 1036) outside IQR fences
4523,2026-09-18 17:31:25.532255,invoice_iqr,13991,208.95,iqr,15.7500,Invoice 13991 (customer 1036) outside IQR fences
4524,2026-09-18 17:31:25.532255,invoice_iqr,13992,208.95,iqr,15.7500,Invoice 13992 (customer 1036) outside IQR fences
4525,2026-09-18 17:31:25.532255,invoice_iqr,13993,1467.72,iqr,1274.5200,Invoice 13993 (customer 1036) outside IQR fences
4526,2026-09-18 17:31:25.532255,invoice_iqr,13994,208.95,iqr,15.7500,Invoice 13994 (customer 1036) outside IQR fences
4527,2026-09-18 17:31:25.532255,invoice_iqr,14028,208.95,iqr,15.7500,Invoice 14028 (customer 1039) outside IQR fences
4528,2026-09-18 17:31:25.532255,invoice_iqr,14029,208.95,iqr,15.7500,Invoice 14029 (customer 1039) outside IQR fences
4529,2026-09-18 17:31:25.532255,invoice_iqr,14030,208.95,iqr,15.7500,Invoice 14030 (customer 1039) outside IQR fences
4530,2026-09-18 17:31:25.532255,invoice_iqr,14031,208.95,iqr,15.7500,Invoice 14031 (customer 1039) outside IQR fences
4531,2026-09-18 17:31:25.532255,invoice_iqr,14032,208.95,iqr,15.7500,Invoice 14032 (customer 1039) outside IQR fences
4532,2026-09-18 17:31:25.532255,invoice_iqr,14033,208.95,iqr,15.7500,Invoice 14033 (customer 1039) outside IQR fences
4533,2026-09-18 17:31:25.532255,invoice_iqr,14034,208.95,iqr,15.7500,Invoice 14034 (customer 1039) outside IQR fences
4534,2026-09-18 17:31:25.532255,invoice_iqr,14035,208.95,iqr,15.7500,Invoice 14035 (customer 1039) outside IQR fences
4535,2026-09-18 17:31:25.532255,invoice_iqr,14036,208.95,iqr,15.7500,Invoice 14036 (customer 1039) outside IQR fences
4536,2026-09-18 17:31:25.532255,invoice_iqr,14037,208.95,iqr,15.7500,Invoice 14037 (customer 1039) outside IQR fences
4537,2026-09-18 17:31:25.532255,invoice_iqr,14038,208.95,iqr,15.7500,Invoice 14038 (customer 1039) outside IQR fences
4538,2026-09-18 17:31:25.532255,invoice_iqr,14039,208.95,iqr,15.7500,Invoice 14039 (customer 1039) outside IQR fences
4539,2026-09-18 17:31:25.532255,invoice_iqr,14040,208.95,iqr,15.7500,Invoice 14040 (customer 1039) outside IQR fences
4540,2026-09-18 17:31:25.532255,invoice_iqr,14041,208.95,iqr,15.7500,Invoice 14041 (customer 1039) outside IQR fences
4541,2026-09-18 17:31:25.532255,invoice_iqr,14042,208.95,iqr,15.7500,Invoice 14042 (customer 1039) outside IQR fences
4542,2026-09-18 17:31:25.532255,invoice_iqr,14043,208.95,iqr,15.7500,Invoice 14043 (customer 1039) outside IQR fences
4543,2026-09-18 17:31:25.532255,invoice_iqr,14385,208.95,iqr,15.7500,Invoice 14385 (customer 1063) outside IQR fences
4544,2026-09-18 17:31:25.532255,invoice_iqr,14386,208.95,iqr,15.7500,Invoice 14386 (customer 1063) outside IQR fences
4545,2026-09-18 17:31:25.532255,invoice_iqr,14387,208.95,iqr,15.7500,Invoice 14387 (customer 1063) outside IQR fences
4546,2026-09-18 17:31:25.532255,invoice_iqr,14388,208.95,iqr,15.7500,Invoice 14388 (customer 1063) outside IQR fences
4547,2026-09-18 17:31:25.532255,invoice_iqr,14389,208.95,iqr,15.7500,Invoice 14389 (customer 1063) outside IQR fences
4548,2026-09-18 17:31:25.532255,invoice_iqr,14390,208.95,iqr,15.7500,Invoice 14390 (customer 1063) outside IQR fences
4549,2026-09-18 17:31:25.532255,invoice_iqr,14391,208.95,iqr,15.7500,Invoice 14391 (customer 1063) outside IQR fences
4550,2026-09-18 17:31:25.532255,invoice_iqr,14392,208.95,iqr,15.7500,Invoice 14392 (customer 1063) outside IQR fences
4551,2026-09-18 17:31:25.532255,invoice_iqr,14393,208.95,iqr,15.7500,Invoice 14393 (customer 1063) outside IQR fences
4552,2026-09-18 17:31:25.532255,invoice_iqr,14394,208.95,iqr,15.7500,Invoice 14394 (customer 1063) outside IQR fences
4553,2026-09-18 17:31:25.532255,invoice_iqr,14395,208.95,iqr,15.7500,Invoice 14395 (customer 1063) outside IQR fences
4554,2026-09-18 17:31:25.532255,invoice_iqr,14396,208.95,iqr,15.7500,Invoice 14396 (customer 1063) outside IQR fences
4555,2026-09-18 17:31:25.532255,invoice_iqr,14397,208.95,iqr,15.7500,Invoice 14397 (customer 1063) outside IQR fences
4556,2026-09-18 17:31:25.532255,invoice_iqr,14398,208.95,iqr,15.7500,Invoice 14398 (customer 1063) outside IQR fences
4557,2026-09-18 17:31:25.532255,invoice_iqr,14399,208.95,iqr,15.7500,Invoice 14399 (customer 1063) outside IQR fences
4558,2026-09-18 17:31:25.532255,invoice_iqr,14597,208.95,iqr,15.7500,Invoice 14597 (customer 1080) outside IQR fences
4559,2026-09-18 17:31:25.532255,invoice_iqr,14598,208.95,iqr,15.7500,Invoice 14598 (customer 1080) outside IQR fences
4560,2026-09-18 17:31:25.532255,invoice_iqr,14599,208.95,iqr,15.7500,Invoice 14599 (customer 1080) outside IQR fences
4561,2026-09-18 17:31:25.532255,invoice_iqr,14600,208.95,iqr,15.7500,Invoice 14600 (customer 1080) outside IQR fences
4562,2026-09-18 17:31:25.532255,invoice_iqr,14601,208.95,iqr,15.7500,Invoice 14601 (customer 1080) outside IQR fences
4563,2026-09-18 17:31:25.532255,invoice_iqr,14602,208.95,iqr,15.7500,Invoice 14602 (customer 1080) outside IQR fences
4564,2026-09-18 17:31:25.532255,invoice_iqr,14603,208.95,iqr,15.7500,Invoice 14603 (customer 1080) outside IQR fences
4565,2026-09-18 17:31:25.532255,invoice_iqr,14604,208.95,iqr,15.7500,Invoice 14604 (customer 1080) outside IQR fences
4566,2026-09-18 17:31:25.532255,invoice_iqr,14605,208.95,iqr,15.7500,Invoice 14605 (customer 1080) outside IQR fences
4567,2026-09-18 17:31:25.532255,invoice_iqr,14606,208.95,iqr,15.7500,Invoice 14606 (customer 1081) outside IQR fences
4568,2026-09-18 17:31:25.532255,invoice_iqr,14607,208.95,iqr,15.7500,Invoice 14607 (customer 1081) outside IQR fences
4569,2026-09-18 17:31:25.532255,invoice_iqr,14608,208.95,iqr,15.7500,Invoice 14608 (customer 1081) outside IQR fences
4570,2026-09-18 17:31:25.532255,invoice_iqr,14609,208.95,iqr,15.7500,Invoice 14609 (customer 1081) outside IQR fences
4571,2026-09-18 17:31:25.532255,invoice_iqr,14610,208.95,iqr,15.7500,Invoice 14610 (customer 1081) outside IQR fences
4572,2026-09-18 17:31:25.532255,invoice_iqr,14611,208.95,iqr,15.7500,Invoice 14611 (customer 1081) outside IQR fences
4573,2026-09-18 17:31:25.532255,invoice_iqr,14612,417.90,iqr,224.7000,Invoice 14612 (customer 1081) outside IQR fences
4574,2026-09-18 17:31:25.532255,invoice_iqr,14613,208.95,iqr,15.7500,Invoice 14613 (customer 1081) outside IQR fences
4575,2026-09-18 17:31:25.532255,invoice_iqr,14614,208.95,iqr,15.7500,Invoice 14614 (customer 1081) outside IQR fences
4576,2026-09-18 17:31:25.532255,invoice_iqr,14615,208.95,iqr,15.7500,Invoice 14615 (customer 1081) outside IQR fences
4577,2026-09-18 17:31:25.532255,invoice_iqr,14616,208.95,iqr,15.7500,Invoice 14616 (customer 1081) outside IQR fences
4578,2026-09-18 17:31:25.532255,invoice_iqr,14617,208.95,iqr,15.7500,Invoice 14617 (customer 1081) outside IQR fences
4579,2026-09-18 17:31:25.532255,invoice_iqr,14642,208.95,iqr,15.7500,Invoice 14642 (customer 1083) outside IQR fences
4580,2026-09-18 17:31:25.532255,invoice_iqr,14643,208.95,iqr,15.7500,Invoice 14643 (customer 1083) outside IQR fences
4581,2026-09-18 17:31:25.532255,invoice_iqr,14644,1255.48,iqr,1062.2800,Invoice 14644 (customer 1083) outside IQR fences
4582,2026-09-18 17:31:25.532255,invoice_iqr,14645,208.95,iqr,15.7500,Invoice 14645 (customer 1083) outside IQR fences
4583,2026-09-18 17:31:25.532255,invoice_iqr,14646,208.95,iqr,15.7500,Invoice 14646 (customer 1083) outside IQR fences
4584,2026-09-18 17:31:25.532255,invoice_iqr,14773,208.95,iqr,15.7500,Invoice 14773 (customer 1094) outside IQR fences
4585,2026-09-18 17:31:25.532255,invoice_iqr,14774,208.95,iqr,15.7500,Invoice 14774 (customer 1094) outside IQR fences
4586,2026-09-18 17:31:25.532255,invoice_iqr,14775,208.95,iqr,15.7500,Invoice 14775 (customer 1094) outside IQR fences
4587,2026-09-18 17:31:25.532255,invoice_iqr,14776,208.95,iqr,15.7500,Invoice 14776 (customer 1094) outside IQR fences
4588,2026-09-18 17:31:25.532255,invoice_iqr,14777,208.95,iqr,15.7500,Invoice 14777 (customer 1094) outside IQR fences
4589,2026-09-18 17:31:25.532255,invoice_iqr,14778,208.95,iqr,15.7500,Invoice 14778 (customer 1094) outside IQR fences
4590,2026-09-18 17:31:25.532255,invoice_iqr,14779,208.95,iqr,15.7500,Invoice 14779 (customer 1094) outside IQR fences
4591,2026-09-18 17:31:25.532255,invoice_iqr,14780,208.95,iqr,15.7500,Invoice 14780 (customer 1094) outside IQR fences
4592,2026-09-18 17:31:25.532255,invoice_iqr,14781,208.95,iqr,15.7500,Invoice 14781 (customer 1094) outside IQR fences
4593,2026-09-18 17:31:25.532255,invoice_iqr,14782,208.95,iqr,15.7500,Invoice 14782 (customer 1094) outside IQR fences
4594,2026-09-18 17:31:25.532255,invoice_iqr,14783,208.95,iqr,15.7500,Invoice 14783 (customer 1094) outside IQR fences
4595,2026-09-18 17:31:25.532255,invoice_iqr,14784,208.95,iqr,15.7500,Invoice 14784 (customer 1094) outside IQR fences
4596,2026-09-18 17:31:25.532255,invoice_iqr,14785,208.95,iqr,15.7500,Invoice 14785 (customer 1094) outside IQR fences
4597,2026-09-18 17:31:25.532255,invoice_iqr,14786,208.95,iqr,15.7500,Invoice 14786 (customer 1094) outside IQR fences
4598,2026-09-18 17:31:25.532255,invoice_iqr,14787,208.95,iqr,15.7500,Invoice 14787 (customer 1094) outside IQR fences
4599,2026-09-18 17:31:25.532255,invoice_iqr,14788,417.90,iqr,224.7000,Invoice 14788 (customer 1094) outside IQR fences
4600,2026-09-18 17:31:25.532255,invoice_iqr,14789,208.95,iqr,15.7500,Invoice 14789 (customer 1094) outside IQR fences
4601,2026-09-18 17:31:25.532255,invoice_iqr,14790,208.95,iqr,15.7500,Invoice 14790 (customer 1094) outside IQR fences
4602,2026-09-18 17:31:25.532255,invoice_iqr,14791,208.95,iqr,15.7500,Invoice 14791 (customer 1094) outside IQR fences
4603,2026-09-18 17:31:25.532255,invoice_iqr,14792,208.95,iqr,15.7500,Invoice 14792 (customer 1094) outside IQR fences
4604,2026-09-18 17:31:25.532255,invoice_iqr,14793,208.95,iqr,15.7500,Invoice 14793 (customer 1094) outside IQR fences
4605,2026-09-18 17:31:25.532255,invoice_iqr,14844,208.95,iqr,15.7500,Invoice 14844 (customer 1099) outside IQR fences
4606,2026-09-18 17:31:25.532255,invoice_iqr,14845,208.95,iqr,15.7500,Invoice 14845 (customer 1099) outside IQR fences
4607,2026-09-18 17:31:25.532255,invoice_iqr,14846,208.95,iqr,15.7500,Invoice 14846 (customer 1099) outside IQR fences
4608,2026-09-18 17:31:25.532255,invoice_iqr,14847,208.95,iqr,15.7500,Invoice 14847 (customer 1099) outside IQR fences
4609,2026-09-18 17:31:25.532255,invoice_iqr,14848,208.95,iqr,15.7500,Invoice 14848 (customer 1099) outside IQR fences
4610,2026-09-18 17:31:25.532255,invoice_iqr,14849,208.95,iqr,15.7500,Invoice 14849 (customer 1099) outside IQR fences
4611,2026-09-18 17:31:25.532255,invoice_iqr,14850,208.95,iqr,15.7500,Invoice 14850 (customer 1099) outside IQR fences
4612,2026-09-18 17:31:25.532255,invoice_iqr,14851,208.95,iqr,15.7500,Invoice 14851 (customer 1099) outside IQR fences
4613,2026-09-18 17:31:25.532255,invoice_iqr,14852,208.95,iqr,15.7500,Invoice 14852 (customer 1099) outside IQR fences
4614,2026-09-18 17:31:25.532255,invoice_iqr,14853,208.95,iqr,15.7500,Invoice 14853 (customer 1099) outside IQR fences
4615,2026-09-18 17:31:25.532255,invoice_iqr,14855,208.95,iqr,15.7500,Invoice 14855 (customer 1099) outside IQR fences
4616,2026-09-18 17:31:25.532255,invoice_iqr,14856,208.95,iqr,15.7500,Invoice 14856 (customer 1099) outside IQR fences
4617,2026-09-18 17:31:25.532255,invoice_iqr,15152,208.95,iqr,15.7500,Invoice 15152 (customer 1119) outside IQR fences
4618,2026-09-18 17:31:25.532255,invoice_iqr,15153,208.95,iqr,15.7500,Invoice 15153 (customer 1119) outside IQR fences
4619,2026-09-18 17:31:25.532255,invoice_iqr,15154,208.95,iqr,15.7500,Invoice 15154 (customer 1119) outside IQR fences
4620,2026-09-18 17:31:25.532255,invoice_iqr,15155,208.95,iqr,15.7500,Invoice 15155 (customer 1119) outside IQR fences
4621,2026-09-18 17:31:25.532255,invoice_iqr,15156,208.95,iqr,15.7500,Invoice 15156 (customer 1119) outside IQR fences
4622,2026-09-18 17:31:25.532255,invoice_iqr,15157,208.95,iqr,15.7500,Invoice 15157 (customer 1119) outside IQR fences
4623,2026-09-18 17:31:25.532255,invoice_iqr,15158,208.95,iqr,15.7500,Invoice 15158 (customer 1119) outside IQR fences
4624,2026-09-18 17:31:25.532255,invoice_iqr,15159,208.95,iqr,15.7500,Invoice 15159 (customer 1119) outside IQR fences
4625,2026-09-18 17:31:25.532255,invoice_iqr,15160,208.95,iqr,15.7500,Invoice 15160 (customer 1119) outside IQR fences
4626,2026-09-18 17:31:25.532255,invoice_iqr,15161,208.95,iqr,15.7500,Invoice 15161 (customer 1119) outside IQR fences
4627,2026-09-18 17:31:25.532255,invoice_iqr,15162,208.95,iqr,15.7500,Invoice 15162 (customer 1119) outside IQR fences
4628,2026-09-18 17:31:25.532255,invoice_iqr,15163,208.95,iqr,15.7500,Invoice 15163 (customer 1119) outside IQR fences
4629,2026-09-18 17:31:25.532255,invoice_iqr,15164,208.95,iqr,15.7500,Invoice 15164 (customer 1119) outside IQR fences
4630,2026-09-18 17:31:25.532255,invoice_iqr,15165,208.95,iqr,15.7500,Invoice 15165 (customer 1119) outside IQR fences
4631,2026-09-18 17:31:25.532255,invoice_iqr,15166,208.95,iqr,15.7500,Invoice 15166 (customer 1119) outside IQR fences
4632,2026-09-18 17:31:25.532255,invoice_iqr,15167,208.95,iqr,15.7500,Invoice 15167 (customer 1119) outside IQR fences
4633,2026-09-18 17:31:25.532255,invoice_iqr,15168,208.95,iqr,15.7500,Invoice 15168 (customer 1119) outside IQR fences
4634,2026-09-18 17:31:25.532255,invoice_iqr,15169,208.95,iqr,15.7500,Invoice 15169 (customer 1119) outside IQR fences
4635,2026-09-18 17:31:25.532255,invoice_iqr,15170,208.95,iqr,15.7500,Invoice 15170 (customer 1119) outside IQR fences
4636,2026-09-18 17:31:25.532255,invoice_iqr,15171,208.95,iqr,15.7500,Invoice 15171 (customer 1119) outside IQR fences
4637,2026-09-18 17:31:25.532255,invoice_iqr,15172,208.95,iqr,15.7500,Invoice 15172 (customer 1119) outside IQR fences
4638,2026-09-18 17:31:25.532255,invoice_iqr,15173,208.95,iqr,15.7500,Invoice 15173 (customer 1119) outside IQR fences
4639,2026-09-18 17:31:25.532255,invoice_iqr,15174,208.95,iqr,15.7500,Invoice 15174 (customer 1119) outside IQR fences
4640,2026-09-18 17:31:25.532255,invoice_iqr,15175,208.95,iqr,15.7500,Invoice 15175 (customer 1119) outside IQR fences
4641,2026-09-18 17:31:25.532255,invoice_iqr,15420,208.95,iqr,15.7500,Invoice 15420 (customer 1135) outside IQR fences
4642,2026-09-18 17:31:25.532255,invoice_iqr,15421,208.95,iqr,15.7500,Invoice 15421 (customer 1135) outside IQR fences
4643,2026-09-18 17:31:25.532255,invoice_iqr,15422,208.95,iqr,15.7500,Invoice 15422 (customer 1135) outside IQR fences
4644,2026-09-18 17:31:25.532255,invoice_iqr,15423,208.95,iqr,15.7500,Invoice 15423 (customer 1135) outside IQR fences
4645,2026-09-18 17:31:25.532255,invoice_iqr,15424,208.95,iqr,15.7500,Invoice 15424 (customer 1135) outside IQR fences
4646,2026-09-18 17:31:25.532255,invoice_iqr,15425,208.95,iqr,15.7500,Invoice 15425 (customer 1135) outside IQR fences
4647,2026-09-18 17:31:25.532255,invoice_iqr,15426,208.95,iqr,15.7500,Invoice 15426 (customer 1135) outside IQR fences
4648,2026-09-18 17:31:25.532255,invoice_iqr,15427,208.95,iqr,15.7500,Invoice 15427 (customer 1135) outside IQR fences
4649,2026-09-18 17:31:25.532255,invoice_iqr,15428,208.95,iqr,15.7500,Invoice 15428 (customer 1135) outside IQR fences
4650,2026-09-18 17:31:25.532255,invoice_iqr,15429,208.95,iqr,15.7500,Invoice 15429 (customer 1135) outside IQR fences
4651,2026-09-18 17:31:25.532255,invoice_iqr,15430,208.95,iqr,15.7500,Invoice 15430 (customer 1135) outside IQR fences
4652,2026-09-18 17:31:25.532255,invoice_iqr,15431,208.95,iqr,15.7500,Invoice 15431 (customer 1135) outside IQR fences
4653,2026-09-18 17:31:25.532255,invoice_iqr,15432,208.95,iqr,15.7500,Invoice 15432 (customer 1135) outside IQR fences
4654,2026-09-18 17:31:25.532255,invoice_iqr,15433,208.95,iqr,15.7500,Invoice 15433 (customer 1135) outside IQR fences
4655,2026-09-18 17:31:25.532255,invoice_iqr,15434,208.95,iqr,15.7500,Invoice 15434 (customer 1135) outside IQR fences
4656,2026-09-18 17:31:25.532255,invoice_iqr,15435,208.95,iqr,15.7500,Invoice 15435 (customer 1135) outside IQR fences
4657,2026-09-18 17:31:25.532255,invoice_iqr,15686,208.95,iqr,15.7500,Invoice 15686 (customer 1154) outside IQR fences
4658,2026-09-18 17:31:25.532255,invoice_iqr,15687,208.95,iqr,15.7500,Invoice 15687 (customer 1154) outside IQR fences
4659,2026-09-18 17:31:25.532255,invoice_iqr,15688,208.95,iqr,15.7500,Invoice 15688 (customer 1154) outside IQR fences
4660,2026-09-18 17:31:25.532255,invoice_iqr,15689,208.95,iqr,15.7500,Invoice 15689 (customer 1154) outside IQR fences
4661,2026-09-18 17:31:25.532255,invoice_iqr,15690,208.95,iqr,15.7500,Invoice 15690 (customer 1154) outside IQR fences
4662,2026-09-18 17:31:25.532255,invoice_iqr,15691,208.95,iqr,15.7500,Invoice 15691 (customer 1154) outside IQR fences
4663,2026-09-18 17:31:25.532255,invoice_iqr,15692,208.95,iqr,15.7500,Invoice 15692 (customer 1154) outside IQR fences
4664,2026-09-18 17:31:25.532255,invoice_iqr,15693,208.95,iqr,15.7500,Invoice 15693 (customer 1154) outside IQR fences
4665,2026-09-18 17:31:25.532255,invoice_iqr,15694,208.95,iqr,15.7500,Invoice 15694 (customer 1154) outside IQR fences
4666,2026-09-18 17:31:25.532255,invoice_iqr,15695,208.95,iqr,15.7500,Invoice 15695 (customer 1154) outside IQR fences
4667,2026-09-18 17:31:25.532255,invoice_iqr,15696,208.95,iqr,15.7500,Invoice 15696 (customer 1154) outside IQR fences
4668,2026-09-18 17:31:25.532255,invoice_iqr,15796,208.95,iqr,15.7500,Invoice 15796 (customer 1163) outside IQR fences
4669,2026-09-18 17:31:25.532255,invoice_iqr,15797,208.95,iqr,15.7500,Invoice 15797 (customer 1163) outside IQR fences
4670,2026-09-18 17:31:25.532255,invoice_iqr,15798,208.95,iqr,15.7500,Invoice 15798 (customer 1163) outside IQR fences
4671,2026-09-18 17:31:25.532255,invoice_iqr,15799,208.95,iqr,15.7500,Invoice 15799 (customer 1163) outside IQR fences
4672,2026-09-18 17:31:25.532255,invoice_iqr,15800,208.95,iqr,15.7500,Invoice 15800 (customer 1163) outside IQR fences
4673,2026-09-18 17:31:25.532255,invoice_iqr,15801,208.95,iqr,15.7500,Invoice 15801 (customer 1163) outside IQR fences
4674,2026-09-18 17:31:25.532255,invoice_iqr,15802,208.95,iqr,15.7500,Invoice 15802 (customer 1163) outside IQR fences
4675,2026-09-18 17:31:25.532255,invoice_iqr,15803,208.95,iqr,15.7500,Invoice 15803 (customer 1163) outside IQR fences
4676,2026-09-18 17:31:25.532255,invoice_iqr,15804,208.95,iqr,15.7500,Invoice 15804 (customer 1163) outside IQR fences
4677,2026-09-18 17:31:25.532255,invoice_iqr,15805,208.95,iqr,15.7500,Invoice 15805 (customer 1163) outside IQR fences
4678,2026-09-18 17:31:25.532255,invoice_iqr,15806,208.95,iqr,15.7500,Invoice 15806 (customer 1163) outside IQR fences
4679,2026-09-18 17:31:25.532255,invoice_iqr,15807,208.95,iqr,15.7500,Invoice 15807 (customer 1163) outside IQR fences
4680,2026-09-18 17:31:25.532255,invoice_iqr,15808,208.95,iqr,15.7500,Invoice 15808 (customer 1163) outside IQR fences
4681,2026-09-18 17:31:25.532255,invoice_iqr,15809,208.95,iqr,15.7500,Invoice 15809 (customer 1163) outside IQR fences
4682,2026-09-18 17:31:25.532255,invoice_iqr,15948,208.95,iqr,15.7500,Invoice 15948 (customer 1174) outside IQR fences
4683,2026-09-18 17:31:25.532255,invoice_iqr,15949,208.95,iqr,15.7500,Invoice 15949 (customer 1174) outside IQR fences
4684,2026-09-18 17:31:25.532255,invoice_iqr,15950,208.95,iqr,15.7500,Invoice 15950 (customer 1174) outside IQR fences
4685,2026-09-18 17:31:25.532255,invoice_iqr,15951,208.95,iqr,15.7500,Invoice 15951 (customer 1174) outside IQR fences
4686,2026-09-18 17:31:25.532255,invoice_iqr,15952,208.95,iqr,15.7500,Invoice 15952 (customer 1174) outside IQR fences
4687,2026-09-18 17:31:25.532255,invoice_iqr,16104,913.63,iqr,720.4300,Invoice 16104 (customer 1186) outside IQR fences
4688,2026-09-18 17:31:25.532255,invoice_iqr,16131,208.95,iqr,15.7500,Invoice 16131 (customer 1190) outside IQR fences
4689,2026-09-18 17:31:25.532255,invoice_iqr,16132,208.95,iqr,15.7500,Invoice 16132 (customer 1190) outside IQR fences
4690,2026-09-18 17:31:25.532255,invoice_iqr,16133,208.95,iqr,15.7500,Invoice 16133 (customer 1190) outside IQR fences
4691,2026-09-18 17:31:25.532255,invoice_iqr,16134,208.95,iqr,15.7500,Invoice 16134 (customer 1190) outside IQR fences
4692,2026-09-18 17:31:25.532255,invoice_iqr,16135,208.95,iqr,15.7500,Invoice 16135 (customer 1190) outside IQR fences
4693,2026-09-18 17:31:25.532255,invoice_iqr,16136,208.95,iqr,15.7500,Invoice 16136 (customer 1190) outside IQR fences
4694,2026-09-18 17:31:25.532255,invoice_iqr,16137,208.95,iqr,15.7500,Invoice 16137 (customer 1190) outside IQR fences
4695,2026-09-18 17:31:25.532255,invoice_iqr,16138,208.95,iqr,15.7500,Invoice 16138 (customer 1190) outside IQR fences
4696,2026-09-18 17:31:25.532255,invoice_iqr,16139,208.95,iqr,15.7500,Invoice 16139 (customer 1190) outside IQR fences
4697,2026-09-18 17:31:25.532255,invoice_iqr,16140,208.95,iqr,15.7500,Invoice 16140 (customer 1190) outside IQR fences
4698,2026-09-18 17:31:25.532255,invoice_iqr,16141,208.95,iqr,15.7500,Invoice 16141 (customer 1190) outside IQR fences
4699,2026-09-18 17:31:25.532255,invoice_iqr,16142,208.95,iqr,15.7500,Invoice 16142 (customer 1190) outside IQR fences
4700,2026-09-18 17:31:25.532255,invoice_iqr,16143,208.95,iqr,15.7500,Invoice 16143 (customer 1190) outside IQR fences
4701,2026-09-18 17:31:25.532255,invoice_iqr,16144,208.95,iqr,15.7500,Invoice 16144 (customer 1190) outside IQR fences
4702,2026-09-18 17:31:25.532255,invoice_iqr,16145,208.95,iqr,15.7500,Invoice 16145 (customer 1190) outside IQR fences
4703,2026-09-18 17:31:25.532255,invoice_iqr,16146,208.95,iqr,15.7500,Invoice 16146 (customer 1190) outside IQR fences
4704,2026-09-18 17:31:25.532255,invoice_iqr,16147,417.90,iqr,224.7000,Invoice 16147 (customer 1190) outside IQR fences
4705,2026-09-18 17:31:25.532255,invoice_iqr,16148,208.95,iqr,15.7500,Invoice 16148 (customer 1190) outside IQR fences
4706,2026-09-18 17:31:25.532255,invoice_iqr,16149,208.95,iqr,15.7500,Invoice 16149 (customer 1190) outside IQR fences
4707,2026-09-18 17:31:25.532255,invoice_iqr,16150,208.95,iqr,15.7500,Invoice 16150 (customer 1190) outside IQR fences
4708,2026-09-18 17:31:25.532255,invoice_iqr,16151,208.95,iqr,15.7500,Invoice 16151 (customer 1190) outside IQR fences
4709,2026-09-18 17:31:25.532255,invoice_iqr,16152,208.95,iqr,15.7500,Invoice 16152 (customer 1190) outside IQR fences
4710,2026-09-18 17:31:25.532255,invoice_iqr,16256,208.95,iqr,15.7500,Invoice 16256 (customer 1198) outside IQR fences
4711,2026-09-18 17:31:25.532255,invoice_iqr,16257,208.95,iqr,15.7500,Invoice 16257 (customer 1198) outside IQR fences
4712,2026-09-18 17:31:25.532255,invoice_iqr,16258,208.95,iqr,15.7500,Invoice 16258 (customer 1198) outside IQR fences
4713,2026-09-18 17:31:25.532255,invoice_iqr,16259,208.95,iqr,15.7500,Invoice 16259 (customer 1198) outside IQR fences
4714,2026-09-18 17:31:25.532255,invoice_iqr,16260,208.95,iqr,15.7500,Invoice 16260 (customer 1198) outside IQR fences
4715,2026-09-18 17:31:25.532255,invoice_iqr,16261,208.95,iqr,15.7500,Invoice 16261 (customer 1198) outside IQR fences
4716,2026-09-18 17:31:25.532255,invoice_iqr,16262,208.95,iqr,15.7500,Invoice 16262 (customer 1198) outside IQR fences
4717,2026-09-18 17:31:25.532255,invoice_iqr,16263,208.95,iqr,15.7500,Invoice 16263 (customer 1198) outside IQR fences
4718,2026-09-18 17:31:25.532255,invoice_iqr,16264,208.95,iqr,15.7500,Invoice 16264 (customer 1198) outside IQR fences
4719,2026-09-18 17:31:25.532255,invoice_iqr,16364,208.95,iqr,15.7500,Invoice 16364 (customer 1206) outside IQR fences
4720,2026-09-18 17:31:25.532255,invoice_iqr,16365,208.95,iqr,15.7500,Invoice 16365 (customer 1206) outside IQR fences
4721,2026-09-18 17:31:25.532255,invoice_iqr,16366,208.95,iqr,15.7500,Invoice 16366 (customer 1206) outside IQR fences
4722,2026-09-18 17:31:25.532255,invoice_iqr,16367,208.95,iqr,15.7500,Invoice 16367 (customer 1206) outside IQR fences
4723,2026-09-18 17:31:25.532255,invoice_iqr,16368,208.95,iqr,15.7500,Invoice 16368 (customer 1206) outside IQR fences
4724,2026-09-18 17:31:25.532255,invoice_iqr,16369,208.95,iqr,15.7500,Invoice 16369 (customer 1206) outside IQR fences
4725,2026-09-18 17:31:25.532255,invoice_iqr,16370,208.95,iqr,15.7500,Invoice 16370 (customer 1206) outside IQR fences
4726,2026-09-18 17:31:25.532255,invoice_iqr,16371,208.95,iqr,15.7500,Invoice 16371 (customer 1206) outside IQR fences
4727,2026-09-18 17:31:25.532255,invoice_iqr,16372,208.95,iqr,15.7500,Invoice 16372 (customer 1206) outside IQR fences
4728,2026-09-18 17:31:25.532255,invoice_iqr,16373,208.95,iqr,15.7500,Invoice 16373 (customer 1206) outside IQR fences
4729,2026-09-18 17:31:25.532255,invoice_iqr,16374,208.95,iqr,15.7500,Invoice 16374 (customer 1206) outside IQR fences
4730,2026-09-18 17:31:25.532255,invoice_iqr,16375,208.95,iqr,15.7500,Invoice 16375 (customer 1206) outside IQR fences
4731,2026-09-18 17:31:25.532255,invoice_iqr,16376,208.95,iqr,15.7500,Invoice 16376 (customer 1206) outside IQR fences
4732,2026-09-18 17:31:25.532255,invoice_iqr,16377,208.95,iqr,15.7500,Invoice 16377 (customer 1206) outside IQR fences
4733,2026-09-18 17:31:25.532255,invoice_iqr,16378,208.95,iqr,15.7500,Invoice 16378 (customer 1206) outside IQR fences
4734,2026-09-18 17:31:25.532255,invoice_iqr,16379,208.95,iqr,15.7500,Invoice 16379 (customer 1206) outside IQR fences
4735,2026-09-18 17:31:25.532255,invoice_iqr,16380,417.90,iqr,224.7000,Invoice 16380 (customer 1206) outside IQR fences
4736,2026-09-18 17:31:25.532255,invoice_iqr,16381,208.95,iqr,15.7500,Invoice 16381 (customer 1206) outside IQR fences
4737,2026-09-18 17:31:25.532255,invoice_iqr,16382,208.95,iqr,15.7500,Invoice 16382 (customer 1206) outside IQR fences
4738,2026-09-18 17:31:25.532255,invoice_iqr,16383,208.95,iqr,15.7500,Invoice 16383 (customer 1206) outside IQR fences
4739,2026-09-18 17:31:25.532255,invoice_iqr,16384,208.95,iqr,15.7500,Invoice 16384 (customer 1206) outside IQR fences
4740,2026-09-18 17:31:25.532255,invoice_iqr,16385,208.95,iqr,15.7500,Invoice 16385 (customer 1206) outside IQR fences
4741,2026-09-18 17:31:25.532255,invoice_iqr,16433,208.95,iqr,15.7500,Invoice 16433 (customer 1210) outside IQR fences
4742,2026-09-18 17:31:25.532255,invoice_iqr,16434,208.95,iqr,15.7500,Invoice 16434 (customer 1210) outside IQR fences
4743,2026-09-18 17:31:25.532255,invoice_iqr,16435,208.95,iqr,15.7500,Invoice 16435 (customer 1210) outside IQR fences
4744,2026-09-18 17:31:25.532255,invoice_iqr,16436,208.95,iqr,15.7500,Invoice 16436 (customer 1210) outside IQR fences
4745,2026-09-18 17:31:25.532255,invoice_iqr,16437,208.95,iqr,15.7500,Invoice 16437 (customer 1210) outside IQR fences
4746,2026-09-18 17:31:25.532255,invoice_iqr,16438,417.90,iqr,224.7000,Invoice 16438 (customer 1210) outside IQR fences
4747,2026-09-18 17:31:25.532255,invoice_iqr,16439,208.95,iqr,15.7500,Invoice 16439 (customer 1210) outside IQR fences
4748,2026-09-18 17:31:25.532255,invoice_iqr,16440,208.95,iqr,15.7500,Invoice 16440 (customer 1210) outside IQR fences
4749,2026-09-18 17:31:25.532255,invoice_iqr,16441,208.95,iqr,15.7500,Invoice 16441 (customer 1210) outside IQR fences
4750,2026-09-18 17:31:25.532255,invoice_iqr,16442,208.95,iqr,15.7500,Invoice 16442 (customer 1210) outside IQR fences
4751,2026-09-18 17:31:25.532255,invoice_iqr,16443,208.95,iqr,15.7500,Invoice 16443 (customer 1210) outside IQR fences
4752,2026-09-18 17:31:25.532255,invoice_iqr,16509,208.95,iqr,15.7500,Invoice 16509 (customer 1215) outside IQR fences
4753,2026-09-18 17:31:25.532255,invoice_iqr,16510,208.95,iqr,15.7500,Invoice 16510 (customer 1215) outside IQR fences
4754,2026-09-18 17:31:25.532255,invoice_iqr,16511,208.95,iqr,15.7500,Invoice 16511 (customer 1215) outside IQR fences
4755,2026-09-18 17:31:25.532255,invoice_iqr,16512,208.95,iqr,15.7500,Invoice 16512 (customer 1215) outside IQR fences
4756,2026-09-18 17:31:25.532255,invoice_iqr,16513,208.95,iqr,15.7500,Invoice 16513 (customer 1215) outside IQR fences
4757,2026-09-18 17:31:25.532255,invoice_iqr,16514,208.95,iqr,15.7500,Invoice 16514 (customer 1215) outside IQR fences
4758,2026-09-18 17:31:25.532255,invoice_iqr,16515,208.95,iqr,15.7500,Invoice 16515 (customer 1215) outside IQR fences
4759,2026-09-18 17:31:25.532255,invoice_iqr,16516,208.95,iqr,15.7500,Invoice 16516 (customer 1215) outside IQR fences
4760,2026-09-18 17:31:25.532255,invoice_iqr,16517,208.95,iqr,15.7500,Invoice 16517 (customer 1215) outside IQR fences
4761,2026-09-18 17:31:25.532255,invoice_iqr,16518,208.95,iqr,15.7500,Invoice 16518 (customer 1215) outside IQR fences
4762,2026-09-18 17:31:25.532255,invoice_iqr,16634,208.95,iqr,15.7500,Invoice 16634 (customer 1224) outside IQR fences
4763,2026-09-18 17:31:25.532255,invoice_iqr,16635,208.95,iqr,15.7500,Invoice 16635 (customer 1224) outside IQR fences
4764,2026-09-18 17:31:25.532255,invoice_iqr,16636,208.95,iqr,15.7500,Invoice 16636 (customer 1224) outside IQR fences
4765,2026-09-18 17:31:25.532255,invoice_iqr,16637,208.95,iqr,15.7500,Invoice 16637 (customer 1224) outside IQR fences
4766,2026-09-18 17:31:25.532255,invoice_iqr,16638,208.95,iqr,15.7500,Invoice 16638 (customer 1224) outside IQR fences
4767,2026-09-18 17:31:25.532255,invoice_iqr,16639,208.95,iqr,15.7500,Invoice 16639 (customer 1224) outside IQR fences
4768,2026-09-18 17:31:25.532255,invoice_iqr,16640,208.95,iqr,15.7500,Invoice 16640 (customer 1224) outside IQR fences
4769,2026-09-18 17:31:25.532255,invoice_iqr,16641,208.95,iqr,15.7500,Invoice 16641 (customer 1224) outside IQR fences
4770,2026-09-18 17:31:25.532255,invoice_iqr,16642,208.95,iqr,15.7500,Invoice 16642 (customer 1224) outside IQR fences
4771,2026-09-18 17:31:25.532255,invoice_iqr,16643,208.95,iqr,15.7500,Invoice 16643 (customer 1224) outside IQR fences
4772,2026-09-18 17:31:25.532255,invoice_iqr,16644,208.95,iqr,15.7500,Invoice 16644 (customer 1224) outside IQR fences
4773,2026-09-18 17:31:25.532255,invoice_iqr,16645,208.95,iqr,15.7500,Invoice 16645 (customer 1224) outside IQR fences
4774,2026-09-18 17:31:25.532255,invoice_iqr,16646,208.95,iqr,15.7500,Invoice 16646 (customer 1224) outside IQR fences
4775,2026-09-18 17:31:25.532255,invoice_iqr,16648,208.95,iqr,15.7500,Invoice 16648 (customer 1224) outside IQR fences
4776,2026-09-18 17:31:25.532255,invoice_iqr,16649,208.95,iqr,15.7500,Invoice 16649 (customer 1224) outside IQR fences
4777,2026-09-18 17:31:25.532255,invoice_iqr,16650,208.95,iqr,15.7500,Invoice 16650 (customer 1224) outside IQR fences
4778,2026-09-18 17:31:25.532255,invoice_iqr,16651,208.95,iqr,15.7500,Invoice 16651 (customer 1224) outside IQR fences
4779,2026-09-18 17:31:25.532255,invoice_iqr,16652,208.95,iqr,15.7500,Invoice 16652 (customer 1224) outside IQR fences
4780,2026-09-18 17:31:25.532255,invoice_iqr,16653,208.95,iqr,15.7500,Invoice 16653 (customer 1224) outside IQR fences
4781,2026-09-18 17:31:25.532255,invoice_iqr,16654,208.95,iqr,15.7500,Invoice 16654 (customer 1224) outside IQR fences
4782,2026-09-18 17:31:25.532255,invoice_iqr,16655,208.95,iqr,15.7500,Invoice 16655 (customer 1224) outside IQR fences
4783,2026-09-18 17:31:25.532255,invoice_iqr,16677,208.95,iqr,15.7500,Invoice 16677 (customer 1227) outside IQR fences
4784,2026-09-18 17:31:25.532255,invoice_iqr,16678,208.95,iqr,15.7500,Invoice 16678 (customer 1227) outside IQR fences
4785,2026-09-18 17:31:25.532255,invoice_iqr,16679,208.95,iqr,15.7500,Invoice 16679 (customer 1227) outside IQR fences
4786,2026-09-18 17:31:25.532255,invoice_iqr,16680,208.95,iqr,15.7500,Invoice 16680 (customer 1227) outside IQR fences
4787,2026-09-18 17:31:25.532255,invoice_iqr,16681,208.95,iqr,15.7500,Invoice 16681 (customer 1227) outside IQR fences
4788,2026-09-18 17:31:25.532255,invoice_iqr,16682,208.95,iqr,15.7500,Invoice 16682 (customer 1227) outside IQR fences
4789,2026-09-18 17:31:25.532255,invoice_iqr,16683,208.95,iqr,15.7500,Invoice 16683 (customer 1227) outside IQR fences
4790,2026-09-18 17:31:25.532255,invoice_iqr,16684,208.95,iqr,15.7500,Invoice 16684 (customer 1227) outside IQR fences
4791,2026-09-18 17:31:25.532255,invoice_iqr,16685,208.95,iqr,15.7500,Invoice 16685 (customer 1227) outside IQR fences
4792,2026-09-18 17:31:25.532255,invoice_iqr,16686,208.95,iqr,15.7500,Invoice 16686 (customer 1227) outside IQR fences
4793,2026-09-18 17:31:25.532255,invoice_iqr,16687,208.95,iqr,15.7500,Invoice 16687 (customer 1227) outside IQR fences
4794,2026-09-18 17:31:25.532255,invoice_iqr,16689,208.95,iqr,15.7500,Invoice 16689 (customer 1227) outside IQR fences
4795,2026-09-18 17:31:25.532255,invoice_iqr,16690,208.95,iqr,15.7500,Invoice 16690 (customer 1227) outside IQR fences
4796,2026-09-18 17:31:25.532255,invoice_iqr,16700,208.95,iqr,15.7500,Invoice 16700 (customer 1229) outside IQR fences
4797,2026-09-18 17:31:25.532255,invoice_iqr,16701,208.95,iqr,15.7500,Invoice 16701 (customer 1229) outside IQR fences
4798,2026-09-18 17:31:25.532255,invoice_iqr,16702,208.95,iqr,15.7500,Invoice 16702 (customer 1229) outside IQR fences
4799,2026-09-18 17:31:25.532255,invoice_iqr,16703,208.95,iqr,15.7500,Invoice 16703 (customer 1229) outside IQR fences
4800,2026-09-18 17:31:25.532255,invoice_iqr,16704,208.95,iqr,15.7500,Invoice 16704 (customer 1229) outside IQR fences
4801,2026-09-18 17:31:25.532255,invoice_iqr,16705,208.95,iqr,15.7500,Invoice 16705 (customer 1229) outside IQR fences
4802,2026-09-18 17:31:25.532255,invoice_iqr,16706,208.95,iqr,15.7500,Invoice 16706 (customer 1229) outside IQR fences
4804,2026-09-18 17:31:25.532255,invoice_iqr,16708,208.95,iqr,15.7500,Invoice 16708 (customer 1229) outside IQR fences
4805,2026-09-18 17:31:25.532255,invoice_iqr,16709,208.95,iqr,15.7500,Invoice 16709 (customer 1229) outside IQR fences
4806,2026-09-18 17:31:25.532255,invoice_iqr,16710,208.95,iqr,15.7500,Invoice 16710 (customer 1229) outside IQR fences
4807,2026-09-18 17:31:25.532255,invoice_iqr,16711,208.95,iqr,15.7500,Invoice 16711 (customer 1229) outside IQR fences
4808,2026-09-18 17:31:25.532255,invoice_iqr,16712,208.95,iqr,15.7500,Invoice 16712 (customer 1229) outside IQR fences
4809,2026-09-18 17:31:25.532255,invoice_iqr,16713,208.95,iqr,15.7500,Invoice 16713 (customer 1229) outside IQR fences
4810,2026-09-18 17:31:25.532255,invoice_iqr,16714,208.95,iqr,15.7500,Invoice 16714 (customer 1229) outside IQR fences
4811,2026-09-18 17:31:25.532255,invoice_iqr,16715,208.95,iqr,15.7500,Invoice 16715 (customer 1229) outside IQR fences
4812,2026-09-18 17:31:25.532255,invoice_iqr,16716,208.95,iqr,15.7500,Invoice 16716 (customer 1229) outside IQR fences
4813,2026-09-18 17:31:25.532255,invoice_iqr,16717,208.95,iqr,15.7500,Invoice 16717 (customer 1229) outside IQR fences
4814,2026-09-18 17:31:25.532255,invoice_iqr,17048,269.15,iqr,75.9500,Invoice 17048 (customer 1253) outside IQR fences
4815,2026-09-18 17:31:25.532255,invoice_iqr,17082,208.95,iqr,15.7500,Invoice 17082 (customer 1255) outside IQR fences
4816,2026-09-18 17:31:25.532255,invoice_iqr,17083,208.95,iqr,15.7500,Invoice 17083 (customer 1255) outside IQR fences
4817,2026-09-18 17:31:25.532255,invoice_iqr,17084,208.95,iqr,15.7500,Invoice 17084 (customer 1255) outside IQR fences
4818,2026-09-18 17:31:25.532255,invoice_iqr,17085,208.95,iqr,15.7500,Invoice 17085 (customer 1255) outside IQR fences
4819,2026-09-18 17:31:25.532255,invoice_iqr,17086,208.95,iqr,15.7500,Invoice 17086 (customer 1255) outside IQR fences
4820,2026-09-18 17:31:25.532255,invoice_iqr,17087,208.95,iqr,15.7500,Invoice 17087 (customer 1255) outside IQR fences
4821,2026-09-18 17:31:25.532255,invoice_iqr,17088,208.95,iqr,15.7500,Invoice 17088 (customer 1255) outside IQR fences
4822,2026-09-18 17:31:25.532255,invoice_iqr,17090,208.95,iqr,15.7500,Invoice 17090 (customer 1255) outside IQR fences
4823,2026-09-18 17:31:25.532255,invoice_iqr,17091,208.95,iqr,15.7500,Invoice 17091 (customer 1255) outside IQR fences
4824,2026-09-18 17:31:25.532255,invoice_iqr,17092,208.95,iqr,15.7500,Invoice 17092 (customer 1255) outside IQR fences
4825,2026-09-18 17:31:25.532255,invoice_iqr,17093,208.95,iqr,15.7500,Invoice 17093 (customer 1255) outside IQR fences
4826,2026-09-18 17:31:25.532255,invoice_iqr,17094,208.95,iqr,15.7500,Invoice 17094 (customer 1255) outside IQR fences
4827,2026-09-18 17:31:25.532255,invoice_iqr,17095,208.95,iqr,15.7500,Invoice 17095 (customer 1255) outside IQR fences
4828,2026-09-18 17:31:25.532255,invoice_iqr,17096,208.95,iqr,15.7500,Invoice 17096 (customer 1255) outside IQR fences
4829,2026-09-18 17:31:25.532255,invoice_iqr,17097,208.95,iqr,15.7500,Invoice 17097 (customer 1255) outside IQR fences
4830,2026-09-18 17:31:25.532255,invoice_iqr,17098,208.95,iqr,15.7500,Invoice 17098 (customer 1255) outside IQR fences
4831,2026-09-18 17:31:25.532255,invoice_iqr,17099,208.95,iqr,15.7500,Invoice 17099 (customer 1255) outside IQR fences
4832,2026-09-18 17:31:25.532255,invoice_iqr,17100,208.95,iqr,15.7500,Invoice 17100 (customer 1255) outside IQR fences
4833,2026-09-18 17:31:25.532255,invoice_iqr,17101,208.95,iqr,15.7500,Invoice 17101 (customer 1255) outside IQR fences
4834,2026-09-18 17:31:25.532255,invoice_iqr,17102,208.95,iqr,15.7500,Invoice 17102 (customer 1255) outside IQR fences
4835,2026-09-18 17:31:25.532255,invoice_iqr,17148,208.95,iqr,15.7500,Invoice 17148 (customer 1260) outside IQR fences
4836,2026-09-18 17:31:25.532255,invoice_iqr,17149,208.95,iqr,15.7500,Invoice 17149 (customer 1260) outside IQR fences
4837,2026-09-18 17:31:25.532255,invoice_iqr,17150,208.95,iqr,15.7500,Invoice 17150 (customer 1260) outside IQR fences
4838,2026-09-18 17:31:25.532255,invoice_iqr,17151,208.95,iqr,15.7500,Invoice 17151 (customer 1260) outside IQR fences
4839,2026-09-18 17:31:25.532255,invoice_iqr,17152,208.95,iqr,15.7500,Invoice 17152 (customer 1260) outside IQR fences
4840,2026-09-18 17:31:25.532255,invoice_iqr,17153,208.95,iqr,15.7500,Invoice 17153 (customer 1260) outside IQR fences
4841,2026-09-18 17:31:25.532255,invoice_iqr,17154,208.95,iqr,15.7500,Invoice 17154 (customer 1260) outside IQR fences
4842,2026-09-18 17:31:25.532255,invoice_iqr,17155,208.95,iqr,15.7500,Invoice 17155 (customer 1260) outside IQR fences
4843,2026-09-18 17:31:25.532255,invoice_iqr,17156,208.95,iqr,15.7500,Invoice 17156 (customer 1260) outside IQR fences
4844,2026-09-18 17:31:25.532255,invoice_iqr,17157,208.95,iqr,15.7500,Invoice 17157 (customer 1260) outside IQR fences
4845,2026-09-18 17:31:25.532255,invoice_iqr,17205,208.95,iqr,15.7500,Invoice 17205 (customer 1265) outside IQR fences
4846,2026-09-18 17:31:25.532255,invoice_iqr,17206,208.95,iqr,15.7500,Invoice 17206 (customer 1265) outside IQR fences
4847,2026-09-18 17:31:25.532255,invoice_iqr,17207,208.95,iqr,15.7500,Invoice 17207 (customer 1265) outside IQR fences
4848,2026-09-18 17:31:25.532255,invoice_iqr,17208,208.95,iqr,15.7500,Invoice 17208 (customer 1265) outside IQR fences
4849,2026-09-18 17:31:25.532255,invoice_iqr,17209,208.95,iqr,15.7500,Invoice 17209 (customer 1265) outside IQR fences
4850,2026-09-18 17:31:25.532255,invoice_iqr,17210,208.95,iqr,15.7500,Invoice 17210 (customer 1265) outside IQR fences
4851,2026-09-18 17:31:25.532255,invoice_iqr,17295,208.95,iqr,15.7500,Invoice 17295 (customer 1272) outside IQR fences
4852,2026-09-18 17:31:25.532255,invoice_iqr,17296,208.95,iqr,15.7500,Invoice 17296 (customer 1272) outside IQR fences
4853,2026-09-18 17:31:25.532255,invoice_iqr,17297,208.95,iqr,15.7500,Invoice 17297 (customer 1272) outside IQR fences
4854,2026-09-18 17:31:25.532255,invoice_iqr,17298,208.95,iqr,15.7500,Invoice 17298 (customer 1272) outside IQR fences
4855,2026-09-18 17:31:25.532255,invoice_iqr,17299,208.95,iqr,15.7500,Invoice 17299 (customer 1272) outside IQR fences
4856,2026-09-18 17:31:25.532255,invoice_iqr,17300,208.95,iqr,15.7500,Invoice 17300 (customer 1272) outside IQR fences
4857,2026-09-18 17:31:25.532255,invoice_iqr,17301,208.95,iqr,15.7500,Invoice 17301 (customer 1272) outside IQR fences
4858,2026-09-18 17:31:25.532255,invoice_iqr,17302,208.95,iqr,15.7500,Invoice 17302 (customer 1272) outside IQR fences
4859,2026-09-18 17:31:25.532255,invoice_iqr,17577,208.95,iqr,15.7500,Invoice 17577 (customer 1294) outside IQR fences
4860,2026-09-18 17:31:25.532255,invoice_iqr,17578,208.95,iqr,15.7500,Invoice 17578 (customer 1294) outside IQR fences
4861,2026-09-18 17:31:25.532255,invoice_iqr,17579,208.95,iqr,15.7500,Invoice 17579 (customer 1294) outside IQR fences
4862,2026-09-18 17:31:25.532255,invoice_iqr,17580,208.95,iqr,15.7500,Invoice 17580 (customer 1294) outside IQR fences
4863,2026-09-18 17:31:25.532255,invoice_iqr,17581,208.95,iqr,15.7500,Invoice 17581 (customer 1294) outside IQR fences
4864,2026-09-18 17:31:25.532255,invoice_iqr,17582,208.95,iqr,15.7500,Invoice 17582 (customer 1294) outside IQR fences
4865,2026-09-18 17:31:25.532255,invoice_iqr,17583,208.95,iqr,15.7500,Invoice 17583 (customer 1294) outside IQR fences
4866,2026-09-18 17:31:25.532255,invoice_iqr,17584,208.95,iqr,15.7500,Invoice 17584 (customer 1294) outside IQR fences
4867,2026-09-18 17:31:25.532255,invoice_iqr,17585,208.95,iqr,15.7500,Invoice 17585 (customer 1294) outside IQR fences
4868,2026-09-18 17:31:25.532255,invoice_iqr,17598,208.95,iqr,15.7500,Invoice 17598 (customer 1296) outside IQR fences
4869,2026-09-18 17:31:25.532255,invoice_iqr,17599,208.95,iqr,15.7500,Invoice 17599 (customer 1296) outside IQR fences
4870,2026-09-18 17:31:25.532255,invoice_iqr,17600,208.95,iqr,15.7500,Invoice 17600 (customer 1296) outside IQR fences
4871,2026-09-18 17:31:25.532255,invoice_iqr,17601,208.95,iqr,15.7500,Invoice 17601 (customer 1296) outside IQR fences
4872,2026-09-18 17:31:25.532255,invoice_iqr,17602,208.95,iqr,15.7500,Invoice 17602 (customer 1296) outside IQR fences
4873,2026-09-18 17:31:25.532255,invoice_iqr,17603,208.95,iqr,15.7500,Invoice 17603 (customer 1296) outside IQR fences
4874,2026-09-18 17:31:25.532255,invoice_iqr,17604,208.95,iqr,15.7500,Invoice 17604 (customer 1296) outside IQR fences
4875,2026-09-18 17:31:25.532255,invoice_iqr,17605,208.95,iqr,15.7500,Invoice 17605 (customer 1296) outside IQR fences
4876,2026-09-18 17:31:25.532255,invoice_iqr,17606,208.95,iqr,15.7500,Invoice 17606 (customer 1296) outside IQR fences
4877,2026-09-18 17:31:25.532255,invoice_iqr,17607,208.95,iqr,15.7500,Invoice 17607 (customer 1296) outside IQR fences
4878,2026-09-18 17:31:25.532255,invoice_iqr,17608,208.95,iqr,15.7500,Invoice 17608 (customer 1296) outside IQR fences
4879,2026-09-18 17:31:25.532255,invoice_iqr,17609,208.95,iqr,15.7500,Invoice 17609 (customer 1296) outside IQR fences
4880,2026-09-18 17:31:25.532255,invoice_iqr,17610,208.95,iqr,15.7500,Invoice 17610 (customer 1296) outside IQR fences
4881,2026-09-18 17:31:25.532255,invoice_iqr,17611,208.95,iqr,15.7500,Invoice 17611 (customer 1296) outside IQR fences
4882,2026-09-18 17:31:25.532255,invoice_iqr,17612,208.95,iqr,15.7500,Invoice 17612 (customer 1296) outside IQR fences
4883,2026-09-18 17:31:25.532255,invoice_iqr,17613,208.95,iqr,15.7500,Invoice 17613 (customer 1296) outside IQR fences
4884,2026-09-18 17:31:25.532255,invoice_iqr,17614,208.95,iqr,15.7500,Invoice 17614 (customer 1296) outside IQR fences
4885,2026-09-18 17:31:25.532255,invoice_iqr,17921,506.63,iqr,313.4300,Invoice 17921 (customer 1321) outside IQR fences
4886,2026-09-18 17:31:25.532255,invoice_iqr,17968,337.61,iqr,144.4100,Invoice 17968 (customer 1324) outside IQR fences
4887,2026-09-18 17:31:25.532255,invoice_iqr,17994,208.95,iqr,15.7500,Invoice 17994 (customer 1326) outside IQR fences
4888,2026-09-18 17:31:25.532255,invoice_iqr,17995,208.95,iqr,15.7500,Invoice 17995 (customer 1326) outside IQR fences
4889,2026-09-18 17:31:25.532255,invoice_iqr,17996,208.95,iqr,15.7500,Invoice 17996 (customer 1326) outside IQR fences
4890,2026-09-18 17:31:25.532255,invoice_iqr,17997,208.95,iqr,15.7500,Invoice 17997 (customer 1326) outside IQR fences
4891,2026-09-18 17:31:25.532255,invoice_iqr,17998,208.95,iqr,15.7500,Invoice 17998 (customer 1326) outside IQR fences
4892,2026-09-18 17:31:25.532255,invoice_iqr,18216,252.19,iqr,58.9900,Invoice 18216 (customer 1343) outside IQR fences
4893,2026-09-18 17:31:25.532255,invoice_iqr,18529,208.95,iqr,15.7500,Invoice 18529 (customer 1364) outside IQR fences
4894,2026-09-18 17:31:25.532255,invoice_iqr,18530,208.95,iqr,15.7500,Invoice 18530 (customer 1364) outside IQR fences
4895,2026-09-18 17:31:25.532255,invoice_iqr,18531,1663.64,iqr,1470.4400,Invoice 18531 (customer 1364) outside IQR fences
4896,2026-09-18 17:31:25.532255,invoice_iqr,18532,208.95,iqr,15.7500,Invoice 18532 (customer 1364) outside IQR fences
4897,2026-09-18 17:31:25.532255,invoice_iqr,18533,208.95,iqr,15.7500,Invoice 18533 (customer 1364) outside IQR fences
4898,2026-09-18 17:31:25.532255,invoice_iqr,18534,208.95,iqr,15.7500,Invoice 18534 (customer 1364) outside IQR fences
4899,2026-09-18 17:31:25.532255,invoice_iqr,18689,208.95,iqr,15.7500,Invoice 18689 (customer 1376) outside IQR fences
4900,2026-09-18 17:31:25.532255,invoice_iqr,18690,208.95,iqr,15.7500,Invoice 18690 (customer 1376) outside IQR fences
4901,2026-09-18 17:31:25.532255,invoice_iqr,18691,208.95,iqr,15.7500,Invoice 18691 (customer 1376) outside IQR fences
4902,2026-09-18 17:31:25.532255,invoice_iqr,18692,208.95,iqr,15.7500,Invoice 18692 (customer 1376) outside IQR fences
4903,2026-09-18 17:31:25.532255,invoice_iqr,18693,208.95,iqr,15.7500,Invoice 18693 (customer 1376) outside IQR fences
5172,2026-09-18 17:31:26.517227,customer_invoice,1488,165.90,isolation_forest,-0.0703,Invoice 20246 billed $165.90 vs expected $82.95
5173,2026-09-18 17:31:26.517227,customer_invoice,1286,165.90,isolation_forest,-0.0703,Invoice 17480 billed $165.90 vs expected $82.95
5174,2026-09-18 17:31:26.517227,customer_invoice,1230,165.90,isolation_forest,-0.0703,Invoice 16720 billed $165.90 vs expected $82.95
5175,2026-09-18 17:31:26.517227,customer_invoice,1371,165.90,isolation_forest,-0.0703,Invoice 20498 billed $165.90 vs expected $82.95
5176,2026-09-18 17:31:26.517227,customer_invoice,777,60.90,isolation_forest,-0.0291,Invoice 10612 billed $60.90 vs expected $30.45
5177,2026-09-18 17:31:26.517227,customer_invoice,620,60.90,isolation_forest,-0.0291,Invoice 8536 billed $60.90 vs expected $30.45
5178,2026-09-18 17:31:26.517227,customer_invoice,575,60.90,isolation_forest,-0.0291,Invoice 7920 billed $60.90 vs expected $30.45
5179,2026-09-18 17:31:26.517227,customer_invoice,778,60.90,isolation_forest,-0.0291,Invoice 10621 billed $60.90 vs expected $30.45
5180,2026-09-18 17:31:26.517227,customer_invoice,486,60.90,isolation_forest,-0.0291,Invoice 6678 billed $60.90 vs expected $30.45
5181,2026-09-18 17:31:26.517227,customer_invoice,477,60.90,isolation_forest,-0.0291,Invoice 6554 billed $60.90 vs expected $30.45
5182,2026-09-18 17:31:26.517227,customer_invoice,391,60.90,isolation_forest,-0.0291,Invoice 5343 billed $60.90 vs expected $30.45
5183,2026-09-18 17:31:26.517227,customer_invoice,404,60.90,isolation_forest,-0.0291,Invoice 5538 billed $60.90 vs expected $30.45
5184,2026-09-18 17:31:26.517227,customer_invoice,543,60.90,isolation_forest,-0.0291,Invoice 7489 billed $60.90 vs expected $30.45
5185,2026-09-18 17:31:26.517227,customer_invoice,94,60.90,isolation_forest,-0.0291,Invoice 1235 billed $60.90 vs expected $30.45
5186,2026-09-18 17:31:26.517227,customer_invoice,119,60.90,isolation_forest,-0.0291,Invoice 1554 billed $60.90 vs expected $30.45
5187,2026-09-18 17:31:26.517227,customer_invoice,148,60.90,isolation_forest,-0.0291,Invoice 1878 billed $60.90 vs expected $30.45
5188,2026-09-18 17:31:26.517227,customer_invoice,60,60.90,isolation_forest,-0.0291,Invoice 753 billed $60.90 vs expected $30.45
5189,2026-09-18 17:31:26.517227,customer_invoice,31,60.90,isolation_forest,-0.0291,Invoice 398 billed $60.90 vs expected $30.45
5190,2026-09-18 17:31:26.517227,customer_invoice,35,60.90,isolation_forest,-0.0291,Invoice 437 billed $60.90 vs expected $30.45
5191,2026-09-18 17:31:26.517227,customer_invoice,62,60.90,isolation_forest,-0.0291,Invoice 776 billed $60.90 vs expected $30.45
5192,2026-09-18 17:31:26.517227,customer_invoice,438,60.90,isolation_forest,-0.0291,Invoice 6051 billed $60.90 vs expected $30.45
5193,2026-09-18 17:31:26.517227,customer_invoice,301,60.90,isolation_forest,-0.0291,Invoice 4085 billed $60.90 vs expected $30.45
5194,2026-09-18 17:31:26.517227,customer_invoice,276,60.90,isolation_forest,-0.0291,Invoice 3757 billed $60.90 vs expected $30.45
5195,2026-09-18 17:31:26.517227,customer_invoice,323,60.90,isolation_forest,-0.0291,Invoice 4417 billed $60.90 vs expected $30.45
5196,2026-09-18 17:31:26.517227,customer_invoice,138,60.90,isolation_forest,-0.0291,Invoice 1758 billed $60.90 vs expected $30.45
5197,2026-09-18 17:31:26.517227,customer_invoice,171,60.90,isolation_forest,-0.0291,Invoice 2221 billed $60.90 vs expected $30.45
5198,2026-09-18 17:31:26.517227,customer_invoice,200,60.90,isolation_forest,-0.0291,Invoice 2688 billed $60.90 vs expected $30.45
5199,2026-09-18 17:31:26.517227,customer_invoice,239,60.90,isolation_forest,-0.0291,Invoice 3241 billed $60.90 vs expected $30.45
5200,2026-09-18 17:31:26.517227,customer_invoice,252,60.90,isolation_forest,-0.0291,Invoice 3391 billed $60.90 vs expected $30.45
5201,2026-09-18 17:31:26.517227,customer_invoice,1181,60.90,isolation_forest,-0.0291,Invoice 16037 billed $60.90 vs expected $30.45
5202,2026-09-18 17:31:26.517227,customer_invoice,1156,60.90,isolation_forest,-0.0291,Invoice 15708 billed $60.90 vs expected $30.45
5203,2026-09-18 17:31:26.517227,customer_invoice,1124,60.90,isolation_forest,-0.0291,Invoice 15244 billed $60.90 vs expected $30.45
5204,2026-09-18 17:31:26.517227,customer_invoice,1114,60.90,isolation_forest,-0.0291,Invoice 15101 billed $60.90 vs expected $30.45
5205,2026-09-18 17:31:26.517227,customer_invoice,1071,60.90,isolation_forest,-0.0291,Invoice 14501 billed $60.90 vs expected $30.45
5206,2026-09-18 17:31:26.517227,customer_invoice,1059,60.90,isolation_forest,-0.0291,Invoice 14329 billed $60.90 vs expected $30.45
5207,2026-09-18 17:31:26.517227,customer_invoice,1057,60.90,isolation_forest,-0.0291,Invoice 14302 billed $60.90 vs expected $30.45
5208,2026-09-18 17:31:26.517227,customer_invoice,1112,60.90,isolation_forest,-0.0291,Invoice 15062 billed $60.90 vs expected $30.45
5209,2026-09-18 17:31:26.517227,customer_invoice,927,60.90,isolation_forest,-0.0291,Invoice 12530 billed $60.90 vs expected $30.45
5210,2026-09-18 17:31:26.517227,customer_invoice,925,60.90,isolation_forest,-0.0291,Invoice 12492 billed $60.90 vs expected $30.45
5211,2026-09-18 17:31:26.517227,customer_invoice,921,60.90,isolation_forest,-0.0291,Invoice 12440 billed $60.90 vs expected $30.45
5212,2026-09-18 17:31:26.517227,customer_invoice,949,60.90,isolation_forest,-0.0291,Invoice 12815 billed $60.90 vs expected $30.45
5213,2026-09-18 17:31:26.517227,customer_invoice,991,60.90,isolation_forest,-0.0291,Invoice 13353 billed $60.90 vs expected $30.45
5214,2026-09-18 17:31:26.517227,customer_invoice,986,60.90,isolation_forest,-0.0291,Invoice 13289 billed $60.90 vs expected $30.45
5215,2026-09-18 17:31:26.517227,customer_invoice,980,60.90,isolation_forest,-0.0291,Invoice 13216 billed $60.90 vs expected $30.45
5216,2026-09-18 17:31:26.517227,customer_invoice,1050,60.90,isolation_forest,-0.0291,Invoice 14202 billed $60.90 vs expected $30.45
5217,2026-09-18 17:31:26.517227,customer_invoice,906,60.90,isolation_forest,-0.0291,Invoice 12234 billed $60.90 vs expected $30.45
5218,2026-09-18 17:31:26.517227,customer_invoice,899,60.90,isolation_forest,-0.0291,Invoice 12113 billed $60.90 vs expected $30.45
5219,2026-09-18 17:31:26.517227,customer_invoice,751,60.90,isolation_forest,-0.0291,Invoice 10223 billed $60.90 vs expected $30.45
5220,2026-09-18 17:31:26.517227,customer_invoice,736,60.90,isolation_forest,-0.0291,Invoice 10036 billed $60.90 vs expected $30.45
5221,2026-09-18 17:31:26.517227,customer_invoice,651,60.90,isolation_forest,-0.0291,Invoice 8932 billed $60.90 vs expected $30.45
5222,2026-09-18 17:31:26.517227,customer_invoice,647,60.90,isolation_forest,-0.0291,Invoice 8888 billed $60.90 vs expected $30.45
5223,2026-09-18 17:31:26.517227,customer_invoice,698,60.90,isolation_forest,-0.0291,Invoice 9530 billed $60.90 vs expected $30.45
5224,2026-09-18 17:31:26.517227,customer_invoice,675,60.90,isolation_forest,-0.0291,Invoice 9248 billed $60.90 vs expected $30.45
5225,2026-09-18 17:31:26.517227,customer_invoice,732,60.90,isolation_forest,-0.0291,Invoice 9987 billed $60.90 vs expected $30.45
5226,2026-09-18 17:31:26.517227,customer_invoice,705,60.90,isolation_forest,-0.0291,Invoice 9616 billed $60.90 vs expected $30.45
5227,2026-09-18 17:31:26.517227,customer_invoice,804,60.90,isolation_forest,-0.0291,Invoice 10944 billed $60.90 vs expected $30.45
5228,2026-09-18 17:31:26.517227,customer_invoice,849,60.90,isolation_forest,-0.0291,Invoice 11515 billed $60.90 vs expected $30.45
5229,2026-09-18 17:31:26.517227,customer_invoice,1238,60.90,isolation_forest,-0.0291,Invoice 16831 billed $60.90 vs expected $30.45
5230,2026-09-18 17:31:26.517227,customer_invoice,1245,60.90,isolation_forest,-0.0291,Invoice 16925 billed $60.90 vs expected $30.45
5231,2026-09-18 17:31:26.517227,customer_invoice,1189,60.90,isolation_forest,-0.0291,Invoice 16125 billed $60.90 vs expected $30.45
5232,2026-09-18 17:31:26.517227,customer_invoice,1288,60.90,isolation_forest,-0.0291,Invoice 17501 billed $60.90 vs expected $30.45
5233,2026-09-18 17:31:26.517227,customer_invoice,1354,60.90,isolation_forest,-0.0291,Invoice 18386 billed $60.90 vs expected $30.45
5234,2026-09-18 17:31:26.517227,customer_invoice,1297,60.90,isolation_forest,-0.0291,Invoice 17620 billed $60.90 vs expected $30.45
5235,2026-09-18 17:31:26.517227,customer_invoice,1337,60.90,isolation_forest,-0.0291,Invoice 18141 billed $60.90 vs expected $30.45
5236,2026-09-18 17:31:26.517227,customer_invoice,1338,60.90,isolation_forest,-0.0291,Invoice 18162 billed $60.90 vs expected $30.45
5237,2026-09-18 17:31:26.517227,customer_invoice,1437,60.90,isolation_forest,-0.0291,Invoice 19555 billed $60.90 vs expected $30.45
5238,2026-09-18 17:31:26.517227,customer_invoice,1456,60.90,isolation_forest,-0.0291,Invoice 19799 billed $60.90 vs expected $30.45
5239,2026-09-18 17:31:26.517227,customer_invoice,1493,60.90,isolation_forest,-0.0291,Invoice 20323 billed $60.90 vs expected $30.45
5073,2026-09-18 17:31:26.517227,customer_invoice,82,2224.60,isolation_forest,-0.1339,Invoice 1042 billed $2224.60 vs expected $208.95
5074,2026-09-18 17:31:26.517227,customer_invoice,1379,2207.18,isolation_forest,-0.1339,Invoice 18737 billed $2207.18 vs expected $208.95
5075,2026-09-18 17:31:26.517227,customer_invoice,240,2004.75,isolation_forest,-0.1328,Invoice 3254 billed $2004.75 vs expected $208.95
5076,2026-09-18 17:31:26.517227,customer_invoice,328,1956.46,isolation_forest,-0.1319,Invoice 4488 billed $1956.46 vs expected $208.95
5077,2026-09-18 17:31:26.517227,customer_invoice,1364,1663.64,isolation_forest,-0.1319,Invoice 18531 billed $1663.64 vs expected $208.95
5078,2026-09-18 17:31:26.517227,customer_invoice,943,1777.11,isolation_forest,-0.1310,Invoice 12727 billed $1777.11 vs expected $208.95
5079,2026-09-18 17:31:26.517227,customer_invoice,473,865.39,isolation_forest,-0.1299,Invoice 6496 billed $865.39 vs expected $82.95
5080,2026-09-18 17:31:26.517227,customer_invoice,431,886.43,isolation_forest,-0.1299,Invoice 5930 billed $886.43 vs expected $82.95
5081,2026-09-18 17:31:26.517227,customer_invoice,1186,913.63,isolation_forest,-0.1299,Invoice 16104 billed $913.63 vs expected $82.95
5082,2026-09-18 17:31:26.517227,customer_invoice,838,694.44,isolation_forest,-0.1284,Invoice 11368 billed $694.44 vs expected $82.95
5083,2026-09-18 17:31:26.517227,customer_invoice,793,730.12,isolation_forest,-0.1281,Invoice 10784 billed $730.12 vs expected $82.95
5084,2026-09-18 17:31:26.517227,customer_invoice,1036,1467.72,isolation_forest,-0.1281,Invoice 13993 billed $1467.72 vs expected $208.95
5085,2026-09-18 17:31:26.517227,customer_invoice,408,620.32,isolation_forest,-0.1252,Invoice 5593 billed $620.32 vs expected $82.95
5086,2026-09-18 17:31:26.517227,customer_invoice,1083,1255.48,isolation_forest,-0.1224,Invoice 14644 billed $1255.48 vs expected $208.95
5087,2026-09-18 17:31:26.517227,customer_invoice,123,545.98,isolation_forest,-0.1216,Invoice 1597 billed $545.98 vs expected $82.95
5088,2026-09-18 17:31:26.517227,customer_invoice,719,356.27,isolation_forest,-0.1201,Invoice 9785 billed $356.27 vs expected $30.45
5089,2026-09-18 17:31:26.517227,customer_invoice,1324,337.61,isolation_forest,-0.1201,Invoice 17968 billed $337.61 vs expected $30.45
5090,2026-09-18 17:31:26.517227,customer_invoice,63,311.84,isolation_forest,-0.1171,Invoice 790 billed $311.84 vs expected $30.45
5091,2026-09-18 17:31:26.517227,customer_invoice,1027,287.02,isolation_forest,-0.1168,Invoice 13857 billed $287.02 vs expected $30.45
5092,2026-09-18 17:31:26.517227,customer_invoice,518,286.42,isolation_forest,-0.1163,Invoice 7076 billed $286.42 vs expected $30.45
5093,2026-09-18 17:31:26.517227,customer_invoice,1424,283.80,isolation_forest,-0.1163,Invoice 19383 billed $283.80 vs expected $30.45
5094,2026-09-18 17:31:26.517227,customer_invoice,1321,506.63,isolation_forest,-0.1154,Invoice 17921 billed $506.63 vs expected $82.95
5095,2026-09-18 17:31:26.517227,customer_invoice,1489,502.49,isolation_forest,-0.1154,Invoice 20257 billed $502.49 vs expected $82.95
5096,2026-09-18 17:31:26.517227,customer_invoice,1253,269.15,isolation_forest,-0.1145,Invoice 17048 billed $269.15 vs expected $30.45
5097,2026-09-18 17:31:26.517227,customer_invoice,1343,252.19,isolation_forest,-0.1140,Invoice 18216 billed $252.19 vs expected $30.45
5098,2026-09-18 17:31:26.517227,customer_invoice,306,242.69,isolation_forest,-0.1131,Invoice 4150 billed $242.69 vs expected $30.45
5099,2026-09-18 17:31:26.517227,customer_invoice,10,231.62,isolation_forest,-0.1096,Invoice 128 billed $231.62 vs expected $30.45
5100,2026-09-18 17:31:26.517227,customer_invoice,14,227.16,isolation_forest,-0.1071,Invoice 181 billed $227.16 vs expected $30.45
5101,2026-09-18 17:31:26.517227,customer_invoice,696,226.29,isolation_forest,-0.1068,Invoice 9498 billed $226.29 vs expected $30.45
5102,2026-09-18 17:31:26.517227,customer_invoice,1231,111.19,isolation_forest,-0.1022,Invoice 16729 billed $111.19 vs expected $9.45
5103,2026-09-18 17:31:26.517227,customer_invoice,1201,111.13,isolation_forest,-0.1022,Invoice 16298 billed $111.13 vs expected $9.45
5104,2026-09-18 17:31:26.517227,customer_invoice,175,109.89,isolation_forest,-0.1011,Invoice 2282 billed $109.89 vs expected $9.45
5105,2026-09-18 17:31:26.517227,customer_invoice,572,109.05,isolation_forest,-0.1011,Invoice 7869 billed $109.05 vs expected $9.45
5106,2026-09-18 17:31:26.517227,customer_invoice,916,109.04,isolation_forest,-0.1011,Invoice 12388 billed $109.04 vs expected $9.45
5107,2026-09-18 17:31:26.517227,customer_invoice,1131,109.18,isolation_forest,-0.1011,Invoice 15369 billed $109.18 vs expected $9.45
5108,2026-09-18 17:31:26.517227,customer_invoice,1223,101.27,isolation_forest,-0.1010,Invoice 16622 billed $101.27 vs expected $9.45
5109,2026-09-18 17:31:26.517227,customer_invoice,1425,213.11,isolation_forest,-0.1006,Invoice 19398 billed $213.11 vs expected $30.45
5110,2026-09-18 17:31:26.517227,customer_invoice,1262,99.21,isolation_forest,-0.1001,Invoice 17178 billed $99.21 vs expected $9.45
5111,2026-09-18 17:31:26.517227,customer_invoice,594,208.86,isolation_forest,-0.1000,Invoice 8168 billed $208.86 vs expected $30.45
5112,2026-09-18 17:31:26.517227,customer_invoice,356,104.35,isolation_forest,-0.0995,Invoice 4887 billed $104.35 vs expected $9.45
5113,2026-09-18 17:31:26.517227,customer_invoice,47,90.00,isolation_forest,-0.0982,Invoice 591 billed $90.00 vs expected $9.45
5114,2026-09-18 17:31:26.517227,customer_invoice,832,96.22,isolation_forest,-0.0981,Invoice 11299 billed $96.22 vs expected $9.45
5115,2026-09-18 17:31:26.517227,customer_invoice,1252,93.31,isolation_forest,-0.0976,Invoice 17042 billed $93.31 vs expected $9.45
5116,2026-09-18 17:31:26.517227,customer_invoice,186,92.78,isolation_forest,-0.0976,Invoice 2467 billed $92.78 vs expected $9.45
5117,2026-09-18 17:31:26.517227,customer_invoice,865,87.73,isolation_forest,-0.0974,Invoice 11702 billed $87.73 vs expected $9.45
5118,2026-09-18 17:31:26.517227,customer_invoice,35,199.27,isolation_forest,-0.0969,Invoice 430 billed $199.27 vs expected $30.45
5119,2026-09-18 17:31:26.517227,customer_invoice,428,197.06,isolation_forest,-0.0955,Invoice 5880 billed $197.06 vs expected $30.45
5120,2026-09-18 17:31:26.517227,customer_invoice,1023,86.47,isolation_forest,-0.0953,Invoice 13804 billed $86.47 vs expected $9.45
5121,2026-09-18 17:31:26.517227,customer_invoice,786,78.05,isolation_forest,-0.0946,Invoice 10703 billed $78.05 vs expected $9.45
5122,2026-09-18 17:31:26.517227,customer_invoice,630,85.37,isolation_forest,-0.0933,Invoice 8660 billed $85.37 vs expected $9.45
5123,2026-09-18 17:31:26.517227,customer_invoice,1367,80.10,isolation_forest,-0.0930,Invoice 18570 billed $80.10 vs expected $9.45
5124,2026-09-18 17:31:26.517227,customer_invoice,604,71.36,isolation_forest,-0.0921,Invoice 8323 billed $71.36 vs expected $9.45
5125,2026-09-18 17:31:26.517227,customer_invoice,1045,188.51,isolation_forest,-0.0918,Invoice 20499 billed $188.51 vs expected $30.45
5126,2026-09-18 17:31:26.517227,customer_invoice,660,71.94,isolation_forest,-0.0910,Invoice 9028 billed $71.94 vs expected $9.45
5127,2026-09-18 17:31:26.517227,customer_invoice,489,417.90,isolation_forest,-0.0906,Invoice 6710 billed $417.90 vs expected $208.95
5128,2026-09-18 17:31:26.517227,customer_invoice,346,417.90,isolation_forest,-0.0906,Invoice 4761 billed $417.90 vs expected $208.95
5129,2026-09-18 17:31:26.517227,customer_invoice,156,417.90,isolation_forest,-0.0906,Invoice 2008 billed $417.90 vs expected $208.95
5130,2026-09-18 17:31:26.517227,customer_invoice,435,417.90,isolation_forest,-0.0906,Invoice 6003 billed $417.90 vs expected $208.95
5131,2026-09-18 17:31:26.517227,customer_invoice,131,417.90,isolation_forest,-0.0906,Invoice 1672 billed $417.90 vs expected $208.95
5132,2026-09-18 17:31:26.517227,customer_invoice,1094,417.90,isolation_forest,-0.0906,Invoice 14788 billed $417.90 vs expected $208.95
5133,2026-09-18 17:31:26.517227,customer_invoice,1081,417.90,isolation_forest,-0.0906,Invoice 14612 billed $417.90 vs expected $208.95
5134,2026-09-18 17:31:26.517227,customer_invoice,918,417.90,isolation_forest,-0.0906,Invoice 12400 billed $417.90 vs expected $208.95
5135,2026-09-18 17:31:26.517227,customer_invoice,668,417.90,isolation_forest,-0.0906,Invoice 9153 billed $417.90 vs expected $208.95
5136,2026-09-18 17:31:26.517227,customer_invoice,733,417.90,isolation_forest,-0.0906,Invoice 10001 billed $417.90 vs expected $208.95
5137,2026-09-18 17:31:26.517227,customer_invoice,1190,417.90,isolation_forest,-0.0906,Invoice 16147 billed $417.90 vs expected $208.95
5170,2026-09-18 17:31:26.517227,customer_invoice,1371,165.90,isolation_forest,-0.0703,Invoice 18620 billed $165.90 vs expected $82.95
5171,2026-09-18 17:31:26.517227,customer_invoice,1237,165.90,isolation_forest,-0.0703,Invoice 16821 billed $165.90 vs expected $82.95
5138,2026-09-18 17:31:26.517227,customer_invoice,1210,417.90,isolation_forest,-0.0906,Invoice 16438 billed $417.90 vs expected $208.95
5139,2026-09-18 17:31:26.517227,customer_invoice,1206,417.90,isolation_forest,-0.0906,Invoice 16380 billed $417.90 vs expected $208.95
5140,2026-09-18 17:31:26.517227,customer_invoice,852,65.06,isolation_forest,-0.0903,Invoice 11535 billed $65.06 vs expected $9.45
5141,2026-09-18 17:31:26.517227,customer_invoice,55,63.01,isolation_forest,-0.0885,Invoice 673 billed $63.01 vs expected $9.45
5142,2026-09-18 17:31:26.517227,customer_invoice,878,63.18,isolation_forest,-0.0885,Invoice 11885 billed $63.18 vs expected $9.45
5143,2026-09-18 17:31:26.517227,customer_invoice,728,165.90,isolation_forest,-0.0703,Invoice 9933 billed $165.90 vs expected $82.95
5144,2026-09-18 17:31:26.517227,customer_invoice,774,165.90,isolation_forest,-0.0703,Invoice 10568 billed $165.90 vs expected $82.95
5145,2026-09-18 17:31:26.517227,customer_invoice,772,165.90,isolation_forest,-0.0703,Invoice 10537 billed $165.90 vs expected $82.95
5146,2026-09-18 17:31:26.517227,customer_invoice,838,165.90,isolation_forest,-0.0703,Invoice 11369 billed $165.90 vs expected $82.95
5147,2026-09-18 17:31:26.517227,customer_invoice,644,165.90,isolation_forest,-0.0703,Invoice 8848 billed $165.90 vs expected $82.95
5148,2026-09-18 17:31:26.517227,customer_invoice,1234,165.90,isolation_forest,-0.0703,Invoice 16773 billed $165.90 vs expected $82.95
5149,2026-09-18 17:31:26.517227,customer_invoice,1298,165.90,isolation_forest,-0.0703,Invoice 17635 billed $165.90 vs expected $82.95
5150,2026-09-18 17:31:26.517227,customer_invoice,679,165.90,isolation_forest,-0.0703,Invoice 9320 billed $165.90 vs expected $82.95
5151,2026-09-18 17:31:26.517227,customer_invoice,640,165.90,isolation_forest,-0.0703,Invoice 8793 billed $165.90 vs expected $82.95
5152,2026-09-18 17:31:26.517227,customer_invoice,1126,165.90,isolation_forest,-0.0703,Invoice 15288 billed $165.90 vs expected $82.95
5153,2026-09-18 17:31:26.517227,customer_invoice,1106,165.90,isolation_forest,-0.0703,Invoice 14966 billed $165.90 vs expected $82.95
5154,2026-09-18 17:31:26.517227,customer_invoice,1125,165.90,isolation_forest,-0.0703,Invoice 15265 billed $165.90 vs expected $82.95
5155,2026-09-18 17:31:26.517227,customer_invoice,684,165.90,isolation_forest,-0.0703,Invoice 9362 billed $165.90 vs expected $82.95
5156,2026-09-18 17:31:26.517227,customer_invoice,566,165.90,isolation_forest,-0.0703,Invoice 7768 billed $165.90 vs expected $82.95
5157,2026-09-18 17:31:26.517227,customer_invoice,347,165.90,isolation_forest,-0.0703,Invoice 4768 billed $165.90 vs expected $82.95
5158,2026-09-18 17:31:26.517227,customer_invoice,207,165.90,isolation_forest,-0.0703,Invoice 2773 billed $165.90 vs expected $82.95
5159,2026-09-18 17:31:26.517227,customer_invoice,215,165.90,isolation_forest,-0.0703,Invoice 2896 billed $165.90 vs expected $82.95
5160,2026-09-18 17:31:26.517227,customer_invoice,324,165.90,isolation_forest,-0.0703,Invoice 4434 billed $165.90 vs expected $82.95
5161,2026-09-18 17:31:26.517227,customer_invoice,152,165.90,isolation_forest,-0.0703,Invoice 1954 billed $165.90 vs expected $82.95
5162,2026-09-18 17:31:26.517227,customer_invoice,574,165.90,isolation_forest,-0.0703,Invoice 7909 billed $165.90 vs expected $82.95
5163,2026-09-18 17:31:26.517227,customer_invoice,539,165.90,isolation_forest,-0.0703,Invoice 7436 billed $165.90 vs expected $82.95
5164,2026-09-18 17:31:26.517227,customer_invoice,512,165.90,isolation_forest,-0.0703,Invoice 6985 billed $165.90 vs expected $82.95
5165,2026-09-18 17:31:26.517227,customer_invoice,232,165.90,isolation_forest,-0.0703,Invoice 3149 billed $165.90 vs expected $82.95
5166,2026-09-18 17:31:26.517227,customer_invoice,46,165.90,isolation_forest,-0.0703,Invoice 580 billed $165.90 vs expected $82.95
5167,2026-09-18 17:31:26.517227,customer_invoice,230,165.90,isolation_forest,-0.0703,Invoice 3118 billed $165.90 vs expected $82.95
5168,2026-09-18 17:31:26.517227,customer_invoice,182,165.90,isolation_forest,-0.0703,Invoice 2413 billed $165.90 vs expected $82.95
5169,2026-09-18 17:31:26.517227,customer_invoice,1327,165.90,isolation_forest,-0.0703,Invoice 18012 billed $165.90 vs expected $82.95
3493,2026-09-18 17:31:25.302266,monthly_revenue,2023-05,19502.35,zscore,2.5086,Monthly revenue z-score 2.51 vs rolling baseline
3494,2026-09-18 17:31:25.302266,monthly_revenue,2024-07,68730.38,zscore,3.0364,Monthly revenue z-score 3.04 vs rolling baseline
